article_id,title,snippet,url,source,published_at,wire,fetched_at,mention_text,osm_display,osm_type,geocoded,event_type,usdm_dm_category,usdm_dm_label,usdm_in_drought,lat,lon,run_at
https://www.nytimes.com/article/heat-wave-cause.html,What to Know About Heat Waves and Domes,,https://www.nytimes.com/article/heat-wave-cause.html,The New York Times,"04/20/2026, 07:00 AM, +0000 UTC",heat,2026-05-05T11:56:21.750143+00:00,,,,False,heat_dome,,,,,,2026-05-05T12:07:52.006734+00:00
https://www.cbc.ca/news/climate/record-heat-dome-9.7139906,Record-breaking heat dome spreads across U.S.,,https://www.cbc.ca/news/climate/record-heat-dome-9.7139906,CBC,"03/24/2026, 07:00 AM, +0000 UTC",heat,2026-05-05T11:56:21.750143+00:00,,,,False,heat_dome,,,,,,2026-05-05T12:07:52.006734+00:00
https://www.southcarolinapublicradio.org/sc-news/2026-04-15/heat-dome-to-send-temperatures-into-record-territory-across-south-carolina,Heat dome to send temperatures into record territory across South Carolina,,https://www.southcarolinapublicradio.org/sc-news/2026-04-15/heat-dome-to-send-temperatures-into-record-territory-across-south-carolina,South Carolina Public Radio,"04/15/2026, 07:00 AM, +0000 UTC",heat,2026-05-05T11:56:21.750143+00:00,South Carolina,South Carolina,state,True,heat_dome,,,,33.856892,-80.945007,2026-05-05T12:07:52.006734+00:00
https://www.worldweatherattribution.org/record-shattering-march-temperatures-in-western-north-america-virtually-impossible-without-climate-change/,Record-shattering March temperatures in Western North America virtually impossible without climate change,,https://www.worldweatherattribution.org/record-shattering-march-temperatures-in-western-north-america-virtually-impossible-without-climate-change/,World Weather Attribution,"03/20/2026, 07:00 AM, +0000 UTC",heat,2026-05-05T11:56:21.750143+00:00,Western North America,"Western North America, Wyoming",state,True,heat_event,,,,42.755966,-107.30249,2026-05-05T12:07:52.006734+00:00
https://www.climatecentral.org/climate-shift-index-alert/March-record-breaking-western-heatwave,"Record-breaking March heatwave, intensified by climate change, continues to shatter records across the U.S.",,https://www.climatecentral.org/climate-shift-index-alert/March-record-breaking-western-heatwave,Climate Central,"03/24/2026, 06:48 PM, +0000 UTC",heat,2026-05-05T11:56:21.750143+00:00,,,,False,heat_event,,,,,,2026-05-05T12:07:52.006734+00:00
https://news.cuanschutz.edu/news-stories/heat-dome-grips-the-west-what-is-it-and-how-can-it-affect-health,"Heat Dome Grips the West: What Is It, and How Can It Affect Health?",,https://news.cuanschutz.edu/news-stories/heat-dome-grips-the-west-what-is-it-and-how-can-it-affect-health,CU Anschutz newsroom,"03/18/2026, 07:00 AM, +0000 UTC",heat,2026-05-05T11:56:21.750143+00:00,,,,False,heat_dome,,,,,,2026-05-05T12:07:52.006734+00:00
https://www.accuweather.com/en/weather-forecasts/record-shattering-march-scorcher-70-million-to-bake-in-summerlike-heat-dome-into-weekend/1873771,Record-shattering March scorcher: 70 million to bake in summerlike heat dome into weekend,,https://www.accuweather.com/en/weather-forecasts/record-shattering-march-scorcher-70-million-to-bake-in-summerlike-heat-dome-into-weekend/1873771,AccuWeather,"03/16/2026, 06:54 PM, +0000 UTC",heat,2026-05-05T11:56:21.750143+00:00,,,,False,heat_dome,,,,,,2026-05-05T12:07:52.006734+00:00
https://www.aspenpublicradio.org/environment/2026-03-16/heat-dome-to-bring-record-breaking-temperatures-across-the-west,Heat dome to bring record-breaking temperatures across the West,,https://www.aspenpublicradio.org/environment/2026-03-16/heat-dome-to-bring-record-breaking-temperatures-across-the-west,Aspen Public Radio,"03/16/2026, 07:00 AM, +0000 UTC",heat,2026-05-05T11:56:21.750143+00:00,,,,False,heat_dome,,,,,,2026-05-05T12:07:52.006734+00:00
https://www.desertsun.com/story/weather/2026/03/24/california-heat-dome-eases-east-but-aboveaverage-temps-linger-into-april/89307979007/,"California's heat dome moves east, records broken, relief in sight",,https://www.desertsun.com/story/weather/2026/03/24/california-heat-dome-eases-east-but-aboveaverage-temps-linger-into-april/89307979007/,The Desert Sun,"03/24/2026, 07:00 AM, +0000 UTC",heat,2026-05-05T11:56:21.750143+00:00,California,California,state,True,heat_dome,,,,36.116203,-119.681564,2026-05-05T12:07:52.006734+00:00
https://www.nesdis.noaa.gov/news/noaas-goes-west-watches-record-heat-wave,NOAA’s GOES West Watches Record Heat Wave,,https://www.nesdis.noaa.gov/news/noaas-goes-west-watches-record-heat-wave,"National Environmental Satellite, Data, and Information Service (.gov)","03/19/2026, 07:00 AM, +0000 UTC",heat,2026-05-05T11:56:21.750143+00:00,,,,False,heat_dome,,,,,,2026-05-05T12:07:52.006734+00:00
https://www.washingtonpost.com/weather/2026/03/12/record-heat-west-drought-california-utah-arizona/,A record heat dome is about to hit the West — in March,,https://www.washingtonpost.com/weather/2026/03/12/record-heat-west-drought-california-utah-arizona/,The Washington Post,"03/12/2026, 07:00 AM, +0000 UTC",heat,2026-05-05T11:56:21.750143+00:00,california,california,state,True,heat_dome,,,,36.116203,-119.681564,2026-05-05T12:07:52.006734+00:00
https://apnews.com/article/record-heat-climate-warming-arizona-california-11dcebf8ba88cfcd3fd9bc1144a5df10,Record-smashing heat spreads: ‘Basically the entire US is going to be hot’,,https://apnews.com/article/record-heat-climate-warming-arizona-california-11dcebf8ba88cfcd3fd9bc1144a5df10,AP News,"03/24/2026, 07:00 AM, +0000 UTC",heat,2026-05-05T11:56:21.750143+00:00,arizona,arizona,state,True,heat_event,,,,33.729759,-111.431221,2026-05-05T12:07:52.006734+00:00
https://www.cbsnews.com/news/maps-us-heat-advisory-high-temperature-dome-moves-east/,"Maps show U.S. heat advisories, high temperatures as heat dome moves east",,https://www.cbsnews.com/news/maps-us-heat-advisory-high-temperature-dome-moves-east/,CBS News,"07/25/2025, 07:00 AM, +0000 UTC",heat,2026-05-05T11:56:21.750143+00:00,,,,False,heat_dome,,,,,,2026-05-05T12:07:52.006734+00:00
https://www.nbcnews.com/weather/heat/western-heat-wave-ends-records-duration-intensity-rcna265514,"As Western heat wave ends, scientists try to make sense of its length and intensity",,https://www.nbcnews.com/weather/heat/western-heat-wave-ends-records-duration-intensity-rcna265514,NBC News,"03/28/2026, 07:00 AM, +0000 UTC",heat,2026-05-05T11:56:21.750143+00:00,,,,False,heat_dome,,,,,,2026-05-05T12:07:52.006734+00:00
https://mavensnotebook.com/2026/03/15/daily-digest-weekend-edition-us-forecasts-blizzard-polar-vortex-heat-dome-and-atmospheric-river-all-at-once-caballero-bond-to-pay-for-updates-for-states-water-2026-ocean-salmon-season/,"DAILY DIGEST, weekend edition: US forecasts blizzard, polar vortex, heat dome and atmospheric river all at once; Caballero: Bond to pay for updates for state’s water; 2026 ocean salmon season set to open April 11; Los Angeles area under its earliest ever ex",,https://mavensnotebook.com/2026/03/15/daily-digest-weekend-edition-us-forecasts-blizzard-polar-vortex-heat-dome-and-atmospheric-river-all-at-once-caballero-bond-to-pay-for-updates-for-states-water-2026-ocean-salmon-season/,Maven's Notebook,"03/15/2026, 07:00 AM, +0000 UTC",heat,2026-05-05T11:56:21.750143+00:00,Los Angeles,Los Angeles,city,True,heat_dome,,,,34.052235,-118.243683,2026-05-05T12:07:52.006734+00:00
https://www.smdp.com/us-forecasts-blizzard-polar-vortex-heat-dome-and-atmospheric-river-all-at-once/,"US forecasts blizzard, polar vortex, heat dome and atmospheric river all at once",,https://www.smdp.com/us-forecasts-blizzard-polar-vortex-heat-dome-and-atmospheric-river-all-at-once/,Santa Monica Daily Press,"03/13/2026, 07:00 AM, +0000 UTC",heat,2026-05-05T11:56:21.750143+00:00,,,,False,heat_dome,,,,,,2026-05-05T12:07:52.006734+00:00
https://www.rgj.com/story/weather/2026/03/25/nevadas-record-breaking-march-heat-to-cool-down-as-heat-dome-shifts/89317746007/,Nevada saw record-breaking heat last week. Now cooler temps are ahead,,https://www.rgj.com/story/weather/2026/03/25/nevadas-record-breaking-march-heat-to-cool-down-as-heat-dome-shifts/89317746007/,Reno Gazette Journal,"03/25/2026, 07:00 AM, +0000 UTC",heat,2026-05-05T11:56:21.750143+00:00,Nevada,"Nevada, Colorado",state,True,heat_event,,,,39.059811,-105.311104,2026-05-05T12:07:52.006734+00:00
https://www.nytimes.com/article/what-is-heat-dome.html,A Short Guide to Understanding Heat Domes,,https://www.nytimes.com/article/what-is-heat-dome.html,The New York Times,"03/13/2026, 07:00 AM, +0000 UTC",heat,2026-05-05T11:56:21.750143+00:00,,,,False,heat_dome,,,,,,2026-05-05T12:07:52.006734+00:00
https://www.tennessean.com/story/weather/2026/03/30/tennessee-heat-dome-2026-spring-forecasters-outlook/89315611007/,2026 spring forecast points to warmer temperatures. Will Tennessee see a heat dome?,,https://www.tennessean.com/story/weather/2026/03/30/tennessee-heat-dome-2026-spring-forecasters-outlook/89315611007/,The Tennessean,"03/30/2026, 07:00 AM, +0000 UTC",heat,2026-05-05T11:56:21.750143+00:00,Tennessee,Tennessee,state,True,heat_dome,,,,35.747845,-86.692345,2026-05-05T12:07:52.006734+00:00
https://www.cnet.com/home/energy-and-utilities/historic-heat-dome-creeping-across-us-how-prepare/,A Historic Heat Dome Is Creeping Across the US. Here's How to Prepare,,https://www.cnet.com/home/energy-and-utilities/historic-heat-dome-creeping-across-us-how-prepare/,CNET,"03/24/2026, 07:00 AM, +0000 UTC",heat,2026-05-05T11:56:21.750143+00:00,,,,False,heat_dome,,,,,,2026-05-05T12:07:52.006734+00:00
https://www.nbcnews.com/weather/heat/blistering-heat-wave-across-western-us-rcna264506,The West's record-shattering heat wave isn't over as heat dome shifts into the Plains,,https://www.nbcnews.com/weather/heat/blistering-heat-wave-across-western-us-rcna264506,NBC News,"03/22/2026, 07:00 AM, +0000 UTC",heat,2026-05-05T11:56:21.750143+00:00,,,,False,heat_dome,,,,,,2026-05-05T12:07:52.006734+00:00
https://www.houstonchronicle.com/news/houston-weather/forecast/article/houston-weather-heat-linked-to-larger-us-pattern-22085220.php,Hot Houston weekend has ties to unusual heat dome crossing the nation,,https://www.houstonchronicle.com/news/houston-weather/forecast/article/houston-weather-heat-linked-to-larger-us-pattern-22085220.php,Houston Chronicle,"03/20/2026, 07:00 AM, +0000 UTC",heat,2026-05-05T11:56:21.750143+00:00,Houston,"Houston, Texas",city,True,heat_dome,,,,29.760427,-95.369804,2026-05-05T12:07:52.006734+00:00
https://news.oregonstate.edu/news/study-paints-detailed-picture-forest-canopy-damage-caused-%E2%80%98heat-dome%E2%80%99,Study paints detailed picture of forest canopy damage caused by ‘heat dome’,,https://news.oregonstate.edu/news/study-paints-detailed-picture-forest-canopy-damage-caused-%E2%80%98heat-dome%E2%80%99,Oregon State University,"11/04/2025, 08:00 AM, +0000 UTC",heat,2026-05-05T11:56:21.750143+00:00,,,,False,heat_dome,,,,,,2026-05-05T12:07:52.006734+00:00
https://www.cnn.com/2025/07/21/weather/heat-dome-midwest-south-east-climate,US heat dome: Extreme heat is back — here’s where it will be the worst,,https://www.cnn.com/2025/07/21/weather/heat-dome-midwest-south-east-climate,CNN,"07/21/2025, 07:00 AM, +0000 UTC",heat,2026-05-05T11:56:21.750143+00:00,midwest south east,midwest south east,region,True,heat_dome,,,,41.0,-89.0,2026-05-05T12:07:52.006734+00:00
https://www.aol.com/spring-2026-forecasts-warn-dreaded-100250712.html,New spring 2026 forecasts warn of the dreaded 'heat dome',,https://www.aol.com/spring-2026-forecasts-warn-dreaded-100250712.html,AOL.com,"03/22/2026, 07:00 AM, +0000 UTC",heat,2026-05-05T11:56:21.750143+00:00,,,,False,heat_dome,,,,,,2026-05-05T12:07:52.006734+00:00
https://www.accuweather.com/en/weather-forecasts/summerlike-heat-dome-to-send-southwest-temperatures-soaring-past-100-f/1872946,Summerlike heat dome to send Southwest temperatures soaring past 100 F,,https://www.accuweather.com/en/weather-forecasts/summerlike-heat-dome-to-send-southwest-temperatures-soaring-past-100-f/1872946,AccuWeather,"03/13/2026, 05:07 PM, +0000 UTC",heat,2026-05-05T11:56:21.750143+00:00,Southwest,Southwest,region,True,heat_dome,,,,34.048928,-111.093731,2026-05-05T12:07:52.006734+00:00
https://www.theatlantic.com/science/2026/03/west-heat-wave/686457/,There’s No Way the American West Will Have a Normal Summer,,https://www.theatlantic.com/science/2026/03/west-heat-wave/686457/,The Atlantic,"03/19/2026, 07:00 AM, +0000 UTC",heat,2026-05-05T11:56:21.750143+00:00,,,,False,heat_event,,,,,,2026-05-05T12:07:52.006734+00:00
https://www.indystar.com/story/weather/indianapolis/2026/03/22/is-indiana-in-a-heat-dome-what-is-indiana-spring-forecast-national-weather-service/89263639007/,Will Indiana see a heat dome? What to know on spring forecast,,https://www.indystar.com/story/weather/indianapolis/2026/03/22/is-indiana-in-a-heat-dome-what-is-indiana-spring-forecast-national-weather-service/89263639007/,IndyStar,"03/22/2026, 07:00 AM, +0000 UTC",heat,2026-05-05T11:56:21.750143+00:00,indiana,indiana,state,True,heat_dome,,,,39.849426,-86.258278,2026-05-05T12:07:52.006734+00:00
https://www.climatecentral.org/climate-shift-index-alert/central-eastern-us-june-2025,Almost half of the U.S. affected by climate change-driven heat wave,,https://www.climatecentral.org/climate-shift-index-alert/central-eastern-us-june-2025,Climate Central,"06/20/2025, 07:00 AM, +0000 UTC",heat,2026-05-05T11:56:21.750143+00:00,,,,False,heat_dome,,,,,,2026-05-05T12:07:52.006734+00:00
https://www.usatoday.com/story/news/weather/2026/03/21/noaa-forecast-spring-weather-heat-dome/89242999007/,New spring 2026 forecasts warn of the dreaded 'heat dome',,https://www.usatoday.com/story/news/weather/2026/03/21/noaa-forecast-spring-weather-heat-dome/89242999007/,USA Today,"03/22/2026, 07:00 AM, +0000 UTC",heat,2026-05-05T11:56:21.750143+00:00,,,,False,heat_dome,,,,,,2026-05-05T12:07:52.006734+00:00
https://www.newsweek.com/heat-dome-map-shows-states-set-for-hottest-spring-temperatures-11733473,Heat Dome Map Shows States Set For Hottest Spring Temperatures,,https://www.newsweek.com/heat-dome-map-shows-states-set-for-hottest-spring-temperatures-11733473,Newsweek,"03/25/2026, 07:00 AM, +0000 UTC",heat,2026-05-05T11:56:21.750143+00:00,,,,False,heat_dome,,,,,,2026-05-05T12:07:52.006734+00:00
https://www.koin.com/weather/rare-march-heat-dome-builds-in-the-west-what-does-it-means-for-portland/,Rare March heat dome builds in the West. What does it mean for Portland?,,https://www.koin.com/weather/rare-march-heat-dome-builds-in-the-west-what-does-it-means-for-portland/,KOIN.com,"03/16/2026, 07:00 AM, +0000 UTC",heat,2026-05-05T11:56:21.750143+00:00,Portland,Portland,city,True,heat_dome,,,,45.523064,-122.676483,2026-05-05T12:07:52.006734+00:00
https://www.yahoo.com/news/articles/april-weather-forecast-predicts-major-100310579.html,April weather forecast predicts 'major change' as heat dome moves,,https://www.yahoo.com/news/articles/april-weather-forecast-predicts-major-100310579.html,Yahoo,"03/28/2026, 07:00 AM, +0000 UTC",heat,2026-05-05T11:56:21.750143+00:00,,,,False,heat_dome,,,,,,2026-05-05T12:07:52.006734+00:00
https://phys.org/news/2026-03-north-america-dome-left-winners.html,North America 'heat dome' left winners and losers: Study,,https://phys.org/news/2026-03-north-america-dome-left-winners.html,Phys.org,"03/15/2026, 07:00 AM, +0000 UTC",heat,2026-05-05T11:56:21.750143+00:00,,,,False,heat_dome,,,,,,2026-05-05T12:07:52.006734+00:00
https://www.euronews.com/2026/03/20/pushing-extremes-to-new-levels-record-us-heat-dome-made-possible-by-climate-change,'Climate change in real time': US hit by record-shattering heatwave,,https://www.euronews.com/2026/03/20/pushing-extremes-to-new-levels-record-us-heat-dome-made-possible-by-climate-change,Euronews.com,"03/20/2026, 07:00 AM, +0000 UTC",heat,2026-05-05T11:56:21.750143+00:00,,,,False,heat_event,,,,,,2026-05-05T12:07:52.006734+00:00
https://www.click2houston.com/weather/2026/03/19/houston-get-ready-for-some-early-summer-sizzle-as-a-heat-dome-will-dominate-our-weather-pattern/,Houston! Get ready for some early summer sizzle as a heat dome will dominate our weather pattern,,https://www.click2houston.com/weather/2026/03/19/houston-get-ready-for-some-early-summer-sizzle-as-a-heat-dome-will-dominate-our-weather-pattern/,Click2Houston,"03/19/2026, 07:00 AM, +0000 UTC",heat,2026-05-05T11:56:21.750143+00:00,Houston,Houston,city,True,heat_dome,,,,29.760427,-95.369804,2026-05-05T12:07:52.006734+00:00
https://www.sfchronicle.com/weather/article/california-heat-wave-science-22079635.php,It’s still winter. So why is California facing 100-degree heat?,,https://www.sfchronicle.com/weather/article/california-heat-wave-science-22079635.php,San Francisco Chronicle,"03/17/2026, 07:00 AM, +0000 UTC",heat,2026-05-05T11:56:21.750143+00:00,California,"California, Texas",state,True,heat_event,,,,36.116203,-119.681564,2026-05-05T12:07:52.006734+00:00
https://www.yahoo.com/news/articles/meteorologist-issues-warning-heat-dome-040000429.html,Meteorologist issues warning as heat dome creeps across country: 'The entire US is going to be hot',,https://www.yahoo.com/news/articles/meteorologist-issues-warning-heat-dome-040000429.html,Yahoo,"03/25/2026, 07:00 AM, +0000 UTC",heat,2026-05-05T11:56:21.750143+00:00,,,,False,heat_dome,,,,,,2026-05-05T12:07:52.006734+00:00
https://pv-magazine-usa.com/2026/04/03/heat-dome-and-high-pressure-boost-southern-u-s-solar-as-polar-vortex-clouds-the-north/,Heat dome and high pressure boost southern U.S. solar as polar vortex clouds the north,,https://pv-magazine-usa.com/2026/04/03/heat-dome-and-high-pressure-boost-southern-u-s-solar-as-polar-vortex-clouds-the-north/,pv magazine USA,"04/03/2026, 07:00 AM, +0000 UTC",heat,2026-05-05T11:56:21.750143+00:00,,,,False,heat_dome,,,,,,2026-05-05T12:07:52.006734+00:00
https://www.scientificamerican.com/article/heat-domes-extreme-heat-and-humidity-triggers-alerts-across-eastern-u-s/,A Massive Heat Dome Is Cooking the Eastern U.S.,,https://www.scientificamerican.com/article/heat-domes-extreme-heat-and-humidity-triggers-alerts-across-eastern-u-s/,Scientific American,"07/23/2025, 07:00 AM, +0000 UTC",heat,2026-05-05T11:56:21.750143+00:00,,,,False,heat_dome,,,,,,2026-05-05T12:07:52.006734+00:00
https://www.cbsnews.com/news/heat-dome-map-2025-south-midwest-forecast/,"Heat dome map shows dangerous temperatures across U.S. Corn Belt, parts of the South",,https://www.cbsnews.com/news/heat-dome-map-2025-south-midwest-forecast/,CBS News,"07/21/2025, 07:00 AM, +0000 UTC",heat,2026-05-05T11:56:21.750143+00:00,south midwest,south midwest,region,True,heat_dome,,,,41.0,-89.0,2026-05-05T12:07:52.006734+00:00
https://www.scientificamerican.com/article/heat-dome-temperatures-may-break-records-in-eastern-u-s/,This Heat Dome Isn’t Letting Up—It’s Just Getting Hotter,,https://www.scientificamerican.com/article/heat-dome-temperatures-may-break-records-in-eastern-u-s/,Scientific American,"07/25/2025, 07:00 AM, +0000 UTC",heat,2026-05-05T11:56:21.750143+00:00,,,,False,heat_dome,,,,,,2026-05-05T12:07:52.006734+00:00
https://www.theguardian.com/us-news/2025/jul/25/heat-dome-dangerous-conditions-100-million-people,US heat dome causes dangerous conditions for more than 100 million people,,https://www.theguardian.com/us-news/2025/jul/25/heat-dome-dangerous-conditions-100-million-people,The Guardian,"07/25/2025, 07:00 AM, +0000 UTC",heat,2026-05-05T11:56:21.750143+00:00,,,,False,heat_dome,,,,,,2026-05-05T12:07:52.006734+00:00
https://www.severe-weather.eu/global-weather/christmas-2025-forecast-warmest-on-record-holidays-historic-heat-dome-united-states-mk/,Christmas 2025 Forecast: Warmest Holidays since the 1950s under a Historic Heat Dome,,https://www.severe-weather.eu/global-weather/christmas-2025-forecast-warmest-on-record-holidays-historic-heat-dome-united-states-mk/,Severe Weather Europe,"12/21/2025, 08:00 AM, +0000 UTC",heat,2026-05-05T11:56:21.750143+00:00,,,,False,heat_dome,,,,,,2026-05-05T12:07:52.006734+00:00
https://www.newsweek.com/us-weather-prediction-spring-2026-heat-dome-11717091,US Weather Prediction for Spring 2026 Warns of ‘Heat Dome’,,https://www.newsweek.com/us-weather-prediction-spring-2026-heat-dome-11717091,Newsweek,"03/22/2026, 07:00 AM, +0000 UTC",heat,2026-05-05T11:56:21.750143+00:00,,,,False,heat_dome,,,,,,2026-05-05T12:07:52.006734+00:00
https://weather.com/forecast/regional/news/2025-07-18-heat-dome-heat-wave-forecast-south-midwest-july,"Heat Dome Baking South, Midwest Is Now Spreading To Northeast",,https://weather.com/forecast/regional/news/2025-07-18-heat-dome-heat-wave-forecast-south-midwest-july,The Weather Channel,"07/24/2025, 07:00 AM, +0000 UTC",heat,2026-05-05T11:56:21.750143+00:00,Midwest,Midwest,region,True,heat_dome,,,,41.0,-89.0,2026-05-05T12:07:52.006734+00:00
https://country.iheart.com/content/2026-03-13-all-50-us-states-could-face-extreme-weather-including-blizzard-heat-dome/,"All 50 US States Could Face Extreme Weather Including Blizzard, Heat Dome",,https://country.iheart.com/content/2026-03-13-all-50-us-states-could-face-extreme-weather-including-blizzard-heat-dome/,iHeart,"03/13/2026, 07:00 AM, +0000 UTC",heat,2026-05-05T11:56:21.750143+00:00,,,,False,heat_dome,,,,,,2026-05-05T12:07:52.006734+00:00
https://weather.com/forecast/regional/news/2025-06-23-heat-dome-heat-wave-forecast-northeast-midwest,"Heat Wave For Northeast, Midwest To Ease For Some",,https://weather.com/forecast/regional/news/2025-06-23-heat-dome-heat-wave-forecast-northeast-midwest,The Weather Channel,"06/25/2025, 07:00 AM, +0000 UTC",heat,2026-05-05T11:56:21.750143+00:00,Midwest,Midwest,region,True,heat_dome,,,,41.0,-89.0,2026-05-05T12:07:52.006734+00:00
https://www.foxweather.com/weather-news/heat-dome-southeast,Life-threatening heat dome broils millions across eastern US as records tumble,,https://www.foxweather.com/weather-news/heat-dome-southeast,FOX Weather,"07/29/2025, 07:00 AM, +0000 UTC",heat,2026-05-05T11:56:21.750143+00:00,,,,False,heat_dome,,,,,,2026-05-05T12:07:52.006734+00:00
https://www.nationalgeographic.com/environment/article/what-is-heat-dome,What is a heat dome? The climate phenomenon behind record heat,,https://www.nationalgeographic.com/environment/article/what-is-heat-dome,National Geographic,"06/23/2025, 07:00 AM, +0000 UTC",heat,2026-05-05T11:56:21.750143+00:00,,,,False,heat_dome,,,,,,2026-05-05T12:07:52.006734+00:00
https://grist.org/extreme-heat/the-science-behind-the-heat-dome-a-mosh-pit-of-molecules/,The science behind the heat dome — ‘a mosh pit’ of molecules,,https://grist.org/extreme-heat/the-science-behind-the-heat-dome-a-mosh-pit-of-molecules/,grist.org,"07/22/2025, 07:00 AM, +0000 UTC",heat,2026-05-05T11:56:21.750143+00:00,,,,False,heat_dome,,,,,,2026-05-05T12:07:52.006734+00:00
https://www.thestate.com/news/state/south-carolina/article315157627.html,Is dreaded heat dome headed to SC? Here’s the latest spring weather forecast,,https://www.thestate.com/news/state/south-carolina/article315157627.html,The State,"03/24/2026, 07:00 AM, +0000 UTC",heat,2026-05-05T11:56:21.750143+00:00,south carolina,south carolina,state,True,heat_dome,,,,33.856892,-80.945007,2026-05-05T12:07:52.006734+00:00
https://news.sky.com/story/us-suffers-hottest-march-day-ever-recorded-as-heat-dome-drives-up-temperatures-13522180,US suffers hottest March day ever recorded as heat dome drives up temperatures,,https://news.sky.com/story/us-suffers-hottest-march-day-ever-recorded-as-heat-dome-drives-up-temperatures-13522180,Sky News,"03/20/2026, 07:00 AM, +0000 UTC",heat,2026-05-05T11:56:21.750143+00:00,,,,False,heat_dome,,,,,,2026-05-05T12:07:52.006734+00:00
https://weather.com/forecast/regional/news/2026-03-23-march-record-heat-wave-southwest-plains-california-arizona-0,"Historic March Heat Wave Smashed US And Monthly Records In Over 180 Cities, From California To The East",,https://weather.com/forecast/regional/news/2026-03-23-march-record-heat-wave-southwest-plains-california-arizona-0,The Weather Channel,"03/20/2026, 07:00 AM, +0000 UTC",heat,2026-05-05T11:56:21.750143+00:00,California,California,state,True,heat_dome,,,,36.116203,-119.681564,2026-05-05T12:07:52.006734+00:00
https://www.expressnews.com/san-antonio-weather/forecast/article/heat-dome-south-texas-temperatures-thursday-22083268.php,Rain-killing heat dome out west is headed for Texas. Here's what to expect this weekend.,,https://www.expressnews.com/san-antonio-weather/forecast/article/heat-dome-south-texas-temperatures-thursday-22083268.php,San Antonio Express-News,"03/19/2026, 07:00 AM, +0000 UTC",heat,2026-05-05T11:56:21.750143+00:00,Texas,Texas,state,True,heat_dome,,,,31.054487,-97.563461,2026-05-05T12:07:52.006734+00:00
https://www.washingtonpost.com/weather/2026/03/18/record-heat-wave-west-california-arizona/,It’s so hot in the West that temperatures may even break April records soon,,https://www.washingtonpost.com/weather/2026/03/18/record-heat-wave-west-california-arizona/,The Washington Post,"03/18/2026, 07:00 AM, +0000 UTC",heat,2026-05-05T11:56:21.750143+00:00,west california,west california,state,True,heat_event,,,,36.116203,-119.681564,2026-05-05T12:07:52.006734+00:00
https://www.azcentral.com/story/news/local/arizona-environment/2026/03/18/heat-dome-will-push-phoenix-temperatures-past-100-degrees/89202023007/,Where did the Phoenix heat wave come from and when will it end?,,https://www.azcentral.com/story/news/local/arizona-environment/2026/03/18/heat-dome-will-push-phoenix-temperatures-past-100-degrees/89202023007/,The Arizona Republic,"03/18/2026, 07:00 AM, +0000 UTC",heat,2026-05-05T11:56:21.750143+00:00,Phoenix,Phoenix,city,True,heat_dome,,,,33.448376,-112.074036,2026-05-05T12:07:52.006734+00:00
https://www.mensjournal.com/news/excessive-heat-warning-issued-as-100-degree-temperatures-record-march-highs-forecast-this-week,"Excessive Heat Warning Issued as 100-Degree Temperatures, Record March Highs Forecast This Week",,https://www.mensjournal.com/news/excessive-heat-warning-issued-as-100-degree-temperatures-record-march-highs-forecast-this-week,Men's Journal,"03/11/2026, 07:00 AM, +0000 UTC",heat,2026-05-05T11:56:21.750143+00:00,,,,False,heat_warning,,,,,,2026-05-05T12:07:52.006734+00:00
https://www.scientificamerican.com/article/tampa-breaks-heat-record-as-heat-dome-bakes-eastern-u-s/,Scorching Heat Dome Sends Tampa to 100 Degrees F for the First Time,,https://www.scientificamerican.com/article/tampa-breaks-heat-record-as-heat-dome-bakes-eastern-u-s/,Scientific American,"07/28/2025, 07:00 AM, +0000 UTC",heat,2026-05-05T11:56:21.750143+00:00,,,,False,heat_dome,,,,,,2026-05-05T12:07:52.006734+00:00
https://www.greenvilleonline.com/story/weather/2026/03/24/south-carolina-spring-2026-outlook-above-average-temps-is-it-heat-dome/89298099007/,What’s driving the spring sizzle in SC? Latest 2026 spring outlook,,https://www.greenvilleonline.com/story/weather/2026/03/24/south-carolina-spring-2026-outlook-above-average-temps-is-it-heat-dome/89298099007/,Greenville Online,"03/24/2026, 07:00 AM, +0000 UTC",heat,2026-05-05T11:56:21.750143+00:00,south carolina,south carolina,state,True,heat_event,,,,33.856892,-80.945007,2026-05-05T12:07:52.006734+00:00
https://www.severe-weather.eu/global-weather/heat-dome-heatwave-united-states-canada-sweltering-hot-weather-july-2025-mk/,"Heat Dome returns over east central U.S. next week, expands west and north into Canada through the end of July",,https://www.severe-weather.eu/global-weather/heat-dome-heatwave-united-states-canada-sweltering-hot-weather-july-2025-mk/,Severe Weather Europe,"07/19/2025, 07:00 AM, +0000 UTC",heat,2026-05-05T11:56:21.750143+00:00,,,,False,heat_dome,,,,,,2026-05-05T12:07:52.006734+00:00
https://www.opb.org/article/2026/03/16/heat-dome-weather-oregon-forecast-first-look/,"OPB’s First Look: Goodbye, flood watch. Hello, heat dome?",,https://www.opb.org/article/2026/03/16/heat-dome-weather-oregon-forecast-first-look/,Oregon Public Broadcasting - OPB,"03/16/2026, 07:00 AM, +0000 UTC",heat,2026-05-05T11:56:21.750143+00:00,oregon,oregon,state,True,heat_dome,,,,44.572021,-122.070938,2026-05-05T12:07:52.006734+00:00
https://www.aol.com/wests-record-shattering-heat-wave-160746066.html,The West's record-shattering heat wave isn't over as heat dome shifts into the Plains,,https://www.aol.com/wests-record-shattering-heat-wave-160746066.html,AOL.com,"03/22/2026, 07:00 AM, +0000 UTC",heat,2026-05-05T11:56:21.750143+00:00,,,,False,heat_dome,,,,,,2026-05-05T12:07:52.006734+00:00
https://www.usatoday.com/story/news/nation/2025/07/21/heat-dome-extreme-temperatures/85304631007/,Heat dome to push extreme temperatures across much of US this week,,https://www.usatoday.com/story/news/nation/2025/07/21/heat-dome-extreme-temperatures/85304631007/,USA Today,"07/21/2025, 07:00 AM, +0000 UTC",heat,2026-05-05T11:56:21.750143+00:00,,,,False,heat_dome,,,,,,2026-05-05T12:07:52.006734+00:00
https://www.accuweather.com/en/weather-news/heat-advisory/1797625,100 million to swelter daily in massive US heat dome,,https://www.accuweather.com/en/weather-news/heat-advisory/1797625,AccuWeather,"07/22/2025, 07:00 AM, +0000 UTC",heat,2026-05-05T11:56:21.750143+00:00,,,,False,heat_dome,,,,,,2026-05-05T12:07:52.006734+00:00
https://www.cbsnews.com/news/heat-wave-forecast-us-maps-this-week/,When will the heat wave end? Maps show forecast across the U.S.,,https://www.cbsnews.com/news/heat-wave-forecast-us-maps-this-week/,CBS News,"06/26/2025, 07:00 AM, +0000 UTC",heat,2026-05-05T11:56:21.750143+00:00,,,,False,heat_dome,,,,,,2026-05-05T12:07:52.006734+00:00
https://www.pbs.org/newshour/nation/eastern-half-of-u-s-bakes-under-heat-dome-with-more-days-of-dangerous-temperatures-ahead,"Eastern half of U.S. bakes under heat dome, with more days of dangerous temperatures ahead",,https://www.pbs.org/newshour/nation/eastern-half-of-u-s-bakes-under-heat-dome-with-more-days-of-dangerous-temperatures-ahead,PBS,"06/22/2025, 07:00 AM, +0000 UTC",heat,2026-05-05T11:56:21.750143+00:00,,,,False,heat_dome,,,,,,2026-05-05T12:07:52.006734+00:00
https://www.accuweather.com/en/weather-forecasts/building-western-us-heat-dome-may-set-records-cause-wildfires-to-surge/1801605,"Building western US heat dome may set records, cause wildfires to surge",,https://www.accuweather.com/en/weather-forecasts/building-western-us-heat-dome-may-set-records-cause-wildfires-to-surge/1801605,AccuWeather,"08/02/2025, 06:16 PM, +0000 UTC",heat,2026-05-05T11:56:21.750143+00:00,,,,False,heat_dome,,,,,,2026-05-05T12:07:52.006734+00:00
https://globalnews.ca/news/11729307/us-weather-blizzard-polar-vortex-heat-dome-atmospheric-river/,"A blizzard, polar vortex, heat dome and atmospheric river: U.S. faces weather chaos - National",,https://globalnews.ca/news/11729307/us-weather-blizzard-polar-vortex-heat-dome-atmospheric-river/,Global News,"03/13/2026, 07:00 AM, +0000 UTC",heat,2026-05-05T11:56:21.750143+00:00,,,,False,heat_dome,,,,,,2026-05-05T12:07:52.006734+00:00
https://m.economictimes.com/news/international/us/u-s-weather-forecast-update-heatwave-alert-heat-dome-in-14-states-as-temperature-boils-in-california-arizona-nevada-kansas-other-areas/articleshow/129765157.cms,"U.S. weather forecast update heatwave alert: Heat dome in 14 states as temperature boils in California, Ar",,https://m.economictimes.com/news/international/us/u-s-weather-forecast-update-heatwave-alert-heat-dome-in-14-states-as-temperature-boils-in-california-arizona-nevada-kansas-other-areas/articleshow/129765157.cms,The Economic Times,"03/24/2026, 07:00 AM, +0000 UTC",heat,2026-05-05T11:56:21.750143+00:00,U.S.,"U.S., California",state,True,heat_dome,,,,36.116203,-119.681564,2026-05-05T12:07:52.006734+00:00
https://www.gpb.org/news/2025/06/23/georgia-will-experience-heat-dome-week-heres-what-means-and-how-you-can-prepare,Georgia will experience a heat dome this week. Here's what that means and how you can prepare,,https://www.gpb.org/news/2025/06/23/georgia-will-experience-heat-dome-week-heres-what-means-and-how-you-can-prepare,Georgia Public Broadcasting,"06/23/2025, 07:00 AM, +0000 UTC",heat,2026-05-05T11:56:21.750143+00:00,Georgia,Georgia,state,True,heat_dome,,,,33.040619,-83.643074,2026-05-05T12:07:52.006734+00:00
https://www.macon.com/news/state/georgia/article315154763.html,Is dreaded heat dome headed to GA? Here’s the latest spring weather forecast,,https://www.macon.com/news/state/georgia/article315154763.html,Macon Telegraph,"03/24/2026, 07:00 AM, +0000 UTC",heat,2026-05-05T11:56:21.750143+00:00,georgia,georgia,state,True,heat_dome,,,,33.040619,-83.643074,2026-05-05T12:07:52.006734+00:00
https://www.stl.news/historic-heat-dome-expanding-to-envelop-almost-the-entire-united-states/,Historic heat dome expanding to envelop almost the entire United States.,,https://www.stl.news/historic-heat-dome-expanding-to-envelop-almost-the-entire-united-states/,stl.news,"03/24/2026, 07:00 AM, +0000 UTC",heat,2026-05-05T11:56:21.750143+00:00,,,,False,heat_dome,,,,,,2026-05-05T12:07:52.006734+00:00
https://watchers.news/2025/06/20/extreme-heat-alerts-central-eastern-usa-heat-dome/,"Extreme heat alerts issued for central, eastern U.S. as heat dome builds June 20 onwards",,https://watchers.news/2025/06/20/extreme-heat-alerts-central-eastern-usa-heat-dome/,The Watchers - Watching the world evolve and transform,"06/20/2025, 07:00 AM, +0000 UTC",heat,2026-05-05T11:56:21.750143+00:00,,,,False,heat_dome,,,,,,2026-05-05T12:07:52.006734+00:00
https://time.com/7296973/more-heat-domes-climate-change/,Is Climate Change Making Heat Domes More Likely?,,https://time.com/7296973/more-heat-domes-climate-change/,Time Magazine,"06/23/2025, 07:00 AM, +0000 UTC",heat,2026-05-05T11:56:21.750143+00:00,,,,False,heat_dome,,,,,,2026-05-05T12:07:52.006734+00:00
https://www.greenmatters.com/pn/record-breaking-march-heat-dome-to-hit-west-coast-soon-these-cities-will-face-the-worst-of-it,Record-Breaking March ‘Heat Dome’ To Hit West Coast Soon — These Cities Will Face The Worst of It,,https://www.greenmatters.com/pn/record-breaking-march-heat-dome-to-hit-west-coast-soon-these-cities-will-face-the-worst-of-it,Green Matters,"03/13/2026, 07:00 AM, +0000 UTC",heat,2026-05-05T11:56:21.750143+00:00,,,,False,heat_dome,,,,,,2026-05-05T12:07:52.006734+00:00
https://www.foxweather.com/weather-news/heat-dome-ring-fire-storms-weather-pattern-us-forecast,Life-threatening heat dome intensifies as ring of fire storms rumble across central US,,https://www.foxweather.com/weather-news/heat-dome-ring-fire-storms-weather-pattern-us-forecast,FOX Weather,"07/21/2025, 07:00 AM, +0000 UTC",heat,2026-05-05T11:56:21.750143+00:00,,,,False,heat_dome,,,,,,2026-05-05T12:07:52.006734+00:00
https://www.foxweather.com/weather-news/heat-dome-temperature-records-south-central-east,Severe storms rumble through Northeast heat dome with reports of damaging winds,,https://www.foxweather.com/weather-news/heat-dome-temperature-records-south-central-east,FOX Weather,"07/25/2025, 07:00 AM, +0000 UTC",heat,2026-05-05T11:56:21.750143+00:00,,,,False,heat_dome,,,,,,2026-05-05T12:07:52.006734+00:00
https://www.delawareonline.com/story/news/2025/07/21/heat-dome-hitting-delaware-national-weather-service/85306472007/,Is a heat dome coming to Delaware? Here's what we know about potential extreme heat,,https://www.delawareonline.com/story/news/2025/07/21/heat-dome-hitting-delaware-national-weather-service/85306472007/,Delawareonline.com,"07/21/2025, 07:00 AM, +0000 UTC",heat,2026-05-05T11:56:21.750143+00:00,Delaware,Delaware,state,True,heat_dome,,,,39.318523,-75.507141,2026-05-05T12:07:52.006734+00:00
https://www.washingtonpost.com/weather/2025/06/19/maps-extreme-heat-humidity-forecast/,A heat dome is about to bring extreme heat and humidity to more than 200 million,,https://www.washingtonpost.com/weather/2025/06/19/maps-extreme-heat-humidity-forecast/,The Washington Post,"06/20/2025, 07:00 AM, +0000 UTC",heat,2026-05-05T11:56:21.750143+00:00,,,,False,heat_dome,,,,,,2026-05-05T12:07:52.006734+00:00
https://www.deseret.com/environment/2026/03/13/massive-heat-dome-over-the-west/,‘Unprecedented’ heat to reach most of the West starting next week,,https://www.deseret.com/environment/2026/03/13/massive-heat-dome-over-the-west/,Deseret News,"03/13/2026, 07:00 AM, +0000 UTC",heat,2026-05-05T11:56:21.750143+00:00,,,,False,heat_event,,,,,,2026-05-05T12:07:52.006734+00:00
https://www.theguardian.com/us-news/2025/jun/20/heat-dome-warning-central-eastern-us,Millions of people across central and eastern US under ‘heat dome’ warning,,https://www.theguardian.com/us-news/2025/jun/20/heat-dome-warning-central-eastern-us,The Guardian,"06/20/2025, 07:00 AM, +0000 UTC",heat,2026-05-05T11:56:21.750143+00:00,,,,False,heat_dome,,,,,,2026-05-05T12:07:52.006734+00:00
https://www.cnn.com/2025/06/21/weather/heat-dome-climate,"A potent heat dome is building over the US, sending temperatures into the triple digits",,https://www.cnn.com/2025/06/21/weather/heat-dome-climate,CNN,"06/18/2025, 07:00 AM, +0000 UTC",heat,2026-05-05T11:56:21.750143+00:00,,,,False,heat_dome,,,,,,2026-05-05T12:07:52.006734+00:00
https://www.10tv.com/article/weather/weather-blog/extreme-heat-ohio-high-temperatures/530-2b284d7e-24e0-4b86-9591-8de019e3a623,NWS issues Heat Advisories for Ohio as summer kicks off with temps soaring to 90s,,https://www.10tv.com/article/weather/weather-blog/extreme-heat-ohio-high-temperatures/530-2b284d7e-24e0-4b86-9591-8de019e3a623,10TV,"06/20/2025, 07:00 AM, +0000 UTC",heat,2026-05-05T11:56:21.750143+00:00,Ohio,Ohio,state,True,heat_event,,,,40.388783,-82.764915,2026-05-05T12:07:52.006734+00:00
https://www.msn.com/en-us/weather/topstories/historic-heat-dome-to-roast-14-us-states-with-triple-digit-temperatures-months-ahead-of-schedule/ar-AA1YKITL,Historic heat dome to roast 14 US states with triple-digit temperatures months ahead of schedule,,https://www.msn.com/en-us/weather/topstories/historic-heat-dome-to-roast-14-us-states-with-triple-digit-temperatures-months-ahead-of-schedule/ar-AA1YKITL,MSN,"03/16/2026, 07:00 AM, +0000 UTC",heat,2026-05-05T11:56:21.750143+00:00,,,,False,heat_dome,,,,,,2026-05-05T12:07:52.006734+00:00
https://www.inkfreenews.com/2026/03/26/will-indiana-see-heat-dome-what-to-know-on-spring-forecast/,Will Indiana See Heat Dome? What To Know On Spring Forecast,,https://www.inkfreenews.com/2026/03/26/will-indiana-see-heat-dome-what-to-know-on-spring-forecast/,InkFreeNews.com,"03/26/2026, 07:00 AM, +0000 UTC",heat,2026-05-05T11:56:21.750143+00:00,indiana,indiana,state,True,heat_dome,,,,39.849426,-86.258278,2026-05-05T12:07:52.006734+00:00
https://watchers.news/2025/06/23/record-breaking-heat-grips-central-eastern-usa-heat-dome-intensifies/,Record-breaking heat grips central and eastern U.S. as heat dome intensifies,,https://watchers.news/2025/06/23/record-breaking-heat-grips-central-eastern-usa-heat-dome-intensifies/,The Watchers - Watching the world evolve and transform,"06/23/2025, 07:00 AM, +0000 UTC",heat,2026-05-05T11:56:21.750143+00:00,,,,False,heat_dome,,,,,,2026-05-05T12:07:52.006734+00:00
https://www.usatoday.com/story/news/nation/2025/07/22/heat-dome-weather-hot-temperatures/85319399007/,"Heat dome is scorching the South, moving toward the East: What you can expect",,https://www.usatoday.com/story/news/nation/2025/07/22/heat-dome-weather-hot-temperatures/85319399007/,USA Today,"07/22/2025, 07:00 AM, +0000 UTC",heat,2026-05-05T11:56:21.750143+00:00,,,,False,heat_dome,,,,,,2026-05-05T12:07:52.006734+00:00
https://www.severe-weather.eu/global-weather/heat-dome-intense-heatwave-summer-2025-united-states-mk/,"Heat Dome develops over the U.S. by the weekend, intensifying a heatwave into the next week",,https://www.severe-weather.eu/global-weather/heat-dome-intense-heatwave-summer-2025-united-states-mk/,Severe Weather Europe,"06/19/2025, 07:00 AM, +0000 UTC",heat,2026-05-05T11:56:21.750143+00:00,,,,False,heat_dome,,,,,,2026-05-05T12:07:52.006734+00:00
https://www.foxweather.com/weather-news/heat-wave-dome-northeast-mid-atlantic-new-england-summer-2025,Century-old temperature records tumble as heat dome bakes millions in Northeast,,https://www.foxweather.com/weather-news/heat-wave-dome-northeast-mid-atlantic-new-england-summer-2025,FOX Weather,"06/23/2025, 07:00 AM, +0000 UTC",heat,2026-05-05T11:56:21.750143+00:00,,,,False,heat_dome,,,,,,2026-05-05T12:07:52.006734+00:00
https://www.accuweather.com/en/weather-forecasts/100-degree-heat-dome-to-set-up-shop-over-southern-us/1796367,100-degree heat dome to set up shop over southern US,,https://www.accuweather.com/en/weather-forecasts/100-degree-heat-dome-to-set-up-shop-over-southern-us/1796367,AccuWeather,"07/18/2025, 05:22 PM, +0000 UTC",heat,2026-05-05T11:56:21.750143+00:00,,,,False,heat_dome,,,,,,2026-05-05T12:07:52.006734+00:00
https://www.axios.com/2025/07/22/heat-wave-dome-corn-sweat-forecast,"A heat dome and ""corn sweat"" are driving this week's dangerous heat wave",,https://www.axios.com/2025/07/22/heat-wave-dome-corn-sweat-forecast,Axios,"07/22/2025, 07:00 AM, +0000 UTC",heat,2026-05-05T11:56:21.750143+00:00,,,,False,heat_dome,,,,,,2026-05-05T12:07:52.006734+00:00
https://www.nbcnews.com/weather/heat/eastern-half-us-sweltering-dangerous-heat-wave-expected-last-midweek-rcna214385,"Eastern half of U.S. sweltering again, with dangerous heat wave expected to last until midweek",,https://www.nbcnews.com/weather/heat/eastern-half-us-sweltering-dangerous-heat-wave-expected-last-midweek-rcna214385,NBC News,"06/22/2025, 07:00 AM, +0000 UTC",heat,2026-05-05T11:56:21.750143+00:00,,,,False,heat_dome,,,,,,2026-05-05T12:07:52.006734+00:00
https://www.cbc.ca/news/climate/record-heat-dome-9.7139906,Record-breaking heat dome spreads across U.S.,,https://www.cbc.ca/news/climate/record-heat-dome-9.7139906,CBC,"03/24/2026, 07:00 AM, +0000 UTC",heat,2026-05-07T11:42:27.888679+00:00,,,,False,heat_dome,,,,,,2026-05-07T11:55:19.896910+00:00
https://www.climatecentral.org/climate-shift-index-alert/March-record-breaking-western-heatwave,"Record-breaking March heatwave, intensified by climate change, continues to shatter records across the U.S.",,https://www.climatecentral.org/climate-shift-index-alert/March-record-breaking-western-heatwave,Climate Central,"03/24/2026, 06:48 PM, +0000 UTC",heat,2026-05-07T11:42:27.888679+00:00,,,,False,heat_event,,,,,,2026-05-07T11:55:19.896910+00:00
https://news.cuanschutz.edu/news-stories/heat-dome-grips-the-west-what-is-it-and-how-can-it-affect-health,"Heat Dome Grips the West: What Is It, and How Can It Affect Health?",,https://news.cuanschutz.edu/news-stories/heat-dome-grips-the-west-what-is-it-and-how-can-it-affect-health,University of Colorado Anschutz,"03/18/2026, 07:00 AM, +0000 UTC",heat,2026-05-07T11:42:27.888679+00:00,,,,False,heat_dome,,,,,,2026-05-07T11:55:19.896910+00:00
https://www.aspenpublicradio.org/environment/2026-03-16/heat-dome-to-bring-record-breaking-temperatures-across-the-west,Heat dome to bring record-breaking temperatures across the West,,https://www.aspenpublicradio.org/environment/2026-03-16/heat-dome-to-bring-record-breaking-temperatures-across-the-west,Aspen Public Radio,"03/16/2026, 07:00 AM, +0000 UTC",heat,2026-05-07T11:42:27.888679+00:00,,,,False,heat_dome,,,,,,2026-05-07T11:55:19.896910+00:00
https://www.nesdis.noaa.gov/news/noaas-goes-west-watches-record-heat-wave,NOAA’s GOES West Watches Record Heat Wave,,https://www.nesdis.noaa.gov/news/noaas-goes-west-watches-record-heat-wave,"National Environmental Satellite, Data, and Information Service (.gov)","03/19/2026, 07:00 AM, +0000 UTC",heat,2026-05-07T11:42:27.888679+00:00,,,,False,heat_dome,,,,,,2026-05-07T11:55:19.896910+00:00
https://www.nbcnews.com/weather/heat/western-heat-wave-ends-records-duration-intensity-rcna265514,"As Western heat wave ends, scientists try to make sense of its length and intensity",,https://www.nbcnews.com/weather/heat/western-heat-wave-ends-records-duration-intensity-rcna265514,NBC News,"03/28/2026, 07:00 AM, +0000 UTC",heat,2026-05-07T11:42:27.888679+00:00,,,,False,heat_dome,,,,,,2026-05-07T11:55:19.896910+00:00
https://www.pbs.org/newshour/nation/u-s-forecasts-blizzard-polar-vortex-heat-dome-and-atmospheric-river-all-at-once,"U.S. forecasts blizzard, polar vortex, heat dome and atmospheric river all at once",,https://www.pbs.org/newshour/nation/u-s-forecasts-blizzard-polar-vortex-heat-dome-and-atmospheric-river-all-at-once,PBS,"03/13/2026, 07:00 AM, +0000 UTC",heat,2026-05-07T11:42:27.888679+00:00,,,,False,heat_dome,,,,,,2026-05-07T11:55:19.896910+00:00
https://www.cbsnews.com/news/maps-us-heat-advisory-high-temperature-dome-moves-east/,"Maps show U.S. heat advisories, high temperatures as heat dome moves east",,https://www.cbsnews.com/news/maps-us-heat-advisory-high-temperature-dome-moves-east/,CBS News,"07/25/2025, 07:00 AM, +0000 UTC",heat,2026-05-07T11:42:27.888679+00:00,,,,False,heat_dome,,,,,,2026-05-07T11:55:19.896910+00:00
https://www.cnet.com/home/energy-and-utilities/historic-heat-dome-creeping-across-us-how-prepare/,A Historic Heat Dome Is Creeping Across the US. Here's How to Prepare,,https://www.cnet.com/home/energy-and-utilities/historic-heat-dome-creeping-across-us-how-prepare/,CNET,"03/24/2026, 07:00 AM, +0000 UTC",heat,2026-05-07T11:42:27.888679+00:00,,,,False,heat_dome,,,,,,2026-05-07T11:55:19.896910+00:00
https://www.nytimes.com/2026/03/14/weather/west-coast-heat-wave-la-phoenix.html,5 Things to Know About the Unusual March Heat Wave in the West,,https://www.nytimes.com/2026/03/14/weather/west-coast-heat-wave-la-phoenix.html,The New York Times,"03/14/2026, 07:00 AM, +0000 UTC",heat,2026-05-07T11:42:27.888679+00:00,,,,False,heat_dome,,,,,,2026-05-07T11:55:19.896910+00:00
https://www.usatoday.com/story/news/weather/2026/03/28/april-weather-forecast-heat-dome/89347353007/,April weather forecast predicts 'major change' as heat dome moves,,https://www.usatoday.com/story/news/weather/2026/03/28/april-weather-forecast-heat-dome/89347353007/,USA Today,"03/28/2026, 07:00 AM, +0000 UTC",heat,2026-05-07T11:42:27.888679+00:00,,,,False,heat_dome,,,,,,2026-05-07T11:55:19.896910+00:00
https://www.theatlantic.com/science/2026/03/west-heat-wave/686457/,There’s No Way the American West Will Have a Normal Summer,,https://www.theatlantic.com/science/2026/03/west-heat-wave/686457/,The Atlantic,"03/19/2026, 07:00 AM, +0000 UTC",heat,2026-05-07T11:42:27.888679+00:00,,,,False,heat_event,,,,,,2026-05-07T11:55:19.896910+00:00
https://news.oregonstate.edu/news/study-paints-detailed-picture-forest-canopy-damage-caused-%E2%80%98heat-dome%E2%80%99,Study paints detailed picture of forest canopy damage caused by ‘heat dome’,,https://news.oregonstate.edu/news/study-paints-detailed-picture-forest-canopy-damage-caused-%E2%80%98heat-dome%E2%80%99,Oregon State University,"11/04/2025, 08:00 AM, +0000 UTC",heat,2026-05-07T11:42:27.888679+00:00,,,,False,heat_dome,,,,,,2026-05-07T11:55:19.896910+00:00
https://www.newsweek.com/heat-dome-map-shows-states-set-for-hottest-spring-temperatures-11733473,Heat Dome Map Shows States Set For Hottest Spring Temperatures,,https://www.newsweek.com/heat-dome-map-shows-states-set-for-hottest-spring-temperatures-11733473,Newsweek,"03/25/2026, 07:00 AM, +0000 UTC",heat,2026-05-07T11:42:27.888679+00:00,,,,False,heat_dome,,,,,,2026-05-07T11:55:19.896910+00:00
https://www.aol.com/spring-2026-forecasts-warn-dreaded-100250712.html,New spring 2026 forecasts warn of the dreaded 'heat dome',,https://www.aol.com/spring-2026-forecasts-warn-dreaded-100250712.html,AOL.com,"03/22/2026, 07:00 AM, +0000 UTC",heat,2026-05-07T11:42:27.888679+00:00,,,,False,heat_dome,,,,,,2026-05-07T11:55:19.896910+00:00
https://www.thecooldown.com/outdoors/record-heat-wave-us-19-states/,Meteorologist issues warning as heat dome creeps across country: 'The entire US is going to be hot',,https://www.thecooldown.com/outdoors/record-heat-wave-us-19-states/,The Cool Down,"03/26/2026, 07:00 AM, +0000 UTC",heat,2026-05-07T11:42:27.888679+00:00,,,,False,heat_dome,,,,,,2026-05-07T11:55:19.896910+00:00
https://phys.org/news/2026-03-north-america-dome-left-winners.html,North America 'heat dome' left winners and losers: Study,,https://phys.org/news/2026-03-north-america-dome-left-winners.html,Phys.org,"03/15/2026, 07:00 AM, +0000 UTC",heat,2026-05-07T11:42:27.888679+00:00,,,,False,heat_dome,,,,,,2026-05-07T11:55:19.896910+00:00
https://www.euronews.com/2026/03/20/pushing-extremes-to-new-levels-record-us-heat-dome-made-possible-by-climate-change,'Climate change in real time': US hit by record-shattering heatwave,,https://www.euronews.com/2026/03/20/pushing-extremes-to-new-levels-record-us-heat-dome-made-possible-by-climate-change,Euronews.com,"03/20/2026, 07:00 AM, +0000 UTC",heat,2026-05-07T11:42:27.888679+00:00,,,,False,heat_event,,,,,,2026-05-07T11:55:19.896910+00:00
https://pv-magazine-usa.com/2026/04/03/heat-dome-and-high-pressure-boost-southern-u-s-solar-as-polar-vortex-clouds-the-north/,Heat dome and high pressure boost southern U.S. solar as polar vortex clouds the north,,https://pv-magazine-usa.com/2026/04/03/heat-dome-and-high-pressure-boost-southern-u-s-solar-as-polar-vortex-clouds-the-north/,pv magazine USA,"04/03/2026, 07:00 AM, +0000 UTC",heat,2026-05-07T11:42:27.888679+00:00,,,,False,heat_dome,,,,,,2026-05-07T11:55:19.896910+00:00
https://www.cnn.com/2026/03/17/weather/heat-wave-west-records-climate-change,"Extraordinary, climate change-linked heat wave envelops the West with mounting consequences",,https://www.cnn.com/2026/03/17/weather/heat-wave-west-records-climate-change,CNN,"03/17/2026, 07:00 AM, +0000 UTC",heat,2026-05-07T11:42:27.888679+00:00,,,,False,heat_dome,,,,,,2026-05-07T11:55:19.896910+00:00
https://www.foxweather.com/weather-news/noaa-warmest-march-ever-recorded-across-lower-48-historic-western-heat-dome,NOAA: Warmest March ever recorded across Lower 48 driven by historic Western heat dome,,https://www.foxweather.com/weather-news/noaa-warmest-march-ever-recorded-across-lower-48-historic-western-heat-dome,FOX Weather,"04/10/2026, 07:00 AM, +0000 UTC",heat,2026-05-07T11:42:27.888679+00:00,,,,False,heat_dome,,,,,,2026-05-07T11:55:19.896910+00:00
https://www.newsweek.com/us-weather-prediction-spring-2026-heat-dome-11717091,US Weather Prediction for Spring 2026 Warns of ‘Heat Dome’,,https://www.newsweek.com/us-weather-prediction-spring-2026-heat-dome-11717091,Newsweek,"03/22/2026, 07:00 AM, +0000 UTC",heat,2026-05-07T11:42:27.888679+00:00,,,,False,heat_dome,,,,,,2026-05-07T11:55:19.896910+00:00
https://www.severe-weather.eu/global-weather/christmas-2025-forecast-warmest-on-record-holidays-historic-heat-dome-united-states-mk/,Christmas 2025 Forecast: Warmest Holidays since the 1950s under a Historic Heat Dome,,https://www.severe-weather.eu/global-weather/christmas-2025-forecast-warmest-on-record-holidays-historic-heat-dome-united-states-mk/,Severe Weather Europe,"12/21/2025, 08:00 AM, +0000 UTC",heat,2026-05-07T11:42:27.888679+00:00,,,,False,heat_dome,,,,,,2026-05-07T11:55:19.896910+00:00
https://www.yahoo.com/news/articles/wests-record-shattering-heat-wave-160746356.html,The West's record-shattering heat wave isn't over as heat dome shifts into the Plains,,https://www.yahoo.com/news/articles/wests-record-shattering-heat-wave-160746356.html,Yahoo,"03/22/2026, 07:00 AM, +0000 UTC",heat,2026-05-07T11:42:27.888679+00:00,,,,False,heat_dome,,,,,,2026-05-07T11:55:19.896910+00:00
https://news.sky.com/story/us-suffers-hottest-march-day-ever-recorded-as-heat-dome-drives-up-temperatures-13522180,US suffers hottest March day ever recorded as heat dome drives up temperatures,,https://news.sky.com/story/us-suffers-hottest-march-day-ever-recorded-as-heat-dome-drives-up-temperatures-13522180,Sky News,"03/20/2026, 07:00 AM, +0000 UTC",heat,2026-05-07T11:42:27.888679+00:00,,,,False,heat_dome,,,,,,2026-05-07T11:55:19.896910+00:00
https://www.scientificamerican.com/article/heat-domes-extreme-heat-and-humidity-triggers-alerts-across-eastern-u-s/,A Massive Heat Dome Is Cooking the Eastern U.S.,,https://www.scientificamerican.com/article/heat-domes-extreme-heat-and-humidity-triggers-alerts-across-eastern-u-s/,Scientific American,"07/23/2025, 07:00 AM, +0000 UTC",heat,2026-05-07T11:42:27.888679+00:00,,,,False,heat_dome,,,,,,2026-05-07T11:55:19.896910+00:00
https://kube933.iheart.com/content/2026-03-13-all-50-us-states-could-face-extreme-weather-including-blizzard-heat-dome/,"All 50 US States Could Face Extreme Weather Including Blizzard, Heat Dome",,https://kube933.iheart.com/content/2026-03-13-all-50-us-states-could-face-extreme-weather-including-blizzard-heat-dome/,KUBE 93.3,"03/13/2026, 07:00 AM, +0000 UTC",heat,2026-05-07T11:42:27.888679+00:00,,,,False,heat_dome,,,,,,2026-05-07T11:55:19.896910+00:00
https://www.mensjournal.com/news/excessive-heat-warning-issued-as-100-degree-temperatures-record-march-highs-forecast-this-week,"Excessive Heat Warning Issued as 100-Degree Temperatures, Record March Highs Forecast This Week",,https://www.mensjournal.com/news/excessive-heat-warning-issued-as-100-degree-temperatures-record-march-highs-forecast-this-week,Men's Journal,"03/11/2026, 07:00 AM, +0000 UTC",heat,2026-05-07T11:42:27.888679+00:00,,,,False,heat_warning,,,,,,2026-05-07T11:55:19.896910+00:00
https://www.foxweather.com/weather-news/heat-dome-southeast,Life-threatening heat dome broils millions across eastern US as records tumble,,https://www.foxweather.com/weather-news/heat-dome-southeast,FOX Weather,"07/29/2025, 07:00 AM, +0000 UTC",heat,2026-05-07T11:42:27.888679+00:00,,,,False,heat_dome,,,,,,2026-05-07T11:55:19.896910+00:00
https://www.aol.com/wests-record-shattering-heat-wave-160746066.html,The West's record-shattering heat wave isn't over as heat dome shifts into the Plains,,https://www.aol.com/wests-record-shattering-heat-wave-160746066.html,AOL.com,"03/22/2026, 07:00 AM, +0000 UTC",heat,2026-05-07T11:42:27.888679+00:00,,,,False,heat_dome,,,,,,2026-05-07T11:55:19.896910+00:00
https://wbznewsradio.iheart.com/featured/nightside-with-dan-rea/content/2026-03-13-all-50-us-states-could-face-extreme-weather-including-blizzard-heat-dome/,"All 50 US States Could Face Extreme Weather Including Blizzard, Heat Dome",,https://wbznewsradio.iheart.com/featured/nightside-with-dan-rea/content/2026-03-13-all-50-us-states-could-face-extreme-weather-including-blizzard-heat-dome/,WBZ NewsRadio 1030,"03/13/2026, 07:00 AM, +0000 UTC",heat,2026-05-07T11:42:27.888679+00:00,,,,False,heat_dome,,,,,,2026-05-07T11:55:19.896910+00:00
https://grist.org/extreme-heat/the-science-behind-the-heat-dome-a-mosh-pit-of-molecules/,The science behind the heat dome — ‘a mosh pit’ of molecules,,https://grist.org/extreme-heat/the-science-behind-the-heat-dome-a-mosh-pit-of-molecules/,grist.org,"07/22/2025, 07:00 AM, +0000 UTC",heat,2026-05-07T11:42:27.888679+00:00,,,,False,heat_dome,,,,,,2026-05-07T11:55:19.896910+00:00
https://www.nesdis.noaa.gov/news/noaa-satellites-monitor-record-breaking-heat-wave,NOAA Satellites Monitor Record-Breaking Heat Wave,,https://www.nesdis.noaa.gov/news/noaa-satellites-monitor-record-breaking-heat-wave,"National Environmental Satellite, Data, and Information Service (.gov)","06/27/2025, 07:00 AM, +0000 UTC",heat,2026-05-07T11:42:27.888679+00:00,,,,False,heat_dome,,,,,,2026-05-07T11:55:19.896910+00:00
https://www.msn.com/en-us/weather/topstories/us-weather-prediction-for-spring-2026-warns-of-heat-dome/ar-AA1Zan7v,US weather prediction for spring 2026 warns of 'heat dome',,https://www.msn.com/en-us/weather/topstories/us-weather-prediction-for-spring-2026-warns-of-heat-dome/ar-AA1Zan7v,MSN,"03/22/2026, 07:00 AM, +0000 UTC",heat,2026-05-07T11:42:27.888679+00:00,,,,False,heat_dome,,,,,,2026-05-07T11:55:19.896910+00:00
https://globalnews.ca/news/11729307/us-weather-blizzard-polar-vortex-heat-dome-atmospheric-river/,"A blizzard, polar vortex, heat dome and atmospheric river: U.S. faces weather chaos - National",,https://globalnews.ca/news/11729307/us-weather-blizzard-polar-vortex-heat-dome-atmospheric-river/,Global News,"03/13/2026, 07:00 AM, +0000 UTC",heat,2026-05-07T11:42:27.888679+00:00,,,,False,heat_dome,,,,,,2026-05-07T11:55:19.896910+00:00
https://www.stl.news/historic-heat-dome-expanding-to-envelop-almost-the-entire-united-states/,Historic heat dome expanding to envelop almost the entire United States.,,https://www.stl.news/historic-heat-dome-expanding-to-envelop-almost-the-entire-united-states/,stl.news,"03/24/2026, 07:00 AM, +0000 UTC",heat,2026-05-07T11:42:27.888679+00:00,,,,False,heat_dome,,,,,,2026-05-07T11:55:19.896910+00:00
https://mavensnotebook.com/2026/03/12/daily-digest-3-12-a-record-heat-dome-is-about-to-hit-the-west-as-signs-of-strong-el-nino-emerge-water-board-to-release-new-rule-to-limit-water-pollution-from-dairies-the-mutibenefit-land-repurposi/,"DAILY DIGEST, 3/12: A record heat dome is about to hit the West as signs of strong El Niño emerge; Water Board to release new rule to limit water pollution from dairies; The Mutibenefit Land Repurposing Program’s 2025 progress report; Pacific Fishery Mana",,https://mavensnotebook.com/2026/03/12/daily-digest-3-12-a-record-heat-dome-is-about-to-hit-the-west-as-signs-of-strong-el-nino-emerge-water-board-to-release-new-rule-to-limit-water-pollution-from-dairies-the-mutibenefit-land-repurposi/,Maven's Notebook,"03/12/2026, 07:00 AM, +0000 UTC",heat,2026-05-07T11:42:27.888679+00:00,,,,False,heat_dome,,,,,,2026-05-07T11:55:19.896910+00:00
https://www.yahoo.com/news/articles/record-shattering-march-scorcher-70-183935119.html,Record-shattering March scorcher: 70 million to bake in summerlike heat dome into weekend,,https://www.yahoo.com/news/articles/record-shattering-march-scorcher-70-183935119.html,Yahoo,"03/16/2026, 07:00 AM, +0000 UTC",heat,2026-05-07T11:42:27.888679+00:00,,,,False,heat_dome,,,,,,2026-05-07T11:55:19.896910+00:00
https://www.severe-weather.eu/global-weather/heat-dome-heatwave-united-states-canada-sweltering-hot-weather-july-2025-mk/,"Heat Dome returns over east central U.S. next week, expands west and north into Canada through the end of July",,https://www.severe-weather.eu/global-weather/heat-dome-heatwave-united-states-canada-sweltering-hot-weather-july-2025-mk/,Severe Weather Europe,"07/19/2025, 07:00 AM, +0000 UTC",heat,2026-05-07T11:42:27.888679+00:00,,,,False,heat_dome,,,,,,2026-05-07T11:55:19.896910+00:00
https://www.scientificamerican.com/article/tampa-breaks-heat-record-as-heat-dome-bakes-eastern-u-s/,Scorching Heat Dome Sends Tampa to 100 Degrees F for the First Time,,https://www.scientificamerican.com/article/tampa-breaks-heat-record-as-heat-dome-bakes-eastern-u-s/,Scientific American,"07/28/2025, 07:00 AM, +0000 UTC",heat,2026-05-07T11:42:27.888679+00:00,,,,False,heat_dome,,,,,,2026-05-07T11:55:19.896910+00:00
https://www.mahoningmatters.com/news/local/article315154946.html,Is dreaded heat dome headed to Ohio? Here’s the latest spring weather forecast,,https://www.mahoningmatters.com/news/local/article315154946.html,Mahoning Matters,"03/24/2026, 07:00 AM, +0000 UTC",heat,2026-05-07T11:42:27.888679+00:00,Ohio,Ohio,state,True,heat_dome,,,,40.388783,-82.764915,2026-05-07T11:55:19.896910+00:00
https://www.greenmatters.com/pn/record-breaking-march-heat-dome-to-hit-west-coast-soon-these-cities-will-face-the-worst-of-it,Record-Breaking March ‘Heat Dome’ To Hit West Coast Soon — These Cities Will Face The Worst of It,,https://www.greenmatters.com/pn/record-breaking-march-heat-dome-to-hit-west-coast-soon-these-cities-will-face-the-worst-of-it,Green Matters,"03/13/2026, 07:00 AM, +0000 UTC",heat,2026-05-07T11:42:27.888679+00:00,,,,False,heat_dome,,,,,,2026-05-07T11:55:19.896910+00:00
https://www.usatoday.com/story/news/nation/2025/07/21/heat-dome-extreme-temperatures/85304631007/,Heat dome to push extreme temperatures across much of US this week,,https://www.usatoday.com/story/news/nation/2025/07/21/heat-dome-extreme-temperatures/85304631007/,USA Today,"07/21/2025, 07:00 AM, +0000 UTC",heat,2026-05-07T11:42:27.888679+00:00,,,,False,heat_dome,,,,,,2026-05-07T11:55:19.896910+00:00
https://www.accuweather.com/en/weather-forecasts/building-western-us-heat-dome-may-set-records-cause-wildfires-to-surge/1801605,"Building western US heat dome may set records, cause wildfires to surge",,https://www.accuweather.com/en/weather-forecasts/building-western-us-heat-dome-may-set-records-cause-wildfires-to-surge/1801605,AccuWeather,"08/02/2025, 06:16 PM, +0000 UTC",heat,2026-05-07T11:42:27.888679+00:00,,,,False,heat_dome,,,,,,2026-05-07T11:55:19.896910+00:00
https://www.france24.com/en/live-news/20260311-north-america-heat-dome-left-winners-and-losers-study,North America 'heat dome' left winners and losers: study,,https://www.france24.com/en/live-news/20260311-north-america-heat-dome-left-winners-and-losers-study,France 24,"03/11/2026, 07:00 AM, +0000 UTC",heat,2026-05-07T11:42:27.888679+00:00,,,,False,heat_dome,,,,,,2026-05-07T11:55:19.896910+00:00
https://www.deseret.com/environment/2026/03/13/massive-heat-dome-over-the-west/,‘Unprecedented’ heat to reach most of the West starting next week,,https://www.deseret.com/environment/2026/03/13/massive-heat-dome-over-the-west/,Deseret News,"03/13/2026, 07:00 AM, +0000 UTC",heat,2026-05-07T11:42:27.888679+00:00,,,,False,heat_event,,,,,,2026-05-07T11:55:19.896910+00:00
https://www.yahoo.com/news/articles/summerlike-heat-dome-send-southwest-170245958.html,Summerlike heat dome to send Southwest temperatures soaring past 100 F,,https://www.yahoo.com/news/articles/summerlike-heat-dome-send-southwest-170245958.html,Yahoo,"03/13/2026, 07:00 AM, +0000 UTC",heat,2026-05-07T11:42:27.888679+00:00,Southwest,Southwest,region,True,heat_dome,,,,34.048928,-111.093731,2026-05-07T11:55:19.896910+00:00
https://www.pbs.org/newshour/nation/eastern-half-of-u-s-bakes-under-heat-dome-with-more-days-of-dangerous-temperatures-ahead,"Eastern half of U.S. bakes under heat dome, with more days of dangerous temperatures ahead",,https://www.pbs.org/newshour/nation/eastern-half-of-u-s-bakes-under-heat-dome-with-more-days-of-dangerous-temperatures-ahead,PBS,"06/22/2025, 07:00 AM, +0000 UTC",heat,2026-05-07T11:42:27.888679+00:00,,,,False,heat_dome,,,,,,2026-05-07T11:55:19.896910+00:00
https://www.aol.com/articles/heat-dome-moving-east-relief-155103965.html,"With heat dome moving east, some relief in sight for California",,https://www.aol.com/articles/heat-dome-moving-east-relief-155103965.html,AOL.com,"03/25/2026, 07:00 AM, +0000 UTC",heat,2026-05-07T11:42:27.888679+00:00,California,California,state,True,heat_dome,,,,36.116203,-119.681564,2026-05-07T11:55:19.896910+00:00
https://www.wbur.org/news/2025/08/11/boston-heat-emergency-air-quality-alert,Boston is under its third heat emergency of the summer,,https://www.wbur.org/news/2025/08/11/boston-heat-emergency-air-quality-alert,WBUR,"08/12/2025, 07:00 AM, +0000 UTC",heat,2026-05-07T11:42:27.888679+00:00,,,,False,heat_emergency,,,,,,2026-05-07T11:55:19.896910+00:00
https://watchers.news/2025/06/20/extreme-heat-alerts-central-eastern-usa-heat-dome/,"Extreme heat alerts issued for central, eastern U.S. as heat dome builds June 20 onwards",,https://watchers.news/2025/06/20/extreme-heat-alerts-central-eastern-usa-heat-dome/,The Watchers - Watching the world evolve and transform,"06/20/2025, 07:00 AM, +0000 UTC",heat,2026-05-07T11:42:27.888679+00:00,,,,False,heat_dome,,,,,,2026-05-07T11:55:19.896910+00:00
https://www.expressnews.com/san-antonio-weather/forecast/article/friday-warmer-drier-days-heat-dome-no-rainfall-21092125.php,"San Antonio stuck under heat dome, missing beneficial rainfall by 500 miles",,https://www.expressnews.com/san-antonio-weather/forecast/article/friday-warmer-drier-days-heat-dome-no-rainfall-21092125.php,San Antonio Express-News,"10/10/2025, 07:00 AM, +0000 UTC",heat,2026-05-07T11:42:27.888679+00:00,San Antonio,San Antonio,city,True,heat_dome,,,,29.424122,-98.493629,2026-05-07T11:55:19.896910+00:00
https://www.foxweather.com/weather-news/heat-dome-ring-fire-storms-weather-pattern-us-forecast,Life-threatening heat dome intensifies as ring of fire storms rumble across central US,,https://www.foxweather.com/weather-news/heat-dome-ring-fire-storms-weather-pattern-us-forecast,FOX Weather,"07/21/2025, 07:00 AM, +0000 UTC",heat,2026-05-07T11:42:27.888679+00:00,,,,False,heat_dome,,,,,,2026-05-07T11:55:19.896910+00:00
https://www.houstonchronicle.com/news/houston-weather/forecast/article/christmas-forecast-heat-dome-record-high-possible-21245750.php,Houston Christmas forecast: Heat dome to fuel warmest holiday in years,,https://www.houstonchronicle.com/news/houston-weather/forecast/article/christmas-forecast-heat-dome-record-high-possible-21245750.php,Houston Chronicle,"12/17/2025, 08:00 AM, +0000 UTC",heat,2026-05-07T11:42:27.888679+00:00,Houston,"Houston, Texas",city,True,heat_dome,,,,29.760427,-95.369804,2026-05-07T11:55:19.896910+00:00
https://www.nbcnews.com/science/science-news/heat-dome-causes-opressive-temperatures-explainer-rcna214939,Why do heat domes bring oppressive temperatures?,,https://www.nbcnews.com/science/science-news/heat-dome-causes-opressive-temperatures-explainer-rcna214939,NBC News,"06/26/2025, 07:00 AM, +0000 UTC",heat,2026-05-07T11:42:27.888679+00:00,,,,False,heat_dome,,,,,,2026-05-07T11:55:19.896910+00:00
https://www.theweathernetwork.com/en/news/weather/severe/historic-heat-dome-may-fuel-summer-wildfires-growing-drought,"Historic heat dome may fuel summer wildfires, growing drought",,https://www.theweathernetwork.com/en/news/weather/severe/historic-heat-dome-may-fuel-summer-wildfires-growing-drought,The Weather Network,"03/29/2026, 07:00 AM, +0000 UTC",heat,2026-05-07T11:42:27.888679+00:00,,,,False,heat_dome,,,,,,2026-05-07T11:55:19.896910+00:00
https://www.foxweather.com/weather-news/heat-dome-temperature-records-south-central-east,Severe storms rumble through Northeast heat dome with reports of damaging winds,,https://www.foxweather.com/weather-news/heat-dome-temperature-records-south-central-east,FOX Weather,"07/25/2025, 07:00 AM, +0000 UTC",heat,2026-05-07T11:42:27.888679+00:00,,,,False,heat_dome,,,,,,2026-05-07T11:55:19.896910+00:00
https://www.usatoday.com/story/news/nation/2025/07/22/heat-dome-weather-hot-temperatures/85319399007/,"Heat dome is scorching the South, moving toward the East: What you can expect",,https://www.usatoday.com/story/news/nation/2025/07/22/heat-dome-weather-hot-temperatures/85319399007/,USA Today,"07/22/2025, 07:00 AM, +0000 UTC",heat,2026-05-07T11:42:27.888679+00:00,,,,False,heat_dome,,,,,,2026-05-07T11:55:19.896910+00:00
https://www.cjonline.com/story/news/state/2025/12/22/heat-dome-expected-to-obliterate-kansas-christmas-temperature-records-topeka/87873232007/,Topeka expected to see record-breaking temperatures this Christmas,,https://www.cjonline.com/story/news/state/2025/12/22/heat-dome-expected-to-obliterate-kansas-christmas-temperature-records-topeka/87873232007/,The Topeka Capital-Journal,"12/22/2025, 08:00 AM, +0000 UTC",heat,2026-05-07T11:42:27.888679+00:00,,,,False,heat_event,,,,,,2026-05-07T11:55:19.896910+00:00
https://www.theguardian.com/us-news/2025/jun/20/heat-dome-warning-central-eastern-us,Millions of people across central and eastern US under ‘heat dome’ warning,,https://www.theguardian.com/us-news/2025/jun/20/heat-dome-warning-central-eastern-us,The Guardian,"06/20/2025, 07:00 AM, +0000 UTC",heat,2026-05-07T11:42:27.888679+00:00,,,,False,heat_dome,,,,,,2026-05-07T11:55:19.896910+00:00
https://watchers.news/2025/06/23/record-breaking-heat-grips-central-eastern-usa-heat-dome-intensifies/,Record-breaking heat grips central and eastern U.S. as heat dome intensifies,,https://watchers.news/2025/06/23/record-breaking-heat-grips-central-eastern-usa-heat-dome-intensifies/,The Watchers - Watching the world evolve and transform,"06/23/2025, 07:00 AM, +0000 UTC",heat,2026-05-07T11:42:27.888679+00:00,,,,False,heat_dome,,,,,,2026-05-07T11:55:19.896910+00:00
https://www.msn.com/en-ca/weather/topstories/historic-heat-dome-to-roast-14-us-states-with-triple-digit-temperatures-months-ahead-of-schedule/ar-AA1YLflZ,Historic heat dome to roast 14 US states with triple-digit temperatures months ahead of schedule,,https://www.msn.com/en-ca/weather/topstories/historic-heat-dome-to-roast-14-us-states-with-triple-digit-temperatures-months-ahead-of-schedule/ar-AA1YLflZ,MSN,"03/16/2026, 07:00 AM, +0000 UTC",heat,2026-05-07T11:42:27.888679+00:00,,,,False,heat_dome,,,,,,2026-05-07T11:55:19.896910+00:00
https://www.severe-weather.eu/global-weather/heat-dome-intense-heatwave-summer-2025-united-states-mk/,"Heat Dome develops over the U.S. by the weekend, intensifying a heatwave into the next week",,https://www.severe-weather.eu/global-weather/heat-dome-intense-heatwave-summer-2025-united-states-mk/,Severe Weather Europe,"06/19/2025, 07:00 AM, +0000 UTC",heat,2026-05-07T11:42:27.888679+00:00,,,,False,heat_dome,,,,,,2026-05-07T11:55:19.896910+00:00
https://www.axios.com/2025/07/22/heat-wave-dome-corn-sweat-forecast,"A heat dome and ""corn sweat"" are driving this week's dangerous heat wave",,https://www.axios.com/2025/07/22/heat-wave-dome-corn-sweat-forecast,Axios,"07/22/2025, 07:00 AM, +0000 UTC",heat,2026-05-07T11:42:27.888679+00:00,,,,False,heat_dome,,,,,,2026-05-07T11:55:19.896910+00:00
https://www.foxweather.com/weather-news/heat-wave-dome-northeast-mid-atlantic-new-england-summer-2025,Century-old temperature records tumble as heat dome bakes millions in Northeast,,https://www.foxweather.com/weather-news/heat-wave-dome-northeast-mid-atlantic-new-england-summer-2025,FOX Weather,"06/23/2025, 07:00 AM, +0000 UTC",heat,2026-05-07T11:42:27.888679+00:00,,,,False,heat_dome,,,,,,2026-05-07T11:55:19.896910+00:00
https://rollingout.com/2026/03/22/heat-dome-rewrites-march-history/,Heat Dome Rewrites March History in 11 States,,https://rollingout.com/2026/03/22/heat-dome-rewrites-march-history/,Rolling Out,"03/22/2026, 07:00 AM, +0000 UTC",heat,2026-05-07T11:42:27.888679+00:00,,,,False,heat_dome,,,,,,2026-05-07T11:55:19.896910+00:00
https://www.nytimes.com/article/heat-wave-cause.html,What to Know About Heat Waves and Domes,,https://www.nytimes.com/article/heat-wave-cause.html,nytimes.com,"04/20/2026, 07:00 AM, +0000 UTC",heat,2026-05-08T11:02:00.818881+00:00,What,"What, New York",state,True,heat_dome,,,,42.165726,-74.948051,2026-05-08T11:14:16.172458+00:00
https://www.cbc.ca/news/climate/record-heat-dome-9.7139906,Record-breaking heat dome spreads across U.S.,,https://www.cbc.ca/news/climate/record-heat-dome-9.7139906,CBC,"03/24/2026, 07:00 AM, +0000 UTC",heat,2026-05-08T11:02:00.818881+00:00,,,,False,heat_dome,,,,,,2026-05-08T11:14:16.172458+00:00
https://www.climatecentral.org/climate-shift-index-alert/March-record-breaking-western-heatwave,"Record-breaking March heatwave, intensified by climate change, continues to shatter records across the U.S.",,https://www.climatecentral.org/climate-shift-index-alert/March-record-breaking-western-heatwave,Climate Central,"03/24/2026, 06:48 PM, +0000 UTC",heat,2026-05-08T11:02:00.818881+00:00,,,,False,heat_event,,,,,,2026-05-08T11:14:16.172458+00:00
https://news.cuanschutz.edu/news-stories/heat-dome-grips-the-west-what-is-it-and-how-can-it-affect-health,"Heat Dome Grips the West: What Is It, and How Can It Affect Health?",,https://news.cuanschutz.edu/news-stories/heat-dome-grips-the-west-what-is-it-and-how-can-it-affect-health,CU Anschutz newsroom,"03/18/2026, 07:00 AM, +0000 UTC",heat,2026-05-08T11:02:00.818881+00:00,,,,False,heat_dome,,,,,,2026-05-08T11:14:16.172458+00:00
https://www.accuweather.com/en/weather-forecasts/record-shattering-march-scorcher-70-million-to-bake-in-summerlike-heat-dome-into-weekend/1873771,Record-shattering March scorcher: 70 million to bake in summerlike heat dome into weekend,,https://www.accuweather.com/en/weather-forecasts/record-shattering-march-scorcher-70-million-to-bake-in-summerlike-heat-dome-into-weekend/1873771,AccuWeather,"03/16/2026, 06:54 PM, +0000 UTC",heat,2026-05-08T11:02:00.818881+00:00,,,,False,heat_dome,,,,,,2026-05-08T11:14:16.172458+00:00
https://www.aspenpublicradio.org/environment/2026-03-16/heat-dome-to-bring-record-breaking-temperatures-across-the-west,Heat dome to bring record-breaking temperatures across the West,,https://www.aspenpublicradio.org/environment/2026-03-16/heat-dome-to-bring-record-breaking-temperatures-across-the-west,Aspen Public Radio,"03/16/2026, 07:00 AM, +0000 UTC",heat,2026-05-08T11:02:00.818881+00:00,,,,False,heat_dome,,,,,,2026-05-08T11:14:16.172458+00:00
https://www.cbsnews.com/news/maps-us-heat-advisory-high-temperature-dome-moves-east/,"Maps show U.S. heat advisories, high temperatures as heat dome moves east",,https://www.cbsnews.com/news/maps-us-heat-advisory-high-temperature-dome-moves-east/,CBS News,"07/25/2025, 07:00 AM, +0000 UTC",heat,2026-05-08T11:02:00.818881+00:00,,,,False,heat_dome,,,,,,2026-05-08T11:14:16.172458+00:00
https://www.pbs.org/newshour/science/basically-the-entire-u-s-is-going-to-be-hot-as-record-smashing-heat-spreads,'Basically the entire U.S. is going to be hot' as record-smashing heat spreads,,https://www.pbs.org/newshour/science/basically-the-entire-u-s-is-going-to-be-hot-as-record-smashing-heat-spreads,PBS,"03/24/2026, 07:00 AM, +0000 UTC",heat,2026-05-08T11:02:00.818881+00:00,,,,False,heat_event,,,,,,2026-05-08T11:14:16.172458+00:00
https://www.nbcnews.com/weather/heat/western-heat-wave-ends-records-duration-intensity-rcna265514,"As Western heat wave ends, scientists try to make sense of its length and intensity",,https://www.nbcnews.com/weather/heat/western-heat-wave-ends-records-duration-intensity-rcna265514,NBC News,"03/28/2026, 07:00 AM, +0000 UTC",heat,2026-05-08T11:02:00.818881+00:00,,,,False,heat_dome,,,,,,2026-05-08T11:14:16.172458+00:00
https://www.cnet.com/home/energy-and-utilities/historic-heat-dome-creeping-across-us-how-prepare/,A Historic Heat Dome Is Creeping Across the US. Here's How to Prepare,,https://www.cnet.com/home/energy-and-utilities/historic-heat-dome-creeping-across-us-how-prepare/,CNET,"03/24/2026, 07:00 AM, +0000 UTC",heat,2026-05-08T11:02:00.818881+00:00,,,,False,heat_dome,,,,,,2026-05-08T11:14:16.172458+00:00
https://www.nytimes.com/article/what-is-heat-dome.html,A Short Guide to Understanding Heat Domes,,https://www.nytimes.com/article/what-is-heat-dome.html,nytimes.com,"03/13/2026, 07:00 AM, +0000 UTC",heat,2026-05-08T11:02:00.818881+00:00,Short Guide,"Short Guide, New York",state,True,heat_dome,,,,42.165726,-74.948051,2026-05-08T11:14:16.172458+00:00
https://www.nbcnews.com/weather/heat/blistering-heat-wave-across-western-us-rcna264506,The West's record-shattering heat wave isn't over as heat dome shifts into the Plains,,https://www.nbcnews.com/weather/heat/blistering-heat-wave-across-western-us-rcna264506,NBC News,"03/22/2026, 07:00 AM, +0000 UTC",heat,2026-05-08T11:02:00.818881+00:00,,,,False,heat_dome,,,,,,2026-05-08T11:14:16.172458+00:00
https://www.usatoday.com/story/news/weather/2026/03/28/april-weather-forecast-heat-dome/89347353007/,April weather forecast predicts 'major change' as heat dome moves,,https://www.usatoday.com/story/news/weather/2026/03/28/april-weather-forecast-heat-dome/89347353007/,USA Today,"03/28/2026, 07:00 AM, +0000 UTC",heat,2026-05-08T11:02:00.818881+00:00,,,,False,heat_dome,,,,,,2026-05-08T11:14:16.172458+00:00
https://www.theatlantic.com/science/2026/03/west-heat-wave/686457/,There’s No Way the American West Will Have a Normal Summer,,https://www.theatlantic.com/science/2026/03/west-heat-wave/686457/,The Atlantic,"03/19/2026, 07:00 AM, +0000 UTC",heat,2026-05-08T11:02:00.818881+00:00,,,,False,heat_event,,,,,,2026-05-08T11:14:16.172458+00:00
https://www.newsweek.com/heat-dome-map-shows-states-set-for-hottest-spring-temperatures-11733473,Heat Dome Map Shows States Set For Hottest Spring Temperatures,,https://www.newsweek.com/heat-dome-map-shows-states-set-for-hottest-spring-temperatures-11733473,Newsweek,"03/25/2026, 07:00 AM, +0000 UTC",heat,2026-05-08T11:02:00.818881+00:00,,,,False,heat_dome,,,,,,2026-05-08T11:14:16.172458+00:00
https://www.climatecentral.org/climate-shift-index-alert/central-eastern-us-june-2025,Almost half of the U.S. affected by climate change-driven heat wave,,https://www.climatecentral.org/climate-shift-index-alert/central-eastern-us-june-2025,Climate Central,"06/20/2025, 07:00 AM, +0000 UTC",heat,2026-05-08T11:02:00.818881+00:00,,,,False,heat_dome,,,,,,2026-05-08T11:14:16.172458+00:00
https://www.aol.com/spring-2026-forecasts-warn-dreaded-100250712.html,New spring 2026 forecasts warn of the dreaded 'heat dome',,https://www.aol.com/spring-2026-forecasts-warn-dreaded-100250712.html,AOL.com,"03/22/2026, 07:00 AM, +0000 UTC",heat,2026-05-08T11:02:00.818881+00:00,,,,False,heat_dome,,,,,,2026-05-08T11:14:16.172458+00:00
https://phys.org/news/2026-03-north-america-dome-left-winners.html,North America 'heat dome' left winners and losers: Study,,https://phys.org/news/2026-03-north-america-dome-left-winners.html,Phys.org,"03/15/2026, 07:00 AM, +0000 UTC",heat,2026-05-08T11:02:00.818881+00:00,,,,False,heat_dome,,,,,,2026-05-08T11:14:16.172458+00:00
https://www.euronews.com/2026/03/20/pushing-extremes-to-new-levels-record-us-heat-dome-made-possible-by-climate-change,'Climate change in real time': US hit by record-shattering heatwave,,https://www.euronews.com/2026/03/20/pushing-extremes-to-new-levels-record-us-heat-dome-made-possible-by-climate-change,Euronews.com,"03/20/2026, 07:00 AM, +0000 UTC",heat,2026-05-08T11:02:00.818881+00:00,,,,False,heat_event,,,,,,2026-05-08T11:14:16.172458+00:00
https://www.usatoday.com/story/news/weather/2026/03/21/noaa-forecast-spring-weather-heat-dome/89242999007/,New spring 2026 forecasts warn of the dreaded 'heat dome',,https://www.usatoday.com/story/news/weather/2026/03/21/noaa-forecast-spring-weather-heat-dome/89242999007/,USA Today,"03/22/2026, 07:00 AM, +0000 UTC",heat,2026-05-08T11:02:00.818881+00:00,,,,False,heat_dome,,,,,,2026-05-08T11:14:16.172458+00:00
https://www.theguardian.com/us-news/2025/jul/25/heat-dome-dangerous-conditions-100-million-people,US heat dome causes dangerous conditions for more than 100 million people,,https://www.theguardian.com/us-news/2025/jul/25/heat-dome-dangerous-conditions-100-million-people,The Guardian,"07/25/2025, 07:00 AM, +0000 UTC",heat,2026-05-08T11:02:00.818881+00:00,,,,False,heat_dome,,,,,,2026-05-08T11:14:16.172458+00:00
https://www.scientificamerican.com/article/heat-dome-temperatures-may-break-records-in-eastern-u-s/,This Heat Dome Isn’t Letting Up—It’s Just Getting Hotter,,https://www.scientificamerican.com/article/heat-dome-temperatures-may-break-records-in-eastern-u-s/,Scientific American,"07/25/2025, 07:00 AM, +0000 UTC",heat,2026-05-08T11:02:00.818881+00:00,,,,False,heat_dome,,,,,,2026-05-08T11:14:16.172458+00:00
https://pv-magazine-usa.com/2026/04/03/heat-dome-and-high-pressure-boost-southern-u-s-solar-as-polar-vortex-clouds-the-north/,Heat dome and high pressure boost southern U.S. solar as polar vortex clouds the north,,https://pv-magazine-usa.com/2026/04/03/heat-dome-and-high-pressure-boost-southern-u-s-solar-as-polar-vortex-clouds-the-north/,pv magazine USA,"04/03/2026, 07:00 AM, +0000 UTC",heat,2026-05-08T11:02:00.818881+00:00,,,,False,heat_dome,,,,,,2026-05-08T11:14:16.172458+00:00
https://www.scientificamerican.com/article/heat-domes-extreme-heat-and-humidity-triggers-alerts-across-eastern-u-s/,A Massive Heat Dome Is Cooking the Eastern U.S.,,https://www.scientificamerican.com/article/heat-domes-extreme-heat-and-humidity-triggers-alerts-across-eastern-u-s/,Scientific American,"07/23/2025, 07:00 AM, +0000 UTC",heat,2026-05-08T11:02:00.818881+00:00,,,,False,heat_dome,,,,,,2026-05-08T11:14:16.172458+00:00
https://www.newsweek.com/us-weather-prediction-spring-2026-heat-dome-11717091,US Weather Prediction for Spring 2026 Warns of ‘Heat Dome’,,https://www.newsweek.com/us-weather-prediction-spring-2026-heat-dome-11717091,Newsweek,"03/22/2026, 07:00 AM, +0000 UTC",heat,2026-05-08T11:02:00.818881+00:00,,,,False,heat_dome,,,,,,2026-05-08T11:14:16.172458+00:00
https://www.yahoo.com/news/articles/meteorologist-issues-warning-heat-dome-040000429.html,Meteorologist issues warning as heat dome creeps across country: 'The entire US is going to be hot',,https://www.yahoo.com/news/articles/meteorologist-issues-warning-heat-dome-040000429.html,Yahoo,"03/25/2026, 07:00 AM, +0000 UTC",heat,2026-05-08T11:02:00.818881+00:00,,,,False,heat_dome,,,,,,2026-05-08T11:14:16.172458+00:00
https://www.foxweather.com/weather-news/heat-dome-southeast,Life-threatening heat dome broils millions across eastern US as records tumble,,https://www.foxweather.com/weather-news/heat-dome-southeast,FOX Weather,"07/29/2025, 07:00 AM, +0000 UTC",heat,2026-05-08T11:02:00.818881+00:00,,,,False,heat_dome,,,,,,2026-05-08T11:14:16.172458+00:00
https://grist.org/extreme-heat/the-science-behind-the-heat-dome-a-mosh-pit-of-molecules/,The science behind the heat dome — ‘a mosh pit’ of molecules,,https://grist.org/extreme-heat/the-science-behind-the-heat-dome-a-mosh-pit-of-molecules/,grist.org,"07/22/2025, 07:00 AM, +0000 UTC",heat,2026-05-08T11:02:00.818881+00:00,,,,False,heat_dome,,,,,,2026-05-08T11:14:16.172458+00:00
https://news.sky.com/story/us-suffers-hottest-march-day-ever-recorded-as-heat-dome-drives-up-temperatures-13522180,US suffers hottest March day ever recorded as heat dome drives up temperatures,,https://news.sky.com/story/us-suffers-hottest-march-day-ever-recorded-as-heat-dome-drives-up-temperatures-13522180,Sky News,"03/20/2026, 07:00 AM, +0000 UTC",heat,2026-05-08T11:02:00.818881+00:00,,,,False,heat_dome,,,,,,2026-05-08T11:14:16.172458+00:00
https://www.nationalgeographic.com/environment/article/what-is-heat-dome,What is a heat dome? The climate phenomenon behind record heat,,https://www.nationalgeographic.com/environment/article/what-is-heat-dome,National Geographic,"06/23/2025, 07:00 AM, +0000 UTC",heat,2026-05-08T11:02:00.818881+00:00,,,,False,heat_dome,,,,,,2026-05-08T11:14:16.172458+00:00
https://www.npr.org/2025/06/24/nx-s1-5442736/early-season-heat-dome-highest-temperatures-years-parts-of-eastern-us,Early-season heat dome brings highest temperatures in years to parts of Eastern U.S.,,https://www.npr.org/2025/06/24/nx-s1-5442736/early-season-heat-dome-highest-temperatures-years-parts-of-eastern-us,NPR,"06/24/2025, 07:00 AM, +0000 UTC",heat,2026-05-08T11:02:00.818881+00:00,,,,False,heat_dome,,,,,,2026-05-08T11:14:16.172458+00:00
https://www.mensjournal.com/news/excessive-heat-warning-issued-as-100-degree-temperatures-record-march-highs-forecast-this-week,"Excessive Heat Warning Issued as 100-Degree Temperatures, Record March Highs Forecast This Week",,https://www.mensjournal.com/news/excessive-heat-warning-issued-as-100-degree-temperatures-record-march-highs-forecast-this-week,Men's Journal,"03/11/2026, 07:00 AM, +0000 UTC",heat,2026-05-08T11:02:00.818881+00:00,,,,False,heat_warning,,,,,,2026-05-08T11:14:16.172458+00:00
https://www.scientificamerican.com/article/tampa-breaks-heat-record-as-heat-dome-bakes-eastern-u-s/,Scorching Heat Dome Sends Tampa to 100 Degrees F for the First Time,,https://www.scientificamerican.com/article/tampa-breaks-heat-record-as-heat-dome-bakes-eastern-u-s/,Scientific American,"07/28/2025, 07:00 AM, +0000 UTC",heat,2026-05-08T11:02:00.818881+00:00,,,,False,heat_dome,,,,,,2026-05-08T11:14:16.172458+00:00
https://www.severe-weather.eu/global-weather/heat-dome-heatwave-united-states-canada-sweltering-hot-weather-july-2025-mk/,"Heat Dome returns over east central U.S. next week, expands west and north into Canada through the end of July",,https://www.severe-weather.eu/global-weather/heat-dome-heatwave-united-states-canada-sweltering-hot-weather-july-2025-mk/,Severe Weather Europe,"07/19/2025, 07:00 AM, +0000 UTC",heat,2026-05-08T11:02:00.818881+00:00,,,,False,heat_dome,,,,,,2026-05-08T11:14:16.172458+00:00
https://www.usatoday.com/story/news/nation/2025/07/21/heat-dome-extreme-temperatures/85304631007/,Heat dome to push extreme temperatures across much of US this week,,https://www.usatoday.com/story/news/nation/2025/07/21/heat-dome-extreme-temperatures/85304631007/,USA Today,"07/21/2025, 07:00 AM, +0000 UTC",heat,2026-05-08T11:02:00.818881+00:00,,,,False,heat_dome,,,,,,2026-05-08T11:14:16.172458+00:00
https://www.accuweather.com/en/weather-news/heat-advisory/1797625,100 million to swelter daily in massive US heat dome,,https://www.accuweather.com/en/weather-news/heat-advisory/1797625,AccuWeather,"07/22/2025, 07:00 AM, +0000 UTC",heat,2026-05-08T11:02:00.818881+00:00,,,,False,heat_dome,,,,,,2026-05-08T11:14:16.172458+00:00
https://www.npr.org/2025/06/24/g-s1-74358/heat-dome-hot-weather-explained,'A lid on a pot': How does a heat dome work?,,https://www.npr.org/2025/06/24/g-s1-74358/heat-dome-hot-weather-explained,NPR,"06/24/2025, 07:00 AM, +0000 UTC",heat,2026-05-08T11:02:00.818881+00:00,,,,False,heat_dome,,,,,,2026-05-08T11:14:16.172458+00:00
https://www.accuweather.com/en/weather-forecasts/building-western-us-heat-dome-may-set-records-cause-wildfires-to-surge/1801605,"Building western US heat dome may set records, cause wildfires to surge",,https://www.accuweather.com/en/weather-forecasts/building-western-us-heat-dome-may-set-records-cause-wildfires-to-surge/1801605,AccuWeather,"08/02/2025, 06:16 PM, +0000 UTC",heat,2026-05-08T11:02:00.818881+00:00,,,,False,heat_dome,,,,,,2026-05-08T11:14:16.172458+00:00
https://www.thenationalherald.com/us-weather-to-go-nuts-with-blizzard-polar-vortex-heat-dome-atmospheric-river-all-at-once/,"US Weather to Go Nuts with Blizzard, Polar Vortex, Heat Dome, Atmospheric River All at Once",,https://www.thenationalherald.com/us-weather-to-go-nuts-with-blizzard-polar-vortex-heat-dome-atmospheric-river-all-at-once/,The National Herald,"03/13/2026, 11:49 AM, +0000 UTC",heat,2026-05-08T11:02:00.818881+00:00,,,,False,heat_dome,,,,,,2026-05-08T11:14:16.172458+00:00
https://www.cbsnews.com/news/heat-wave-forecast-us-maps-this-week/,When will the heat wave end? Maps show forecast across the U.S.,,https://www.cbsnews.com/news/heat-wave-forecast-us-maps-this-week/,CBS News,"06/26/2025, 07:00 AM, +0000 UTC",heat,2026-05-08T11:02:00.818881+00:00,,,,False,heat_dome,,,,,,2026-05-08T11:14:16.172458+00:00
https://www.iheart.com/content/2026-03-13-all-50-us-states-could-face-extreme-weather-including-blizzard-heat-dome/,"All 50 US States Could Face Extreme Weather Including Blizzard, Heat Dome",,https://www.iheart.com/content/2026-03-13-all-50-us-states-could-face-extreme-weather-including-blizzard-heat-dome/,iHeart,"03/13/2026, 07:00 AM, +0000 UTC",heat,2026-05-08T11:02:00.818881+00:00,,,,False,heat_dome,,,,,,2026-05-08T11:14:16.172458+00:00
https://www.pbs.org/newshour/nation/eastern-half-of-u-s-bakes-under-heat-dome-with-more-days-of-dangerous-temperatures-ahead,"Eastern half of U.S. bakes under heat dome, with more days of dangerous temperatures ahead",,https://www.pbs.org/newshour/nation/eastern-half-of-u-s-bakes-under-heat-dome-with-more-days-of-dangerous-temperatures-ahead,PBS,"06/22/2025, 07:00 AM, +0000 UTC",heat,2026-05-08T11:02:00.818881+00:00,,,,False,heat_dome,,,,,,2026-05-08T11:14:16.172458+00:00
https://globalnews.ca/news/11729307/us-weather-blizzard-polar-vortex-heat-dome-atmospheric-river/,"A blizzard, polar vortex, heat dome and atmospheric river: U.S. faces weather chaos - National",,https://globalnews.ca/news/11729307/us-weather-blizzard-polar-vortex-heat-dome-atmospheric-river/,Global News,"03/13/2026, 07:00 AM, +0000 UTC",heat,2026-05-08T11:02:00.818881+00:00,,,,False,heat_dome,,,,,,2026-05-08T11:14:16.172458+00:00
https://www.stl.news/historic-heat-dome-expanding-to-envelop-almost-the-entire-united-states/,Historic heat dome expanding to envelop almost the entire United States.,,https://www.stl.news/historic-heat-dome-expanding-to-envelop-almost-the-entire-united-states/,stl.news,"03/24/2026, 07:00 AM, +0000 UTC",heat,2026-05-08T11:02:00.818881+00:00,,,,False,heat_dome,,,,,,2026-05-08T11:14:16.172458+00:00
https://watchers.news/2025/06/20/extreme-heat-alerts-central-eastern-usa-heat-dome/,"Extreme heat alerts issued for central, eastern U.S. as heat dome builds June 20 onwards",,https://watchers.news/2025/06/20/extreme-heat-alerts-central-eastern-usa-heat-dome/,The Watchers - Watching the world evolve and transform,"06/20/2025, 07:00 AM, +0000 UTC",heat,2026-05-08T11:02:00.818881+00:00,,,,False,heat_dome,,,,,,2026-05-08T11:14:16.172458+00:00
https://www.foxweather.com/weather-news/heat-dome-ring-fire-storms-weather-pattern-us-forecast,Life-threatening heat dome intensifies as ring of fire storms rumble across central US,,https://www.foxweather.com/weather-news/heat-dome-ring-fire-storms-weather-pattern-us-forecast,FOX Weather,"07/21/2025, 07:00 AM, +0000 UTC",heat,2026-05-08T11:02:00.818881+00:00,,,,False,heat_dome,,,,,,2026-05-08T11:14:16.172458+00:00
https://www.nbcnews.com/science/science-news/heat-dome-causes-opressive-temperatures-explainer-rcna214939,Why do heat domes bring oppressive temperatures?,,https://www.nbcnews.com/science/science-news/heat-dome-causes-opressive-temperatures-explainer-rcna214939,NBC News,"06/26/2025, 07:00 AM, +0000 UTC",heat,2026-05-08T11:02:00.818881+00:00,,,,False,heat_dome,,,,,,2026-05-08T11:14:16.172458+00:00
https://www.deseret.com/environment/2026/03/13/massive-heat-dome-over-the-west/,‘Unprecedented’ heat to reach most of the West starting next week,,https://www.deseret.com/environment/2026/03/13/massive-heat-dome-over-the-west/,Deseret News,"03/13/2026, 07:00 AM, +0000 UTC",heat,2026-05-08T11:02:00.818881+00:00,,,,False,heat_event,,,,,,2026-05-08T11:14:16.172458+00:00
https://www.washingtonpost.com/weather/2025/06/19/maps-extreme-heat-humidity-forecast/,A heat dome is about to bring extreme heat and humidity to more than 200 million,,https://www.washingtonpost.com/weather/2025/06/19/maps-extreme-heat-humidity-forecast/,The Washington Post,"06/20/2025, 07:00 AM, +0000 UTC",heat,2026-05-08T11:02:00.818881+00:00,,,,False,heat_dome,,,,,,2026-05-08T11:14:16.172458+00:00
https://www.foxweather.com/weather-news/heat-dome-temperature-records-south-central-east,Severe storms rumble through Northeast heat dome with reports of damaging winds,,https://www.foxweather.com/weather-news/heat-dome-temperature-records-south-central-east,FOX Weather,"07/25/2025, 07:00 AM, +0000 UTC",heat,2026-05-08T11:02:00.818881+00:00,,,,False,heat_dome,,,,,,2026-05-08T11:14:16.172458+00:00
https://www.accuweather.com/en/weather-forecasts/100-degree-heat-dome-to-set-up-shop-over-southern-us/1796367,100-degree heat dome to set up shop over southern US,,https://www.accuweather.com/en/weather-forecasts/100-degree-heat-dome-to-set-up-shop-over-southern-us/1796367,AccuWeather,"07/18/2025, 05:22 PM, +0000 UTC",heat,2026-05-08T11:02:00.818881+00:00,,,,False,heat_dome,,,,,,2026-05-08T11:14:16.172458+00:00
https://www.theguardian.com/us-news/2025/jun/20/heat-dome-warning-central-eastern-us,Millions of people across central and eastern US under ‘heat dome’ warning,,https://www.theguardian.com/us-news/2025/jun/20/heat-dome-warning-central-eastern-us,The Guardian,"06/20/2025, 07:00 AM, +0000 UTC",heat,2026-05-08T11:02:00.818881+00:00,,,,False,heat_dome,,,,,,2026-05-08T11:14:16.172458+00:00
https://www.usatoday.com/story/news/nation/2025/07/22/heat-dome-weather-hot-temperatures/85319399007/,"Heat dome is scorching the South, moving toward the East: What you can expect",,https://www.usatoday.com/story/news/nation/2025/07/22/heat-dome-weather-hot-temperatures/85319399007/,USA Today,"07/22/2025, 07:00 AM, +0000 UTC",heat,2026-05-08T11:02:00.818881+00:00,,,,False,heat_dome,,,,,,2026-05-08T11:14:16.172458+00:00
https://watchers.news/2025/06/23/record-breaking-heat-grips-central-eastern-usa-heat-dome-intensifies/,Record-breaking heat grips central and eastern U.S. as heat dome intensifies,,https://watchers.news/2025/06/23/record-breaking-heat-grips-central-eastern-usa-heat-dome-intensifies/,The Watchers - Watching the world evolve and transform,"06/23/2025, 07:00 AM, +0000 UTC",heat,2026-05-08T11:02:00.818881+00:00,,,,False,heat_dome,,,,,,2026-05-08T11:14:16.172458+00:00
https://www.cnn.com/2025/06/21/weather/heat-dome-climate,"A potent heat dome is building over the US, sending temperatures into the triple digits",,https://www.cnn.com/2025/06/21/weather/heat-dome-climate,CNN,"06/18/2025, 07:00 AM, +0000 UTC",heat,2026-05-08T11:02:00.818881+00:00,,,,False,heat_dome,,,,,,2026-05-08T11:14:16.172458+00:00
https://www.severe-weather.eu/global-weather/heat-dome-intense-heatwave-summer-2025-united-states-mk/,"Heat Dome develops over the U.S. by the weekend, intensifying a heatwave into the next week",,https://www.severe-weather.eu/global-weather/heat-dome-intense-heatwave-summer-2025-united-states-mk/,Severe Weather Europe,"06/19/2025, 07:00 AM, +0000 UTC",heat,2026-05-08T11:02:00.818881+00:00,,,,False,heat_dome,,,,,,2026-05-08T11:14:16.172458+00:00
https://www.foxweather.com/weather-news/heat-wave-dome-northeast-mid-atlantic-new-england-summer-2025,Century-old temperature records tumble as heat dome bakes millions in Northeast,,https://www.foxweather.com/weather-news/heat-wave-dome-northeast-mid-atlantic-new-england-summer-2025,FOX Weather,"06/23/2025, 07:00 AM, +0000 UTC",heat,2026-05-08T11:02:00.818881+00:00,,,,False,heat_dome,,,,,,2026-05-08T11:14:16.172458+00:00
https://www.axios.com/2025/07/22/heat-wave-dome-corn-sweat-forecast,"A heat dome and ""corn sweat"" are driving this week's dangerous heat wave",,https://www.axios.com/2025/07/22/heat-wave-dome-corn-sweat-forecast,Axios,"07/22/2025, 07:00 AM, +0000 UTC",heat,2026-05-08T11:02:00.818881+00:00,,,,False,heat_dome,,,,,,2026-05-08T11:14:16.172458+00:00
https://spectrumnews1.com/wi/milwaukee/news/2025/06/18/heat-dome--weather--worrisome-temperatures--midwest,"Heat dome will blanket much of the U.S., with worrisome temperatures in Midwest",,https://spectrumnews1.com/wi/milwaukee/news/2025/06/18/heat-dome--weather--worrisome-temperatures--midwest,Spectrum News,"06/18/2025, 07:00 AM, +0000 UTC",heat,2026-05-08T11:02:00.818881+00:00,Midwest,Midwest,region,True,heat_dome,,,,41.0,-89.0,2026-05-08T11:14:16.172458+00:00
https://www.clickorlando.com/weather/2025/07/29/end-in-sight-as-summer-heat-dome-persists-but-there-is-a-twist/,End in sight as summer heat dome persists. But there is a twist,,https://www.clickorlando.com/weather/2025/07/29/end-in-sight-as-summer-heat-dome-persists-but-there-is-a-twist/,WKMG,"07/29/2025, 07:00 AM, +0000 UTC",heat,2026-05-08T11:02:00.818881+00:00,,,,False,heat_dome,,,,,,2026-05-08T11:14:16.172458+00:00
https://www.nbcnews.com/weather/heat/eastern-half-us-sweltering-dangerous-heat-wave-expected-last-midweek-rcna214385,"Eastern half of U.S. sweltering again, with dangerous heat wave expected to last until midweek",,https://www.nbcnews.com/weather/heat/eastern-half-us-sweltering-dangerous-heat-wave-expected-last-midweek-rcna214385,NBC News,"06/22/2025, 07:00 AM, +0000 UTC",heat,2026-05-08T11:02:00.818881+00:00,,,,False,heat_dome,,,,,,2026-05-08T11:14:16.172458+00:00
https://www.foxweather.com/weather-news/heat-wave-northeast-midwest-summer-arrives,"Heat dome bakes millions across northern US before pushing New York, Philadelphia temps toward triple digits",,https://www.foxweather.com/weather-news/heat-wave-northeast-midwest-summer-arrives,FOX Weather,"06/19/2025, 07:00 AM, +0000 UTC",heat,2026-05-08T11:02:00.818881+00:00,New York,New York,state,True,heat_dome,,,,42.165726,-74.948051,2026-05-08T11:14:16.172458+00:00
https://www.cbsnews.com/boston/news/heat-dome-map-boston-weather/,"Extreme heat warning for most of Massachusetts, Boston could hit 100 degrees Tuesday",,https://www.cbsnews.com/boston/news/heat-dome-map-boston-weather/,CBS News,"06/24/2025, 07:00 AM, +0000 UTC",heat,2026-05-08T11:02:00.818881+00:00,Massachusetts,Massachusetts,state,True,heat_event,,,,42.230171,-71.530106,2026-05-08T11:14:16.172458+00:00
https://www.expressnews.com/san-antonio-weather/forecast/article/heat-dome-south-texas-temperatures-wednesday-20780888.php,"Heat dome grips central U.S., but will it affect South Texas?",,https://www.expressnews.com/san-antonio-weather/forecast/article/heat-dome-south-texas-temperatures-wednesday-20780888.php,San Antonio Express-News,"07/23/2025, 07:00 AM, +0000 UTC",heat,2026-05-08T11:02:00.818881+00:00,san antonio,"san antonio, Texas",city,True,heat_dome,,,,29.424122,-98.493629,2026-05-08T11:14:16.172458+00:00
https://www.foxweather.com/weather-news/heat-dome-northeast-records-june-2025,Heat dome baking much of US set to shatter centuries-old heat records across Northeast,,https://www.foxweather.com/weather-news/heat-dome-northeast-records-june-2025,FOX Weather,"06/20/2025, 07:00 AM, +0000 UTC",heat,2026-05-08T11:02:00.818881+00:00,,,,False,heat_dome,,,,,,2026-05-08T11:14:16.172458+00:00
https://vtdigger.org/2025/06/23/find-the-cooling-center-nearest-you-amid-vermonts-1st-heat-wave-of-the-year/,Find the cooling center nearest you amid Vermont’s 1st heat wave of the year,,https://vtdigger.org/2025/06/23/find-the-cooling-center-nearest-you-amid-vermonts-1st-heat-wave-of-the-year/,VTDigger,"06/23/2025, 07:00 AM, +0000 UTC",heat,2026-05-08T11:02:00.818881+00:00,Vermont,Vermont,state,True,heat_emergency,,,,44.045876,-72.710686,2026-05-08T11:14:16.172458+00:00
https://www.foxweather.com/weather-news/heat-dome-heat-wave-june-2025-northeast-mid-atlantic,Much-needed relief comes to Northeast after dangerous heat dome sends temperatures soaring,,https://www.foxweather.com/weather-news/heat-dome-heat-wave-june-2025-northeast-mid-atlantic,FOX Weather,"06/25/2025, 07:00 AM, +0000 UTC",heat,2026-05-08T11:02:00.818881+00:00,,,,False,heat_dome,,,,,,2026-05-08T11:14:16.172458+00:00
https://news.cuanschutz.edu/news-stories/heat-dome-grips-the-west-what-is-it-and-how-can-it-affect-health,"Heat Dome Grips the West: What Is It, and How Can It Affect Health?",,https://news.cuanschutz.edu/news-stories/heat-dome-grips-the-west-what-is-it-and-how-can-it-affect-health,CU Anschutz newsroom,"03/18/2026, 07:00 AM, +0000 UTC",heat,2026-05-09T10:45:46.212231+00:00,,,,False,heat_dome,,,,,,2026-05-09T10:59:08.372705+00:00
https://www.aspenpublicradio.org/environment/2026-03-16/heat-dome-to-bring-record-breaking-temperatures-across-the-west,Heat dome to bring record-breaking temperatures across the West,,https://www.aspenpublicradio.org/environment/2026-03-16/heat-dome-to-bring-record-breaking-temperatures-across-the-west,Aspen Public Radio,"03/16/2026, 07:00 AM, +0000 UTC",heat,2026-05-09T10:45:46.212231+00:00,,,,False,heat_dome,,,,,,2026-05-09T10:59:08.372705+00:00
https://www.cbc.ca/news/climate/record-heat-dome-9.7139906,Record-breaking heat dome spreads across U.S.,,https://www.cbc.ca/news/climate/record-heat-dome-9.7139906,CBC,"03/24/2026, 07:00 AM, +0000 UTC",heat,2026-05-09T10:45:46.212231+00:00,,,,False,heat_dome,,,,,,2026-05-09T10:59:08.372705+00:00
https://www.climatecentral.org/climate-shift-index-alert/March-record-breaking-western-heatwave,"Record-breaking March heatwave, intensified by climate change, continues to shatter records across the U.S.",,https://www.climatecentral.org/climate-shift-index-alert/March-record-breaking-western-heatwave,Climate Central,"03/24/2026, 06:48 PM, +0000 UTC",heat,2026-05-09T10:45:46.212231+00:00,,,,False,heat_event,,,,,,2026-05-09T10:59:08.372705+00:00
https://www.cbsnews.com/news/maps-us-heat-advisory-high-temperature-dome-moves-east/,"Maps show U.S. heat advisories, high temperatures as heat dome moves east",,https://www.cbsnews.com/news/maps-us-heat-advisory-high-temperature-dome-moves-east/,CBS News,"07/25/2025, 07:00 AM, +0000 UTC",heat,2026-05-09T10:45:46.212231+00:00,,,,False,heat_dome,,,,,,2026-05-09T10:59:08.372705+00:00
https://www.pbs.org/newshour/nation/u-s-forecasts-blizzard-polar-vortex-heat-dome-and-atmospheric-river-all-at-once,"U.S. forecasts blizzard, polar vortex, heat dome and atmospheric river all at once",,https://www.pbs.org/newshour/nation/u-s-forecasts-blizzard-polar-vortex-heat-dome-and-atmospheric-river-all-at-once,PBS,"03/13/2026, 07:00 AM, +0000 UTC",heat,2026-05-09T10:45:46.212231+00:00,,,,False,heat_dome,,,,,,2026-05-09T10:59:08.372705+00:00
https://www.nbcnews.com/weather/heat/western-heat-wave-ends-records-duration-intensity-rcna265514,"As Western heat wave ends, scientists try to make sense of its length and intensity",,https://www.nbcnews.com/weather/heat/western-heat-wave-ends-records-duration-intensity-rcna265514,NBC News,"03/28/2026, 07:00 AM, +0000 UTC",heat,2026-05-09T10:45:46.212231+00:00,,,,False,heat_dome,,,,,,2026-05-09T10:59:08.372705+00:00
https://www.cnet.com/home/energy-and-utilities/historic-heat-dome-creeping-across-us-how-prepare/,A Historic Heat Dome Is Creeping Across the US. Here's How to Prepare,,https://www.cnet.com/home/energy-and-utilities/historic-heat-dome-creeping-across-us-how-prepare/,CNET,"03/24/2026, 07:00 AM, +0000 UTC",heat,2026-05-09T10:45:46.212231+00:00,,,,False,heat_dome,,,,,,2026-05-09T10:59:08.372705+00:00
https://news.oregonstate.edu/news/study-paints-detailed-picture-forest-canopy-damage-caused-%E2%80%98heat-dome%E2%80%99,Study paints detailed picture of forest canopy damage caused by ‘heat dome’,,https://news.oregonstate.edu/news/study-paints-detailed-picture-forest-canopy-damage-caused-%E2%80%98heat-dome%E2%80%99,Oregon State University,"11/04/2025, 08:00 AM, +0000 UTC",heat,2026-05-09T10:45:46.212231+00:00,,,,False,heat_dome,,,,,,2026-05-09T10:59:08.372705+00:00
https://www.pbs.org/newshour/science/basically-the-entire-u-s-is-going-to-be-hot-as-record-smashing-heat-spreads,'Basically the entire U.S. is going to be hot' as record-smashing heat spreads,,https://www.pbs.org/newshour/science/basically-the-entire-u-s-is-going-to-be-hot-as-record-smashing-heat-spreads,PBS,"03/24/2026, 07:00 AM, +0000 UTC",heat,2026-05-09T10:45:46.212231+00:00,,,,False,heat_event,,,,,,2026-05-09T10:59:08.372705+00:00
https://www.newsweek.com/heat-dome-map-shows-states-set-for-hottest-spring-temperatures-11733473,Heat Dome Map Shows States Set For Hottest Spring Temperatures,,https://www.newsweek.com/heat-dome-map-shows-states-set-for-hottest-spring-temperatures-11733473,Newsweek,"03/25/2026, 07:00 AM, +0000 UTC",heat,2026-05-09T10:45:46.212231+00:00,,,,False,heat_dome,,,,,,2026-05-09T10:59:08.372705+00:00
https://www.theatlantic.com/science/2026/03/west-heat-wave/686457/,There’s No Way the American West Will Have a Normal Summer,,https://www.theatlantic.com/science/2026/03/west-heat-wave/686457/,The Atlantic,"03/19/2026, 07:00 AM, +0000 UTC",heat,2026-05-09T10:45:46.212231+00:00,,,,False,heat_event,,,,,,2026-05-09T10:59:08.372705+00:00
https://www.thecooldown.com/outdoors/record-heat-wave-us-19-states/,Meteorologist issues warning as heat dome creeps across country: 'The entire US is going to be hot',,https://www.thecooldown.com/outdoors/record-heat-wave-us-19-states/,The Cool Down,"03/26/2026, 07:00 AM, +0000 UTC",heat,2026-05-09T10:45:46.212231+00:00,,,,False,heat_dome,,,,,,2026-05-09T10:59:08.372705+00:00
https://www.aol.com/spring-2026-forecasts-warn-dreaded-100250712.html,New spring 2026 forecasts warn of the dreaded 'heat dome',,https://www.aol.com/spring-2026-forecasts-warn-dreaded-100250712.html,AOL.com,"03/22/2026, 07:00 AM, +0000 UTC",heat,2026-05-09T10:45:46.212231+00:00,,,,False,heat_dome,,,,,,2026-05-09T10:59:08.372705+00:00
https://phys.org/news/2026-03-north-america-dome-left-winners.html,North America 'heat dome' left winners and losers: Study,,https://phys.org/news/2026-03-north-america-dome-left-winners.html,Phys.org,"03/15/2026, 07:00 AM, +0000 UTC",heat,2026-05-09T10:45:46.212231+00:00,,,,False,heat_dome,,,,,,2026-05-09T10:59:08.372705+00:00
https://www.euronews.com/2026/03/20/pushing-extremes-to-new-levels-record-us-heat-dome-made-possible-by-climate-change,'Climate change in real time': US hit by record-shattering heatwave,,https://www.euronews.com/2026/03/20/pushing-extremes-to-new-levels-record-us-heat-dome-made-possible-by-climate-change,Euronews.com,"03/20/2026, 07:00 AM, +0000 UTC",heat,2026-05-09T10:45:46.212231+00:00,,,,False,heat_event,,,,,,2026-05-09T10:59:08.372705+00:00
https://www.usatoday.com/story/news/weather/2026/03/28/april-weather-forecast-heat-dome/89347353007/,April weather forecast predicts 'major change' as heat dome moves,,https://www.usatoday.com/story/news/weather/2026/03/28/april-weather-forecast-heat-dome/89347353007/,USA Today,"03/28/2026, 07:00 AM, +0000 UTC",heat,2026-05-09T10:45:46.212231+00:00,,,,False,heat_dome,,,,,,2026-05-09T10:59:08.372705+00:00
https://yaleclimateconnections.org/2025/08/is-heat-dome-overhyped-why-some-meteorologists-dislike-this-term/,Is ‘heat dome’ overhyped? Why some meteorologists dislike this term,,https://yaleclimateconnections.org/2025/08/is-heat-dome-overhyped-why-some-meteorologists-dislike-this-term/,Yale Climate Connections,"08/01/2025, 07:00 AM, +0000 UTC",heat,2026-05-09T10:45:46.212231+00:00,,,,False,heat_dome,,,,,,2026-05-09T10:59:08.372705+00:00
https://www.newsweek.com/us-weather-prediction-spring-2026-heat-dome-11717091,US Weather Prediction for Spring 2026 Warns of ‘Heat Dome’,,https://www.newsweek.com/us-weather-prediction-spring-2026-heat-dome-11717091,Newsweek,"03/22/2026, 07:00 AM, +0000 UTC",heat,2026-05-09T10:45:46.212231+00:00,,,,False,heat_dome,,,,,,2026-05-09T10:59:08.372705+00:00
https://pv-magazine-usa.com/2026/04/03/heat-dome-and-high-pressure-boost-southern-u-s-solar-as-polar-vortex-clouds-the-north/,Heat dome and high pressure boost southern U.S. solar as polar vortex clouds the north,,https://pv-magazine-usa.com/2026/04/03/heat-dome-and-high-pressure-boost-southern-u-s-solar-as-polar-vortex-clouds-the-north/,pv magazine USA,"04/03/2026, 07:00 AM, +0000 UTC",heat,2026-05-09T10:45:46.212231+00:00,,,,False,heat_dome,,,,,,2026-05-09T10:59:08.372705+00:00
https://www.severe-weather.eu/global-weather/christmas-2025-forecast-warmest-on-record-holidays-historic-heat-dome-united-states-mk/,Christmas 2025 Forecast: Warmest Holidays since the 1950s under a Historic Heat Dome,,https://www.severe-weather.eu/global-weather/christmas-2025-forecast-warmest-on-record-holidays-historic-heat-dome-united-states-mk/,Severe Weather Europe,"12/21/2025, 08:00 AM, +0000 UTC",heat,2026-05-09T10:45:46.212231+00:00,,,,False,heat_dome,,,,,,2026-05-09T10:59:08.372705+00:00
https://www.kktv.com/2026/03/17/heat-dome-sliding-what-does-that-mean/,Heat Dome sliding in: What does that mean?,,https://www.kktv.com/2026/03/17/heat-dome-sliding-what-does-that-mean/,KKTV,"03/17/2026, 07:00 AM, +0000 UTC",heat,2026-05-09T10:45:46.212231+00:00,,,,False,heat_dome,,,,,,2026-05-09T10:59:08.372705+00:00
https://www.scientificamerican.com/article/heat-domes-extreme-heat-and-humidity-triggers-alerts-across-eastern-u-s/,A Massive Heat Dome Is Cooking the Eastern U.S.,,https://www.scientificamerican.com/article/heat-domes-extreme-heat-and-humidity-triggers-alerts-across-eastern-u-s/,Scientific American,"07/23/2025, 07:00 AM, +0000 UTC",heat,2026-05-09T10:45:46.212231+00:00,,,,False,heat_dome,,,,,,2026-05-09T10:59:08.372705+00:00
https://wpde.com/weather/abc-15-weather-authority-blog/hail-ice-stones-from-the-sky,The heat dome in the west,,https://wpde.com/weather/abc-15-weather-authority-blog/hail-ice-stones-from-the-sky,WPDE,"03/23/2026, 07:00 AM, +0000 UTC",heat,2026-05-09T10:45:46.212231+00:00,,,,False,heat_dome,,,,,,2026-05-09T10:59:08.372705+00:00
https://www.yahoo.com/news/articles/wests-record-shattering-heat-wave-160746356.html,The West's record-shattering heat wave isn't over as heat dome shifts into the Plains,,https://www.yahoo.com/news/articles/wests-record-shattering-heat-wave-160746356.html,Yahoo,"03/22/2026, 07:00 AM, +0000 UTC",heat,2026-05-09T10:45:46.212231+00:00,,,,False,heat_dome,,,,,,2026-05-09T10:59:08.372705+00:00
https://www.foxweather.com/weather-news/heat-dome-southeast,Life-threatening heat dome broils millions across eastern US as records tumble,,https://www.foxweather.com/weather-news/heat-dome-southeast,FOX Weather,"07/29/2025, 07:00 AM, +0000 UTC",heat,2026-05-09T10:45:46.212231+00:00,,,,False,heat_dome,,,,,,2026-05-09T10:59:08.372705+00:00
https://news.sky.com/story/us-suffers-hottest-march-day-ever-recorded-as-heat-dome-drives-up-temperatures-13522180,US suffers hottest March day ever recorded as heat dome drives up temperatures,,https://news.sky.com/story/us-suffers-hottest-march-day-ever-recorded-as-heat-dome-drives-up-temperatures-13522180,Sky News,"03/20/2026, 07:00 AM, +0000 UTC",heat,2026-05-09T10:45:46.212231+00:00,,,,False,heat_dome,,,,,,2026-05-09T10:59:08.372705+00:00
https://grist.org/extreme-heat/the-science-behind-the-heat-dome-a-mosh-pit-of-molecules/,The science behind the heat dome — ‘a mosh pit’ of molecules,,https://grist.org/extreme-heat/the-science-behind-the-heat-dome-a-mosh-pit-of-molecules/,grist.org,"07/22/2025, 07:00 AM, +0000 UTC",heat,2026-05-09T10:45:46.212231+00:00,,,,False,heat_dome,,,,,,2026-05-09T10:59:08.372705+00:00
https://www.aol.com/wests-record-shattering-heat-wave-160746066.html,The West's record-shattering heat wave isn't over as heat dome shifts into the Plains,,https://www.aol.com/wests-record-shattering-heat-wave-160746066.html,AOL.com,"03/23/2026, 04:24 AM, +0000 UTC",heat,2026-05-09T10:45:46.212231+00:00,,,,False,heat_dome,,,,,,2026-05-09T10:59:08.372705+00:00
https://www.scientificamerican.com/article/tampa-breaks-heat-record-as-heat-dome-bakes-eastern-u-s/,Scorching Heat Dome Sends Tampa to 100 Degrees F for the First Time,,https://www.scientificamerican.com/article/tampa-breaks-heat-record-as-heat-dome-bakes-eastern-u-s/,Scientific American,"07/28/2025, 07:00 AM, +0000 UTC",heat,2026-05-09T10:45:46.212231+00:00,,,,False,heat_dome,,,,,,2026-05-09T10:59:08.372705+00:00
https://www.mensjournal.com/news/excessive-heat-warning-issued-as-100-degree-temperatures-record-march-highs-forecast-this-week,"Excessive Heat Warning Issued as 100-Degree Temperatures, Record March Highs Forecast This Week",,https://www.mensjournal.com/news/excessive-heat-warning-issued-as-100-degree-temperatures-record-march-highs-forecast-this-week,Men's Journal,"03/11/2026, 07:00 AM, +0000 UTC",heat,2026-05-09T10:45:46.212231+00:00,,,,False,heat_warning,,,,,,2026-05-09T10:59:08.372705+00:00
https://www.foxweather.com/weather-news/noaa-warmest-march-ever-recorded-across-lower-48-historic-western-heat-dome,NOAA: Warmest March ever recorded across Lower 48 driven by historic Western heat dome,,https://www.foxweather.com/weather-news/noaa-warmest-march-ever-recorded-across-lower-48-historic-western-heat-dome,FOX Weather,"04/10/2026, 07:00 AM, +0000 UTC",heat,2026-05-09T10:45:46.212231+00:00,,,,False,heat_dome,,,,,,2026-05-09T10:59:08.372705+00:00
https://www.severe-weather.eu/global-weather/heat-dome-heatwave-united-states-canada-sweltering-hot-weather-july-2025-mk/,"Heat Dome returns over east central U.S. next week, expands west and north into Canada through the end of July",,https://www.severe-weather.eu/global-weather/heat-dome-heatwave-united-states-canada-sweltering-hot-weather-july-2025-mk/,Severe Weather Europe,"07/19/2025, 07:00 AM, +0000 UTC",heat,2026-05-09T10:45:46.212231+00:00,,,,False,heat_dome,,,,,,2026-05-09T10:59:08.372705+00:00
https://www.usatoday.com/story/news/nation/2025/07/21/heat-dome-extreme-temperatures/85304631007/,Heat dome to push extreme temperatures across much of US this week,,https://www.usatoday.com/story/news/nation/2025/07/21/heat-dome-extreme-temperatures/85304631007/,USA Today,"07/21/2025, 07:00 AM, +0000 UTC",heat,2026-05-09T10:45:46.212231+00:00,,,,False,heat_dome,,,,,,2026-05-09T10:59:08.372705+00:00
https://www.iheart.com/content/2026-03-13-all-50-us-states-could-face-extreme-weather-including-blizzard-heat-dome/,"All 50 US States Could Face Extreme Weather Including Blizzard, Heat Dome",,https://www.iheart.com/content/2026-03-13-all-50-us-states-could-face-extreme-weather-including-blizzard-heat-dome/,iHeart,"03/13/2026, 07:00 AM, +0000 UTC",heat,2026-05-09T10:45:46.212231+00:00,,,,False,heat_dome,,,,,,2026-05-09T10:59:08.372705+00:00
https://globalnews.ca/news/11729307/us-weather-blizzard-polar-vortex-heat-dome-atmospheric-river/,"A blizzard, polar vortex, heat dome and atmospheric river: U.S. faces weather chaos - National",,https://globalnews.ca/news/11729307/us-weather-blizzard-polar-vortex-heat-dome-atmospheric-river/,Global News,"03/13/2026, 07:00 AM, +0000 UTC",heat,2026-05-09T10:45:46.212231+00:00,,,,False,heat_dome,,,,,,2026-05-09T10:59:08.372705+00:00
https://www.msn.com/en-us/weather/topstories/historic-heat-dome-to-roast-14-us-states-with-triple-digit-temperatures-months-ahead-of-schedule/ar-AA1YKITL,Historic heat dome to roast 14 US states with triple-digit temperatures months ahead of schedule,,https://www.msn.com/en-us/weather/topstories/historic-heat-dome-to-roast-14-us-states-with-triple-digit-temperatures-months-ahead-of-schedule/ar-AA1YKITL,MSN,"03/16/2026, 07:00 AM, +0000 UTC",heat,2026-05-09T10:45:46.212231+00:00,,,,False,heat_dome,,,,,,2026-05-09T10:59:08.372705+00:00
https://www.accuweather.com/en/weather-forecasts/building-western-us-heat-dome-may-set-records-cause-wildfires-to-surge/1801605,"Building western US heat dome may set records, cause wildfires to surge",,https://www.accuweather.com/en/weather-forecasts/building-western-us-heat-dome-may-set-records-cause-wildfires-to-surge/1801605,AccuWeather,"08/02/2025, 06:16 PM, +0000 UTC",heat,2026-05-09T10:45:46.212231+00:00,,,,False,heat_dome,,,,,,2026-05-09T10:59:08.372705+00:00
https://www.stl.news/historic-heat-dome-expanding-to-envelop-almost-the-entire-united-states/,Historic heat dome expanding to envelop almost the entire United States.,,https://www.stl.news/historic-heat-dome-expanding-to-envelop-almost-the-entire-united-states/,stl.news,"03/24/2026, 07:00 AM, +0000 UTC",heat,2026-05-09T10:45:46.212231+00:00,,,,False,heat_dome,,,,,,2026-05-09T10:59:08.372705+00:00
https://www.pbs.org/newshour/nation/eastern-half-of-u-s-bakes-under-heat-dome-with-more-days-of-dangerous-temperatures-ahead,"Eastern half of U.S. bakes under heat dome, with more days of dangerous temperatures ahead",,https://www.pbs.org/newshour/nation/eastern-half-of-u-s-bakes-under-heat-dome-with-more-days-of-dangerous-temperatures-ahead,PBS,"06/22/2025, 07:00 AM, +0000 UTC",heat,2026-05-09T10:45:46.212231+00:00,,,,False,heat_dome,,,,,,2026-05-09T10:59:08.372705+00:00
https://mavensnotebook.com/2026/03/12/daily-digest-3-12-a-record-heat-dome-is-about-to-hit-the-west-as-signs-of-strong-el-nino-emerge-water-board-to-release-new-rule-to-limit-water-pollution-from-dairies-the-mutibenefit-land-repurposi/,"DAILY DIGEST, 3/12: A record heat dome is about to hit the West as signs of strong El Niño emerge; Water Board to release new rule to limit water pollution from dairies; The Mutibenefit Land Repurposing Program’s 2025 progress report; Pacific Fishery Mana",,https://mavensnotebook.com/2026/03/12/daily-digest-3-12-a-record-heat-dome-is-about-to-hit-the-west-as-signs-of-strong-el-nino-emerge-water-board-to-release-new-rule-to-limit-water-pollution-from-dairies-the-mutibenefit-land-repurposi/,Maven's Notebook,"03/12/2026, 07:00 AM, +0000 UTC",heat,2026-05-09T10:45:46.212231+00:00,,,,False,heat_dome,,,,,,2026-05-09T10:59:08.372705+00:00
https://www.greenmatters.com/pn/record-breaking-march-heat-dome-to-hit-west-coast-soon-these-cities-will-face-the-worst-of-it,Record-Breaking March ‘Heat Dome’ To Hit West Coast Soon — These Cities Will Face The Worst of It,,https://www.greenmatters.com/pn/record-breaking-march-heat-dome-to-hit-west-coast-soon-these-cities-will-face-the-worst-of-it,Green Matters,"03/13/2026, 07:00 AM, +0000 UTC",heat,2026-05-09T10:45:46.212231+00:00,,,,False,heat_dome,,,,,,2026-05-09T10:59:08.372705+00:00
https://www.france24.com/en/live-news/20260311-north-america-heat-dome-left-winners-and-losers-study,North America 'heat dome' left winners and losers: study,,https://www.france24.com/en/live-news/20260311-north-america-heat-dome-left-winners-and-losers-study,France 24,"03/11/2026, 07:00 AM, +0000 UTC",heat,2026-05-09T10:45:46.212231+00:00,,,,False,heat_dome,,,,,,2026-05-09T10:59:08.372705+00:00
https://www.foxweather.com/weather-news/heat-dome-ring-fire-storms-weather-pattern-us-forecast,Life-threatening heat dome intensifies as ring of fire storms rumble across central US,,https://www.foxweather.com/weather-news/heat-dome-ring-fire-storms-weather-pattern-us-forecast,FOX Weather,"07/21/2025, 07:00 AM, +0000 UTC",heat,2026-05-09T10:45:46.212231+00:00,,,,False,heat_dome,,,,,,2026-05-09T10:59:08.372705+00:00
https://watchers.news/2025/06/20/extreme-heat-alerts-central-eastern-usa-heat-dome/,"Extreme heat alerts issued for central, eastern U.S. as heat dome builds June 20 onwards",,https://watchers.news/2025/06/20/extreme-heat-alerts-central-eastern-usa-heat-dome/,The Watchers - Watching the world evolve and transform,"06/20/2025, 07:00 AM, +0000 UTC",heat,2026-05-09T10:45:46.212231+00:00,,,,False,heat_dome,,,,,,2026-05-09T10:59:08.372705+00:00
https://www.deseret.com/environment/2026/03/13/massive-heat-dome-over-the-west/,‘Unprecedented’ heat to reach most of the West starting next week,,https://www.deseret.com/environment/2026/03/13/massive-heat-dome-over-the-west/,Deseret News,"03/13/2026, 07:00 AM, +0000 UTC",heat,2026-05-09T10:45:46.212231+00:00,,,,False,heat_event,,,,,,2026-05-09T10:59:08.372705+00:00
https://www.sun-sentinel.com/2026/03/13/weather-extremes/,"US forecasts blizzard, polar vortex, heat dome and atmospheric river all at once",,https://www.sun-sentinel.com/2026/03/13/weather-extremes/,Sun Sentinel,"03/13/2026, 07:00 AM, +0000 UTC",heat,2026-05-09T10:45:46.212231+00:00,,,,False,heat_dome,,,,,,2026-05-09T10:59:08.372705+00:00
https://www.nbcnews.com/science/science-news/heat-dome-causes-opressive-temperatures-explainer-rcna214939,Why do heat domes bring oppressive temperatures?,,https://www.nbcnews.com/science/science-news/heat-dome-causes-opressive-temperatures-explainer-rcna214939,NBC News,"06/26/2025, 07:00 AM, +0000 UTC",heat,2026-05-09T10:45:46.212231+00:00,,,,False,heat_dome,,,,,,2026-05-09T10:59:08.372705+00:00
https://www.foxweather.com/weather-news/heat-dome-temperature-records-south-central-east,Severe storms rumble through Northeast heat dome with reports of damaging winds,,https://www.foxweather.com/weather-news/heat-dome-temperature-records-south-central-east,FOX Weather,"07/25/2025, 07:00 AM, +0000 UTC",heat,2026-05-09T10:45:46.212231+00:00,,,,False,heat_dome,,,,,,2026-05-09T10:59:08.372705+00:00
https://www.accuweather.com/en/weather-forecasts/100-degree-heat-dome-to-set-up-shop-over-southern-us/1796367,100-degree heat dome to set up shop over southern US,,https://www.accuweather.com/en/weather-forecasts/100-degree-heat-dome-to-set-up-shop-over-southern-us/1796367,AccuWeather,"07/18/2025, 05:22 PM, +0000 UTC",heat,2026-05-09T10:45:46.212231+00:00,,,,False,heat_dome,,,,,,2026-05-09T10:59:08.372705+00:00
https://www.usatoday.com/story/news/nation/2025/07/22/heat-dome-weather-hot-temperatures/85319399007/,"Heat dome is scorching the South, moving toward the East: What you can expect",,https://www.usatoday.com/story/news/nation/2025/07/22/heat-dome-weather-hot-temperatures/85319399007/,USA Today,"07/22/2025, 07:00 AM, +0000 UTC",heat,2026-05-09T10:45:46.212231+00:00,,,,False,heat_dome,,,,,,2026-05-09T10:59:08.372705+00:00
https://www.theguardian.com/us-news/2025/jun/20/heat-dome-warning-central-eastern-us,Millions of people across central and eastern US under ‘heat dome’ warning,,https://www.theguardian.com/us-news/2025/jun/20/heat-dome-warning-central-eastern-us,The Guardian,"06/20/2025, 07:00 AM, +0000 UTC",heat,2026-05-09T10:45:46.212231+00:00,,,,False,heat_dome,,,,,,2026-05-09T10:59:08.372705+00:00
https://watchers.news/2025/06/23/record-breaking-heat-grips-central-eastern-usa-heat-dome-intensifies/,Record-breaking heat grips central and eastern U.S. as heat dome intensifies,,https://watchers.news/2025/06/23/record-breaking-heat-grips-central-eastern-usa-heat-dome-intensifies/,The Watchers - Watching the world evolve and transform,"06/23/2025, 07:00 AM, +0000 UTC",heat,2026-05-09T10:45:46.212231+00:00,,,,False,heat_dome,,,,,,2026-05-09T10:59:08.372705+00:00
https://www.yahoo.com/news/weather-news/article/heat-dome-continues-to-raise-temps-across-south-and-midwest-will-begin-to-move-into-northeast-172745646.html,"Heat dome continues to raise temps across South and Midwest, will begin to move into Northeast",,https://www.yahoo.com/news/weather-news/article/heat-dome-continues-to-raise-temps-across-south-and-midwest-will-begin-to-move-into-northeast-172745646.html,Yahoo,"07/24/2025, 07:00 AM, +0000 UTC",heat,2026-05-09T10:45:46.212231+00:00,Midwest,Midwest,region,True,heat_dome,,,,41.0,-89.0,2026-05-09T10:59:08.372705+00:00
https://fortune.com/2025/06/24/heat-dome-historic-wave-settles-over-northeast-like-an-air-fryer-hot/,"Heat dome bringing ‘near historic ’ heat wave settles over Northeast: ‘Like an air fryer, it’s going to be hot’",,https://fortune.com/2025/06/24/heat-dome-historic-wave-settles-over-northeast-like-an-air-fryer-hot/,Fortune,"06/24/2025, 07:00 AM, +0000 UTC",heat,2026-05-09T10:45:46.212231+00:00,,,,False,heat_dome,,,,,,2026-05-09T10:59:08.372705+00:00
https://weather.com/science/weather-explainers/news/2025-06-20-death-ridge-heat-dome-explainer,Heat Domes Explained: Why These High-Pressure Systems Turn Deadly,,https://weather.com/science/weather-explainers/news/2025-06-20-death-ridge-heat-dome-explainer,The Weather Channel,"07/21/2025, 07:00 AM, +0000 UTC",heat,2026-05-09T10:45:46.212231+00:00,,,,False,heat_dome,,,,,,2026-05-09T10:59:08.372705+00:00
https://www.axios.com/2025/07/22/heat-wave-dome-corn-sweat-forecast,"A heat dome and ""corn sweat"" are driving this week's dangerous heat wave",,https://www.axios.com/2025/07/22/heat-wave-dome-corn-sweat-forecast,Axios,"07/22/2025, 07:00 AM, +0000 UTC",heat,2026-05-09T10:45:46.212231+00:00,,,,False,heat_dome,,,,,,2026-05-09T10:59:08.372705+00:00
https://www.severe-weather.eu/global-weather/heat-dome-intense-heatwave-summer-2025-united-states-mk/,"Heat Dome develops over the U.S. by the weekend, intensifying a heatwave into the next week",,https://www.severe-weather.eu/global-weather/heat-dome-intense-heatwave-summer-2025-united-states-mk/,Severe Weather Europe,"06/19/2025, 07:00 AM, +0000 UTC",heat,2026-05-09T10:45:46.212231+00:00,,,,False,heat_dome,,,,,,2026-05-09T10:59:08.372705+00:00
https://www.foxweather.com/weather-news/heat-wave-dome-northeast-mid-atlantic-new-england-summer-2025,Century-old temperature records tumble as heat dome bakes millions in Northeast,,https://www.foxweather.com/weather-news/heat-wave-dome-northeast-mid-atlantic-new-england-summer-2025,FOX Weather,"06/23/2025, 07:00 AM, +0000 UTC",heat,2026-05-09T10:45:46.212231+00:00,,,,False,heat_dome,,,,,,2026-05-09T10:59:08.372705+00:00
https://www.cjonline.com/story/news/state/2025/12/22/heat-dome-expected-to-obliterate-kansas-christmas-temperature-records-topeka/87873232007/,Topeka expected to see record-breaking temperatures this Christmas,,https://www.cjonline.com/story/news/state/2025/12/22/heat-dome-expected-to-obliterate-kansas-christmas-temperature-records-topeka/87873232007/,The Topeka Capital-Journal,"12/22/2025, 08:00 AM, +0000 UTC",heat,2026-05-09T10:45:46.212231+00:00,,,,False,heat_event,,,,,,2026-05-09T10:59:08.372705+00:00
https://www.clickorlando.com/weather/2025/07/29/end-in-sight-as-summer-heat-dome-persists-but-there-is-a-twist/,End in sight as summer heat dome persists. But there is a twist,,https://www.clickorlando.com/weather/2025/07/29/end-in-sight-as-summer-heat-dome-persists-but-there-is-a-twist/,WKMG,"07/29/2025, 07:00 AM, +0000 UTC",heat,2026-05-09T10:45:46.212231+00:00,,,,False,heat_dome,,,,,,2026-05-09T10:59:08.372705+00:00
https://www.nbcnews.com/weather/heat/eastern-half-us-sweltering-dangerous-heat-wave-expected-last-midweek-rcna214385,"Eastern half of U.S. sweltering again, with dangerous heat wave expected to last until midweek",,https://www.nbcnews.com/weather/heat/eastern-half-us-sweltering-dangerous-heat-wave-expected-last-midweek-rcna214385,NBC News,"06/22/2025, 07:00 AM, +0000 UTC",heat,2026-05-09T10:45:46.212231+00:00,,,,False,heat_dome,,,,,,2026-05-09T10:59:08.372705+00:00
https://www.cnet.com/news/a-sweltering-heat-dome-is-pummeling-the-middle-of-the-us-heres-what-that-means/,A Sweltering Heat Dome Is Pummeling the Middle of the US. Here's What That Means,,https://www.cnet.com/news/a-sweltering-heat-dome-is-pummeling-the-middle-of-the-us-heres-what-that-means/,CNET,"07/23/2025, 07:00 AM, +0000 UTC",heat,2026-05-09T10:45:46.212231+00:00,,,,False,heat_dome,,,,,,2026-05-09T10:59:08.372705+00:00
https://www.foxweather.com/weather-news/heat-dome-northeast-records-june-2025,Heat dome baking much of US set to shatter centuries-old heat records across Northeast,,https://www.foxweather.com/weather-news/heat-dome-northeast-records-june-2025,FOX Weather,"06/20/2025, 07:00 AM, +0000 UTC",heat,2026-05-09T10:45:46.212231+00:00,,,,False,heat_dome,,,,,,2026-05-09T10:59:08.372705+00:00
https://news.cuanschutz.edu/news-stories/heat-dome-grips-the-west-what-is-it-and-how-can-it-affect-health,"Heat Dome Grips the West: What Is It, and How Can It Affect Health?",,https://news.cuanschutz.edu/news-stories/heat-dome-grips-the-west-what-is-it-and-how-can-it-affect-health,CU Anschutz newsroom,"03/18/2026, 07:00 AM, +0000 UTC",heat,2026-05-10T10:53:52.600534+00:00,,,,False,heat_dome,,,,,,2026-05-10T11:05:41.001741+00:00
https://www.accuweather.com/en/weather-forecasts/record-shattering-march-scorcher-70-million-to-bake-in-summerlike-heat-dome-into-weekend/1873771,Record-shattering March scorcher: 70 million to bake in summerlike heat dome into weekend,,https://www.accuweather.com/en/weather-forecasts/record-shattering-march-scorcher-70-million-to-bake-in-summerlike-heat-dome-into-weekend/1873771,AccuWeather,"03/16/2026, 06:54 PM, +0000 UTC",heat,2026-05-10T10:53:52.600534+00:00,,,,False,heat_dome,,,,,,2026-05-10T11:05:41.001741+00:00
https://www.aspenpublicradio.org/environment/2026-03-16/heat-dome-to-bring-record-breaking-temperatures-across-the-west,Heat dome to bring record-breaking temperatures across the West,,https://www.aspenpublicradio.org/environment/2026-03-16/heat-dome-to-bring-record-breaking-temperatures-across-the-west,Aspen Public Radio,"03/16/2026, 07:00 AM, +0000 UTC",heat,2026-05-10T10:53:52.600534+00:00,,,,False,heat_dome,,,,,,2026-05-10T11:05:41.001741+00:00
https://www.climatecentral.org/climate-shift-index-alert/March-record-breaking-western-heatwave,"Record-breaking March heatwave, intensified by climate change, continues to shatter records across the U.S.",,https://www.climatecentral.org/climate-shift-index-alert/March-record-breaking-western-heatwave,Climate Central,"03/24/2026, 06:48 PM, +0000 UTC",heat,2026-05-10T10:53:52.600534+00:00,,,,False,heat_event,,,,,,2026-05-10T11:05:41.001741+00:00
https://www.cbc.ca/news/climate/record-heat-dome-9.7139906,Record-breaking heat dome spreads across U.S.,,https://www.cbc.ca/news/climate/record-heat-dome-9.7139906,CBC,"03/24/2026, 07:00 AM, +0000 UTC",heat,2026-05-10T10:53:52.600534+00:00,,,,False,heat_dome,,,,,,2026-05-10T11:05:41.001741+00:00
https://www.cbsnews.com/news/maps-us-heat-advisory-high-temperature-dome-moves-east/,"Maps show U.S. heat advisories, high temperatures as heat dome moves east",,https://www.cbsnews.com/news/maps-us-heat-advisory-high-temperature-dome-moves-east/,CBS News,"07/25/2025, 07:00 AM, +0000 UTC",heat,2026-05-10T10:53:52.600534+00:00,,,,False,heat_dome,,,,,,2026-05-10T11:05:41.001741+00:00
https://www.nbcnews.com/weather/heat/western-heat-wave-ends-records-duration-intensity-rcna265514,"As Western heat wave ends, scientists try to make sense of its length and intensity",,https://www.nbcnews.com/weather/heat/western-heat-wave-ends-records-duration-intensity-rcna265514,NBC News,"03/28/2026, 07:00 AM, +0000 UTC",heat,2026-05-10T10:53:52.600534+00:00,,,,False,heat_dome,,,,,,2026-05-10T11:05:41.001741+00:00
https://www.smdp.com/us-forecasts-blizzard-polar-vortex-heat-dome-and-atmospheric-river-all-at-once/,"US forecasts blizzard, polar vortex, heat dome and atmospheric river all at once",,https://www.smdp.com/us-forecasts-blizzard-polar-vortex-heat-dome-and-atmospheric-river-all-at-once/,Santa Monica Daily Press,"03/13/2026, 07:00 AM, +0000 UTC",heat,2026-05-10T10:53:52.600534+00:00,,,,False,heat_dome,,,,,,2026-05-10T11:05:41.001741+00:00
https://www.cnet.com/home/energy-and-utilities/historic-heat-dome-creeping-across-us-how-prepare/,A Historic Heat Dome Is Creeping Across the US. Here's How to Prepare,,https://www.cnet.com/home/energy-and-utilities/historic-heat-dome-creeping-across-us-how-prepare/,CNET,"03/24/2026, 07:00 AM, +0000 UTC",heat,2026-05-10T10:53:52.600534+00:00,,,,False,heat_dome,,,,,,2026-05-10T11:05:41.001741+00:00
https://www.nytimes.com/article/what-is-heat-dome.html,A Short Guide to Understanding Heat Domes,,https://www.nytimes.com/article/what-is-heat-dome.html,The New York Times,"03/13/2026, 07:00 AM, +0000 UTC",heat,2026-05-10T10:53:52.600534+00:00,,,,False,heat_dome,,,,,,2026-05-10T11:05:41.001741+00:00
https://www.nbcnews.com/weather/heat/blistering-heat-wave-across-western-us-rcna264506,The West's record-shattering heat wave isn't over as heat dome shifts into the Plains,,https://www.nbcnews.com/weather/heat/blistering-heat-wave-across-western-us-rcna264506,NBC News,"03/22/2026, 07:00 AM, +0000 UTC",heat,2026-05-10T10:53:52.600534+00:00,,,,False,heat_dome,,,,,,2026-05-10T11:05:41.001741+00:00
https://www.theatlantic.com/science/2026/03/west-heat-wave/686457/,There’s No Way the American West Will Have a Normal Summer,,https://www.theatlantic.com/science/2026/03/west-heat-wave/686457/,The Atlantic,"03/19/2026, 07:00 AM, +0000 UTC",heat,2026-05-10T10:53:52.600534+00:00,,,,False,heat_event,,,,,,2026-05-10T11:05:41.001741+00:00
https://www.usatoday.com/story/news/weather/2026/03/28/april-weather-forecast-heat-dome/89347353007/,April weather forecast predicts 'major change' as heat dome moves,,https://www.usatoday.com/story/news/weather/2026/03/28/april-weather-forecast-heat-dome/89347353007/,USA Today,"03/28/2026, 07:00 AM, +0000 UTC",heat,2026-05-10T10:53:52.600534+00:00,,,,False,heat_dome,,,,,,2026-05-10T11:05:41.001741+00:00
https://www.climatecentral.org/climate-shift-index-alert/central-eastern-us-june-2025,Almost half of the U.S. affected by climate change-driven heat wave,,https://www.climatecentral.org/climate-shift-index-alert/central-eastern-us-june-2025,Climate Central,"06/20/2025, 07:00 AM, +0000 UTC",heat,2026-05-10T10:53:52.600534+00:00,,,,False,heat_dome,,,,,,2026-05-10T11:05:41.001741+00:00
https://www.aol.com/spring-2026-forecasts-warn-dreaded-100250712.html,New spring 2026 forecasts warn of the dreaded 'heat dome',,https://www.aol.com/spring-2026-forecasts-warn-dreaded-100250712.html,AOL.com,"03/22/2026, 07:00 AM, +0000 UTC",heat,2026-05-10T10:53:52.600534+00:00,,,,False,heat_dome,,,,,,2026-05-10T11:05:41.001741+00:00
https://www.newsweek.com/heat-dome-map-shows-states-set-for-hottest-spring-temperatures-11733473,Heat Dome Map Shows States Set For Hottest Spring Temperatures,,https://www.newsweek.com/heat-dome-map-shows-states-set-for-hottest-spring-temperatures-11733473,Newsweek,"03/25/2026, 07:00 AM, +0000 UTC",heat,2026-05-10T10:53:52.600534+00:00,,,,False,heat_dome,,,,,,2026-05-10T11:05:41.001741+00:00
https://www.euronews.com/2026/03/20/pushing-extremes-to-new-levels-record-us-heat-dome-made-possible-by-climate-change,'Climate change in real time': US hit by record-shattering heatwave,,https://www.euronews.com/2026/03/20/pushing-extremes-to-new-levels-record-us-heat-dome-made-possible-by-climate-change,Euronews,"03/20/2026, 07:00 AM, +0000 UTC",heat,2026-05-10T10:53:52.600534+00:00,,,,False,heat_event,,,,,,2026-05-10T11:05:41.001741+00:00
https://phys.org/news/2026-03-north-america-dome-left-winners.html,North America 'heat dome' left winners and losers: Study,,https://phys.org/news/2026-03-north-america-dome-left-winners.html,Phys.org,"03/15/2026, 07:00 AM, +0000 UTC",heat,2026-05-10T10:53:52.600534+00:00,,,,False,heat_dome,,,,,,2026-05-10T11:05:41.001741+00:00
https://www.usatoday.com/story/news/weather/2026/03/21/noaa-forecast-spring-weather-heat-dome/89242999007/,New spring 2026 forecasts warn of the dreaded 'heat dome',,https://www.usatoday.com/story/news/weather/2026/03/21/noaa-forecast-spring-weather-heat-dome/89242999007/,USA Today,"03/22/2026, 07:00 AM, +0000 UTC",heat,2026-05-10T10:53:52.600534+00:00,,,,False,heat_dome,,,,,,2026-05-10T11:05:41.001741+00:00
https://www.scientificamerican.com/article/heat-domes-extreme-heat-and-humidity-triggers-alerts-across-eastern-u-s/,A Massive Heat Dome Is Cooking the Eastern U.S.,,https://www.scientificamerican.com/article/heat-domes-extreme-heat-and-humidity-triggers-alerts-across-eastern-u-s/,scientificamerican.com,"07/23/2025, 07:00 AM, +0000 UTC",heat,2026-05-10T10:53:52.600534+00:00,,,,False,heat_dome,,,,,,2026-05-10T11:05:41.001741+00:00
https://www.scientificamerican.com/article/heat-dome-temperatures-may-break-records-in-eastern-u-s/,This Heat Dome Isn’t Letting Up—It’s Just Getting Hotter,,https://www.scientificamerican.com/article/heat-dome-temperatures-may-break-records-in-eastern-u-s/,scientificamerican.com,"07/25/2025, 07:00 AM, +0000 UTC",heat,2026-05-10T10:53:52.600534+00:00,,,,False,heat_dome,,,,,,2026-05-10T11:05:41.001741+00:00
https://www.theguardian.com/us-news/2025/jul/25/heat-dome-dangerous-conditions-100-million-people,US heat dome causes dangerous conditions for more than 100 million people,,https://www.theguardian.com/us-news/2025/jul/25/heat-dome-dangerous-conditions-100-million-people,The Guardian,"07/25/2025, 07:00 AM, +0000 UTC",heat,2026-05-10T10:53:52.600534+00:00,,,,False,heat_dome,,,,,,2026-05-10T11:05:41.001741+00:00
https://www.newsweek.com/us-weather-prediction-spring-2026-heat-dome-11717091,US Weather Prediction for Spring 2026 Warns of ‘Heat Dome’,,https://www.newsweek.com/us-weather-prediction-spring-2026-heat-dome-11717091,Newsweek,"03/22/2026, 07:00 AM, +0000 UTC",heat,2026-05-10T10:53:52.600534+00:00,,,,False,heat_dome,,,,,,2026-05-10T11:05:41.001741+00:00
https://www.yahoo.com/news/articles/meteorologist-issues-warning-heat-dome-040000429.html,Meteorologist issues warning as heat dome creeps across country: 'The entire US is going to be hot',,https://www.yahoo.com/news/articles/meteorologist-issues-warning-heat-dome-040000429.html,Yahoo,"03/25/2026, 07:00 AM, +0000 UTC",heat,2026-05-10T10:53:52.600534+00:00,,,,False,heat_dome,,,,,,2026-05-10T11:05:41.001741+00:00
https://pv-magazine-usa.com/2026/04/03/heat-dome-and-high-pressure-boost-southern-u-s-solar-as-polar-vortex-clouds-the-north/,Heat dome and high pressure boost southern U.S. solar as polar vortex clouds the north,,https://pv-magazine-usa.com/2026/04/03/heat-dome-and-high-pressure-boost-southern-u-s-solar-as-polar-vortex-clouds-the-north/,pv magazine USA,"04/03/2026, 07:00 AM, +0000 UTC",heat,2026-05-10T10:53:52.600534+00:00,,,,False,heat_dome,,,,,,2026-05-10T11:05:41.001741+00:00
https://www.severe-weather.eu/global-weather/christmas-2025-forecast-warmest-on-record-holidays-historic-heat-dome-united-states-mk/,Christmas 2025 Forecast: Warmest Holidays since the 1950s under a Historic Heat Dome,,https://www.severe-weather.eu/global-weather/christmas-2025-forecast-warmest-on-record-holidays-historic-heat-dome-united-states-mk/,Severe Weather Europe,"12/21/2025, 08:00 AM, +0000 UTC",heat,2026-05-10T10:53:52.600534+00:00,,,,False,heat_dome,,,,,,2026-05-10T11:05:41.001741+00:00
https://www.kktv.com/2026/03/17/heat-dome-sliding-what-does-that-mean/,Heat Dome sliding in: What does that mean?,,https://www.kktv.com/2026/03/17/heat-dome-sliding-what-does-that-mean/,KKTV,"03/17/2026, 07:00 AM, +0000 UTC",heat,2026-05-10T10:53:52.600534+00:00,,,,False,heat_dome,,,,,,2026-05-10T11:05:41.001741+00:00
https://wpde.com/weather/abc-15-weather-authority-blog/hail-ice-stones-from-the-sky,The heat dome in the west,,https://wpde.com/weather/abc-15-weather-authority-blog/hail-ice-stones-from-the-sky,WPDE,"03/23/2026, 07:00 AM, +0000 UTC",heat,2026-05-10T10:53:52.600534+00:00,,,,False,heat_dome,,,,,,2026-05-10T11:05:41.001741+00:00
https://www.foxweather.com/weather-news/heat-dome-southeast,Life-threatening heat dome broils millions across eastern US as records tumble,,https://www.foxweather.com/weather-news/heat-dome-southeast,FOX Weather,"07/29/2025, 07:00 AM, +0000 UTC",heat,2026-05-10T10:53:52.600534+00:00,,,,False,heat_dome,,,,,,2026-05-10T11:05:41.001741+00:00
https://news.sky.com/story/us-suffers-hottest-march-day-ever-recorded-as-heat-dome-drives-up-temperatures-13522180,US suffers hottest March day ever recorded as heat dome drives up temperatures,,https://news.sky.com/story/us-suffers-hottest-march-day-ever-recorded-as-heat-dome-drives-up-temperatures-13522180,Sky News,"03/20/2026, 07:00 AM, +0000 UTC",heat,2026-05-10T10:53:52.600534+00:00,,,,False,heat_dome,,,,,,2026-05-10T11:05:41.001741+00:00
https://grist.org/extreme-heat/the-science-behind-the-heat-dome-a-mosh-pit-of-molecules/,The science behind the heat dome — ‘a mosh pit’ of molecules,,https://grist.org/extreme-heat/the-science-behind-the-heat-dome-a-mosh-pit-of-molecules/,grist.org,"07/22/2025, 07:00 AM, +0000 UTC",heat,2026-05-10T10:53:52.600534+00:00,,,,False,heat_dome,,,,,,2026-05-10T11:05:41.001741+00:00
https://www.nationalgeographic.com/environment/article/what-is-heat-dome,What is a heat dome? The climate phenomenon behind record heat,,https://www.nationalgeographic.com/environment/article/what-is-heat-dome,National Geographic,"06/23/2025, 07:00 AM, +0000 UTC",heat,2026-05-10T10:53:52.600534+00:00,,,,False,heat_dome,,,,,,2026-05-10T11:05:41.001741+00:00
https://www.mensjournal.com/news/excessive-heat-warning-issued-as-100-degree-temperatures-record-march-highs-forecast-this-week,"Excessive Heat Warning Issued as 100-Degree Temperatures, Record March Highs Forecast This Week",,https://www.mensjournal.com/news/excessive-heat-warning-issued-as-100-degree-temperatures-record-march-highs-forecast-this-week,Men's Journal,"03/11/2026, 07:00 AM, +0000 UTC",heat,2026-05-10T10:53:52.600534+00:00,,,,False,heat_warning,,,,,,2026-05-10T11:05:41.001741+00:00
https://www.npr.org/2025/06/24/nx-s1-5442736/early-season-heat-dome-highest-temperatures-years-parts-of-eastern-us,Early-season heat dome brings highest temperatures in years to parts of Eastern U.S.,,https://www.npr.org/2025/06/24/nx-s1-5442736/early-season-heat-dome-highest-temperatures-years-parts-of-eastern-us,NPR,"06/24/2025, 07:00 AM, +0000 UTC",heat,2026-05-10T10:53:52.600534+00:00,,,,False,heat_dome,,,,,,2026-05-10T11:05:41.001741+00:00
https://www.scientificamerican.com/article/tampa-breaks-heat-record-as-heat-dome-bakes-eastern-u-s/,Scorching Heat Dome Sends Tampa to 100 Degrees F for the First Time,,https://www.scientificamerican.com/article/tampa-breaks-heat-record-as-heat-dome-bakes-eastern-u-s/,scientificamerican.com,"07/28/2025, 07:00 AM, +0000 UTC",heat,2026-05-10T10:53:52.600534+00:00,,,,False,heat_dome,,,,,,2026-05-10T11:05:41.001741+00:00
https://www.severe-weather.eu/global-weather/heat-dome-heatwave-united-states-canada-sweltering-hot-weather-july-2025-mk/,"Heat Dome returns over east central U.S. next week, expands west and north into Canada through the end of July",,https://www.severe-weather.eu/global-weather/heat-dome-heatwave-united-states-canada-sweltering-hot-weather-july-2025-mk/,Severe Weather Europe,"07/19/2025, 07:00 AM, +0000 UTC",heat,2026-05-10T10:53:52.600534+00:00,,,,False,heat_dome,,,,,,2026-05-10T11:05:41.001741+00:00
https://www.usatoday.com/story/news/nation/2025/07/21/heat-dome-extreme-temperatures/85304631007/,Heat dome to push extreme temperatures across much of US this week,,https://www.usatoday.com/story/news/nation/2025/07/21/heat-dome-extreme-temperatures/85304631007/,USA Today,"07/21/2025, 07:00 AM, +0000 UTC",heat,2026-05-10T10:53:52.600534+00:00,,,,False,heat_dome,,,,,,2026-05-10T11:05:41.001741+00:00
https://www.accuweather.com/en/weather-news/heat-advisory/1797625,100 million to swelter daily in massive US heat dome,,https://www.accuweather.com/en/weather-news/heat-advisory/1797625,AccuWeather,"07/22/2025, 07:00 AM, +0000 UTC",heat,2026-05-10T10:53:52.600534+00:00,,,,False,heat_dome,,,,,,2026-05-10T11:05:41.001741+00:00
https://www.accuweather.com/en/weather-forecasts/building-western-us-heat-dome-may-set-records-cause-wildfires-to-surge/1801605,"Building western US heat dome may set records, cause wildfires to surge",,https://www.accuweather.com/en/weather-forecasts/building-western-us-heat-dome-may-set-records-cause-wildfires-to-surge/1801605,AccuWeather,"08/02/2025, 06:16 PM, +0000 UTC",heat,2026-05-10T10:53:52.600534+00:00,,,,False,heat_dome,,,,,,2026-05-10T11:05:41.001741+00:00
https://www.npr.org/2025/06/24/g-s1-74358/heat-dome-hot-weather-explained,'A lid on a pot': How does a heat dome work?,,https://www.npr.org/2025/06/24/g-s1-74358/heat-dome-hot-weather-explained,NPR,"06/24/2025, 07:00 AM, +0000 UTC",heat,2026-05-10T10:53:52.600534+00:00,,,,False,heat_dome,,,,,,2026-05-10T11:05:41.001741+00:00
https://www.iheart.com/content/2026-03-13-all-50-us-states-could-face-extreme-weather-including-blizzard-heat-dome/,"All 50 US States Could Face Extreme Weather Including Blizzard, Heat Dome",,https://www.iheart.com/content/2026-03-13-all-50-us-states-could-face-extreme-weather-including-blizzard-heat-dome/,iHeart,"03/13/2026, 07:00 AM, +0000 UTC",heat,2026-05-10T10:53:52.600534+00:00,,,,False,heat_dome,,,,,,2026-05-10T11:05:41.001741+00:00
https://globalnews.ca/news/11729307/us-weather-blizzard-polar-vortex-heat-dome-atmospheric-river/,"A blizzard, polar vortex, heat dome and atmospheric river: U.S. faces weather chaos - National",,https://globalnews.ca/news/11729307/us-weather-blizzard-polar-vortex-heat-dome-atmospheric-river/,Global News,"03/13/2026, 07:00 AM, +0000 UTC",heat,2026-05-10T10:53:52.600534+00:00,,,,False,heat_dome,,,,,,2026-05-10T11:05:41.001741+00:00
https://www.cbsnews.com/news/heat-wave-forecast-us-maps-this-week/,When will the heat wave end? Maps show forecast across the U.S.,,https://www.cbsnews.com/news/heat-wave-forecast-us-maps-this-week/,CBS News,"06/26/2025, 07:00 AM, +0000 UTC",heat,2026-05-10T10:53:52.600534+00:00,,,,False,heat_dome,,,,,,2026-05-10T11:05:41.001741+00:00
https://www.pbs.org/newshour/nation/eastern-half-of-u-s-bakes-under-heat-dome-with-more-days-of-dangerous-temperatures-ahead,"Eastern half of U.S. bakes under heat dome, with more days of dangerous temperatures ahead",,https://www.pbs.org/newshour/nation/eastern-half-of-u-s-bakes-under-heat-dome-with-more-days-of-dangerous-temperatures-ahead,PBS,"06/22/2025, 07:00 AM, +0000 UTC",heat,2026-05-10T10:53:52.600534+00:00,,,,False,heat_dome,,,,,,2026-05-10T11:05:41.001741+00:00
https://www.stl.news/historic-heat-dome-expanding-to-envelop-almost-the-entire-united-states/,Historic heat dome expanding to envelop almost the entire United States.,,https://www.stl.news/historic-heat-dome-expanding-to-envelop-almost-the-entire-united-states/,stl.news,"03/24/2026, 07:00 AM, +0000 UTC",heat,2026-05-10T10:53:52.600534+00:00,,,,False,heat_dome,,,,,,2026-05-10T11:05:41.001741+00:00
https://time.com/7296973/more-heat-domes-climate-change/,Is Climate Change Making Heat Domes More Likely?,,https://time.com/7296973/more-heat-domes-climate-change/,Time Magazine,"06/23/2025, 07:00 AM, +0000 UTC",heat,2026-05-10T10:53:52.600534+00:00,,,,False,heat_dome,,,,,,2026-05-10T11:05:41.001741+00:00
https://www.greenmatters.com/pn/record-breaking-march-heat-dome-to-hit-west-coast-soon-these-cities-will-face-the-worst-of-it,Record-Breaking March ‘Heat Dome’ To Hit West Coast Soon — These Cities Will Face The Worst of It,,https://www.greenmatters.com/pn/record-breaking-march-heat-dome-to-hit-west-coast-soon-these-cities-will-face-the-worst-of-it,Green Matters,"03/13/2026, 07:00 AM, +0000 UTC",heat,2026-05-10T10:53:52.600534+00:00,,,,False,heat_dome,,,,,,2026-05-10T11:05:41.001741+00:00
https://www.foxweather.com/weather-news/heat-dome-ring-fire-storms-weather-pattern-us-forecast,Life-threatening heat dome intensifies as ring of fire storms rumble across central US,,https://www.foxweather.com/weather-news/heat-dome-ring-fire-storms-weather-pattern-us-forecast,FOX Weather,"07/21/2025, 07:00 AM, +0000 UTC",heat,2026-05-10T10:53:52.600534+00:00,,,,False,heat_dome,,,,,,2026-05-10T11:05:41.001741+00:00
https://watchers.news/2025/06/20/extreme-heat-alerts-central-eastern-usa-heat-dome/,"Extreme heat alerts issued for central, eastern U.S. as heat dome builds June 20 onwards",,https://watchers.news/2025/06/20/extreme-heat-alerts-central-eastern-usa-heat-dome/,The Watchers - Watching the world evolve and transform,"06/20/2025, 07:00 AM, +0000 UTC",heat,2026-05-10T10:53:52.600534+00:00,,,,False,heat_dome,,,,,,2026-05-10T11:05:41.001741+00:00
https://www.washingtonpost.com/weather/2025/06/19/maps-extreme-heat-humidity-forecast/,A heat dome is about to bring extreme heat and humidity to more than 200 million,,https://www.washingtonpost.com/weather/2025/06/19/maps-extreme-heat-humidity-forecast/,The Washington Post,"06/20/2025, 07:00 AM, +0000 UTC",heat,2026-05-10T10:53:52.600534+00:00,,,,False,heat_dome,,,,,,2026-05-10T11:05:41.001741+00:00
https://www.foxweather.com/weather-news/heat-dome-temperature-records-south-central-east,Severe storms rumble through Northeast heat dome with reports of damaging winds,,https://www.foxweather.com/weather-news/heat-dome-temperature-records-south-central-east,FOX Weather,"07/25/2025, 07:00 AM, +0000 UTC",heat,2026-05-10T10:53:52.600534+00:00,,,,False,heat_dome,,,,,,2026-05-10T11:05:41.001741+00:00
https://www.nbcnews.com/science/science-news/heat-dome-causes-opressive-temperatures-explainer-rcna214939,Why do heat domes bring oppressive temperatures?,,https://www.nbcnews.com/science/science-news/heat-dome-causes-opressive-temperatures-explainer-rcna214939,NBC News,"06/26/2025, 07:00 AM, +0000 UTC",heat,2026-05-10T10:53:52.600534+00:00,,,,False,heat_dome,,,,,,2026-05-10T11:05:41.001741+00:00
https://www.deseret.com/environment/2026/03/13/massive-heat-dome-over-the-west/,‘Unprecedented’ heat to reach most of the West starting next week,,https://www.deseret.com/environment/2026/03/13/massive-heat-dome-over-the-west/,Deseret News,"03/13/2026, 07:00 AM, +0000 UTC",heat,2026-05-10T10:53:52.600534+00:00,,,,False,heat_event,,,,,,2026-05-10T11:05:41.001741+00:00
https://watchers.news/2025/06/23/record-breaking-heat-grips-central-eastern-usa-heat-dome-intensifies/,Record-breaking heat grips central and eastern U.S. as heat dome intensifies,,https://watchers.news/2025/06/23/record-breaking-heat-grips-central-eastern-usa-heat-dome-intensifies/,The Watchers - Watching the world evolve and transform,"06/23/2025, 07:00 AM, +0000 UTC",heat,2026-05-10T10:53:52.600534+00:00,,,,False,heat_dome,,,,,,2026-05-10T11:05:41.001741+00:00
https://www.accuweather.com/en/weather-forecasts/100-degree-heat-dome-to-set-up-shop-over-southern-us/1796367,100-degree heat dome to set up shop over southern US,,https://www.accuweather.com/en/weather-forecasts/100-degree-heat-dome-to-set-up-shop-over-southern-us/1796367,AccuWeather,"07/18/2025, 05:22 PM, +0000 UTC",heat,2026-05-10T10:53:52.600534+00:00,,,,False,heat_dome,,,,,,2026-05-10T11:05:41.001741+00:00
https://www.usatoday.com/story/news/nation/2025/07/22/heat-dome-weather-hot-temperatures/85319399007/,"Heat dome is scorching the South, moving toward the East: What you can expect",,https://www.usatoday.com/story/news/nation/2025/07/22/heat-dome-weather-hot-temperatures/85319399007/,USA Today,"07/22/2025, 07:00 AM, +0000 UTC",heat,2026-05-10T10:53:52.600534+00:00,,,,False,heat_dome,,,,,,2026-05-10T11:05:41.001741+00:00
https://www.theguardian.com/us-news/2025/jun/20/heat-dome-warning-central-eastern-us,Millions of people across central and eastern US under ‘heat dome’ warning,,https://www.theguardian.com/us-news/2025/jun/20/heat-dome-warning-central-eastern-us,The Guardian,"06/20/2025, 07:00 AM, +0000 UTC",heat,2026-05-10T10:53:52.600534+00:00,,,,False,heat_dome,,,,,,2026-05-10T11:05:41.001741+00:00
https://www.cnn.com/2025/06/21/weather/heat-dome-climate,"A potent heat dome is building over the US, sending temperatures into the triple digits",,https://www.cnn.com/2025/06/21/weather/heat-dome-climate,CNN,"06/18/2025, 07:00 AM, +0000 UTC",heat,2026-05-10T10:53:52.600534+00:00,,,,False,heat_dome,,,,,,2026-05-10T11:05:41.001741+00:00
https://www.severe-weather.eu/global-weather/heat-dome-intense-heatwave-summer-2025-united-states-mk/,"Heat Dome develops over the U.S. by the weekend, intensifying a heatwave into the next week",,https://www.severe-weather.eu/global-weather/heat-dome-intense-heatwave-summer-2025-united-states-mk/,Severe Weather Europe,"06/19/2025, 07:00 AM, +0000 UTC",heat,2026-05-10T10:53:52.600534+00:00,,,,False,heat_dome,,,,,,2026-05-10T11:05:41.001741+00:00
https://www.foxweather.com/weather-news/heat-wave-dome-northeast-mid-atlantic-new-england-summer-2025,Century-old temperature records tumble as heat dome bakes millions in Northeast,,https://www.foxweather.com/weather-news/heat-wave-dome-northeast-mid-atlantic-new-england-summer-2025,FOX Weather,"06/23/2025, 07:00 AM, +0000 UTC",heat,2026-05-10T10:53:52.600534+00:00,,,,False,heat_dome,,,,,,2026-05-10T11:05:41.001741+00:00
https://www.clickorlando.com/weather/2025/07/29/end-in-sight-as-summer-heat-dome-persists-but-there-is-a-twist/,End in sight as summer heat dome persists. But there is a twist,,https://www.clickorlando.com/weather/2025/07/29/end-in-sight-as-summer-heat-dome-persists-but-there-is-a-twist/,WKMG,"07/29/2025, 07:00 AM, +0000 UTC",heat,2026-05-10T10:53:52.600534+00:00,,,,False,heat_dome,,,,,,2026-05-10T11:05:41.001741+00:00
https://www.axios.com/2025/07/22/heat-wave-dome-corn-sweat-forecast,"A heat dome and ""corn sweat"" are driving this week's dangerous heat wave",,https://www.axios.com/2025/07/22/heat-wave-dome-corn-sweat-forecast,Axios,"07/22/2025, 07:00 AM, +0000 UTC",heat,2026-05-10T10:53:52.600534+00:00,,,,False,heat_dome,,,,,,2026-05-10T11:05:41.001741+00:00
https://www.nbcnews.com/weather/heat/eastern-half-us-sweltering-dangerous-heat-wave-expected-last-midweek-rcna214385,"Eastern half of U.S. sweltering again, with dangerous heat wave expected to last until midweek",,https://www.nbcnews.com/weather/heat/eastern-half-us-sweltering-dangerous-heat-wave-expected-last-midweek-rcna214385,NBC News,"06/22/2025, 07:00 AM, +0000 UTC",heat,2026-05-10T10:53:52.600534+00:00,,,,False,heat_dome,,,,,,2026-05-10T11:05:41.001741+00:00
https://news.cuanschutz.edu/news-stories/heat-dome-grips-the-west-what-is-it-and-how-can-it-affect-health,"Heat Dome Grips the West: What Is It, and How Can It Affect Health?",,https://news.cuanschutz.edu/news-stories/heat-dome-grips-the-west-what-is-it-and-how-can-it-affect-health,CU Anschutz newsroom,"03/18/2026, 07:00 AM, +0000 UTC",heat,2026-05-11T12:34:50.207504+00:00,,,,False,heat_dome,,,,,,2026-05-11T12:47:10.642062+00:00
https://www.aspenpublicradio.org/environment/2026-03-16/heat-dome-to-bring-record-breaking-temperatures-across-the-west,Heat dome to bring record-breaking temperatures across the West,,https://www.aspenpublicradio.org/environment/2026-03-16/heat-dome-to-bring-record-breaking-temperatures-across-the-west,Aspen Public Radio,"03/16/2026, 07:00 AM, +0000 UTC",heat,2026-05-11T12:34:50.207504+00:00,,,,False,heat_dome,,,,,,2026-05-11T12:47:10.642062+00:00
https://www.climatecentral.org/climate-shift-index-alert/March-record-breaking-western-heatwave,"Record-breaking March heatwave, intensified by climate change, continues to shatter records across the U.S.",,https://www.climatecentral.org/climate-shift-index-alert/March-record-breaking-western-heatwave,Climate Central,"03/24/2026, 06:48 PM, +0000 UTC",heat,2026-05-11T12:34:50.207504+00:00,,,,False,heat_event,,,,,,2026-05-11T12:47:10.642062+00:00
https://www.cbc.ca/news/climate/record-heat-dome-9.7139906,Record-breaking heat dome spreads across U.S.,,https://www.cbc.ca/news/climate/record-heat-dome-9.7139906,CBC,"03/24/2026, 07:00 AM, +0000 UTC",heat,2026-05-11T12:34:50.207504+00:00,,,,False,heat_dome,,,,,,2026-05-11T12:47:10.642062+00:00
https://www.nytimes.com/article/what-is-heat-dome.html,A Short Guide to Understanding Heat Domes,,https://www.nytimes.com/article/what-is-heat-dome.html,The New York Times,"03/13/2026, 07:00 AM, +0000 UTC",heat,2026-05-11T12:34:50.207504+00:00,,,,False,heat_dome,,,,,,2026-05-11T12:47:10.642062+00:00
https://www.nbcnews.com/weather/heat/western-heat-wave-ends-records-duration-intensity-rcna265514,"As Western heat wave ends, scientists try to make sense of its length and intensity",,https://www.nbcnews.com/weather/heat/western-heat-wave-ends-records-duration-intensity-rcna265514,NBC News,"03/28/2026, 07:00 AM, +0000 UTC",heat,2026-05-11T12:34:50.207504+00:00,,,,False,heat_dome,,,,,,2026-05-11T12:47:10.642062+00:00
https://www.cnet.com/home/energy-and-utilities/historic-heat-dome-creeping-across-us-how-prepare/,A Historic Heat Dome Is Creeping Across the US. Here's How to Prepare,,https://www.cnet.com/home/energy-and-utilities/historic-heat-dome-creeping-across-us-how-prepare/,CNET,"03/24/2026, 07:00 AM, +0000 UTC",heat,2026-05-11T12:34:50.207504+00:00,,,,False,heat_dome,,,,,,2026-05-11T12:47:10.642062+00:00
https://www.smdp.com/us-forecasts-blizzard-polar-vortex-heat-dome-and-atmospheric-river-all-at-once/,"US forecasts blizzard, polar vortex, heat dome and atmospheric river all at once",,https://www.smdp.com/us-forecasts-blizzard-polar-vortex-heat-dome-and-atmospheric-river-all-at-once/,Santa Monica Daily Press,"03/13/2026, 07:00 AM, +0000 UTC",heat,2026-05-11T12:34:50.207504+00:00,,,,False,heat_dome,,,,,,2026-05-11T12:47:10.642062+00:00
https://www.nytimes.com/2026/03/14/weather/west-coast-heat-wave-la-phoenix.html,5 Things to Know About the Unusual March Heat Wave in the West,,https://www.nytimes.com/2026/03/14/weather/west-coast-heat-wave-la-phoenix.html,The New York Times,"03/14/2026, 07:00 AM, +0000 UTC",heat,2026-05-11T12:34:50.207504+00:00,,,,False,heat_dome,,,,,,2026-05-11T12:47:10.642062+00:00
https://www.newsweek.com/heat-dome-map-shows-states-set-for-hottest-spring-temperatures-11733473,Heat Dome Map Shows States Set For Hottest Spring Temperatures,,https://www.newsweek.com/heat-dome-map-shows-states-set-for-hottest-spring-temperatures-11733473,Newsweek,"03/25/2026, 07:00 AM, +0000 UTC",heat,2026-05-11T12:34:50.207504+00:00,,,,False,heat_dome,,,,,,2026-05-11T12:47:10.642062+00:00
https://www.theatlantic.com/science/2026/03/west-heat-wave/686457/,There’s No Way the American West Will Have a Normal Summer,,https://www.theatlantic.com/science/2026/03/west-heat-wave/686457/,The Atlantic,"03/19/2026, 07:00 AM, +0000 UTC",heat,2026-05-11T12:34:50.207504+00:00,,,,False,heat_event,,,,,,2026-05-11T12:47:10.642062+00:00
https://www.thecooldown.com/outdoors/record-heat-wave-us-19-states/,Meteorologist issues warning as heat dome creeps across country: 'The entire US is going to be hot',,https://www.thecooldown.com/outdoors/record-heat-wave-us-19-states/,The Cool Down,"03/26/2026, 07:00 AM, +0000 UTC",heat,2026-05-11T12:34:50.207504+00:00,,,,False,heat_dome,,,,,,2026-05-11T12:47:10.642062+00:00
https://wpde.com/weather/abc-15-weather-authority-blog/hail-ice-stones-from-the-sky,The heat dome in the west,,https://wpde.com/weather/abc-15-weather-authority-blog/hail-ice-stones-from-the-sky,WPDE,"03/23/2026, 07:00 AM, +0000 UTC",heat,2026-05-11T12:34:50.207504+00:00,,,,False,heat_dome,,,,,,2026-05-11T12:47:10.642062+00:00
https://www.cnn.com/2026/03/17/weather/heat-wave-west-records-climate-change,"Extraordinary, climate change-linked heat wave envelops the West with mounting consequences",,https://www.cnn.com/2026/03/17/weather/heat-wave-west-records-climate-change,CNN,"03/17/2026, 07:00 AM, +0000 UTC",heat,2026-05-11T12:34:50.207504+00:00,,,,False,heat_dome,,,,,,2026-05-11T12:47:10.642062+00:00
https://phys.org/news/2026-03-north-america-dome-left-winners.html,North America 'heat dome' left winners and losers: Study,,https://phys.org/news/2026-03-north-america-dome-left-winners.html,Phys.org,"03/15/2026, 07:00 AM, +0000 UTC",heat,2026-05-11T12:34:50.207504+00:00,,,,False,heat_dome,,,,,,2026-05-11T12:47:10.642062+00:00
https://www.usatoday.com/story/news/weather/2026/03/21/noaa-forecast-spring-weather-heat-dome/89242999007/,New spring 2026 forecasts warn of the dreaded 'heat dome',,https://www.usatoday.com/story/news/weather/2026/03/21/noaa-forecast-spring-weather-heat-dome/89242999007/,USA Today,"03/22/2026, 07:00 AM, +0000 UTC",heat,2026-05-11T12:34:50.207504+00:00,,,,False,heat_dome,,,,,,2026-05-11T12:47:10.642062+00:00
https://pv-magazine-usa.com/2026/04/03/heat-dome-and-high-pressure-boost-southern-u-s-solar-as-polar-vortex-clouds-the-north/,Heat dome and high pressure boost southern U.S. solar as polar vortex clouds the north,,https://pv-magazine-usa.com/2026/04/03/heat-dome-and-high-pressure-boost-southern-u-s-solar-as-polar-vortex-clouds-the-north/,pv magazine USA,"04/03/2026, 07:00 AM, +0000 UTC",heat,2026-05-11T12:34:50.207504+00:00,,,,False,heat_dome,,,,,,2026-05-11T12:47:10.642062+00:00
https://www.kktv.com/2026/03/17/heat-dome-sliding-what-does-that-mean/,Heat Dome sliding in: What does that mean?,,https://www.kktv.com/2026/03/17/heat-dome-sliding-what-does-that-mean/,KKTV,"03/17/2026, 07:00 AM, +0000 UTC",heat,2026-05-11T12:34:50.207504+00:00,,,,False,heat_dome,,,,,,2026-05-11T12:47:10.642062+00:00
https://www.yahoo.com/news/articles/wests-record-shattering-heat-wave-160746356.html,The West's record-shattering heat wave isn't over as heat dome shifts into the Plains,,https://www.yahoo.com/news/articles/wests-record-shattering-heat-wave-160746356.html,Yahoo,"03/22/2026, 07:00 AM, +0000 UTC",heat,2026-05-11T12:34:50.207504+00:00,,,,False,heat_dome,,,,,,2026-05-11T12:47:10.642062+00:00
https://www.euronews.com/2026/03/20/pushing-extremes-to-new-levels-record-us-heat-dome-made-possible-by-climate-change,'Climate change in real time': US hit by record-shattering heatwave,,https://www.euronews.com/2026/03/20/pushing-extremes-to-new-levels-record-us-heat-dome-made-possible-by-climate-change,Euronews.com,"03/20/2026, 07:00 AM, +0000 UTC",heat,2026-05-11T12:34:50.207504+00:00,,,,False,heat_event,,,,,,2026-05-11T12:47:10.642062+00:00
https://www.spokesman.com/stories/2026/mar/28/april-forecast-predicts-major-change-as-heat-dome-/,April forecast predicts ‘major change’ as heat dome moves,,https://www.spokesman.com/stories/2026/mar/28/april-forecast-predicts-major-change-as-heat-dome-/,The Spokesman-Review,"03/28/2026, 07:00 AM, +0000 UTC",heat,2026-05-11T12:34:50.207504+00:00,,,,False,heat_dome,,,,,,2026-05-11T12:47:10.642062+00:00
https://www.aol.com/wests-record-shattering-heat-wave-160746066.html,The West's record-shattering heat wave isn't over as heat dome shifts into the Plains,,https://www.aol.com/wests-record-shattering-heat-wave-160746066.html,AOL.com,"03/22/2026, 07:00 AM, +0000 UTC",heat,2026-05-11T12:34:50.207504+00:00,,,,False,heat_dome,,,,,,2026-05-11T12:47:10.642062+00:00
https://news.sky.com/story/us-suffers-hottest-march-day-ever-recorded-as-heat-dome-drives-up-temperatures-13522180,US suffers hottest March day ever recorded as heat dome drives up temperatures,,https://news.sky.com/story/us-suffers-hottest-march-day-ever-recorded-as-heat-dome-drives-up-temperatures-13522180,Sky News,"03/20/2026, 07:00 AM, +0000 UTC",heat,2026-05-11T12:34:50.207504+00:00,,,,False,heat_dome,,,,,,2026-05-11T12:47:10.642062+00:00
https://www.mensjournal.com/news/excessive-heat-warning-issued-as-100-degree-temperatures-record-march-highs-forecast-this-week,"Excessive Heat Warning Issued as 100-Degree Temperatures, Record March Highs Forecast This Week",,https://www.mensjournal.com/news/excessive-heat-warning-issued-as-100-degree-temperatures-record-march-highs-forecast-this-week,Men's Journal,"03/11/2026, 07:00 AM, +0000 UTC",heat,2026-05-11T12:34:50.207504+00:00,,,,False,heat_warning,,,,,,2026-05-11T12:47:10.642062+00:00
https://wgci.iheart.com/content/2026-03-13-all-50-us-states-could-face-extreme-weather-including-blizzard-heat-dome/,"All 50 US States Could Face Extreme Weather Including Blizzard, Heat Dome",,https://wgci.iheart.com/content/2026-03-13-all-50-us-states-could-face-extreme-weather-including-blizzard-heat-dome/,WGCI-FM,"03/13/2026, 07:00 AM, +0000 UTC",heat,2026-05-11T12:34:50.207504+00:00,,,,False,heat_dome,,,,,,2026-05-11T12:47:10.642062+00:00
https://www.stl.news/historic-heat-dome-expanding-to-envelop-almost-the-entire-united-states/,Historic heat dome expanding to envelop almost the entire United States.,,https://www.stl.news/historic-heat-dome-expanding-to-envelop-almost-the-entire-united-states/,stl.news,"03/24/2026, 07:00 AM, +0000 UTC",heat,2026-05-11T12:34:50.207504+00:00,,,,False,heat_dome,,,,,,2026-05-11T12:47:10.642062+00:00
https://globalnews.ca/news/11729307/us-weather-blizzard-polar-vortex-heat-dome-atmospheric-river/,"A blizzard, polar vortex, heat dome and atmospheric river: U.S. faces weather chaos - National",,https://globalnews.ca/news/11729307/us-weather-blizzard-polar-vortex-heat-dome-atmospheric-river/,Global News,"03/13/2026, 07:00 AM, +0000 UTC",heat,2026-05-11T12:34:50.207504+00:00,,,,False,heat_dome,,,,,,2026-05-11T12:47:10.642062+00:00
https://www.foxweather.com/weather-news/noaa-warmest-march-ever-recorded-across-lower-48-historic-western-heat-dome,NOAA: Warmest March ever recorded across Lower 48 driven by historic Western heat dome,,https://www.foxweather.com/weather-news/noaa-warmest-march-ever-recorded-across-lower-48-historic-western-heat-dome,FOX Weather,"04/10/2026, 07:00 AM, +0000 UTC",heat,2026-05-11T12:34:50.207504+00:00,,,,False,heat_dome,,,,,,2026-05-11T12:47:10.642062+00:00
https://www.yahoo.com/news/articles/record-shattering-march-scorcher-70-183935119.html,Record-shattering March scorcher: 70 million to bake in summerlike heat dome into weekend,,https://www.yahoo.com/news/articles/record-shattering-march-scorcher-70-183935119.html,Yahoo,"03/16/2026, 07:00 AM, +0000 UTC",heat,2026-05-11T12:34:50.207504+00:00,,,,False,heat_dome,,,,,,2026-05-11T12:47:10.642062+00:00
https://mavensnotebook.com/2026/03/12/daily-digest-3-12-a-record-heat-dome-is-about-to-hit-the-west-as-signs-of-strong-el-nino-emerge-water-board-to-release-new-rule-to-limit-water-pollution-from-dairies-the-mutibenefit-land-repurposi/,"DAILY DIGEST, 3/12: A record heat dome is about to hit the West as signs of strong El Niño emerge; Water Board to release new rule to limit water pollution from dairies; The Mutibenefit Land Repurposing Program’s 2025 progress report; Pacific Fishery Mana",,https://mavensnotebook.com/2026/03/12/daily-digest-3-12-a-record-heat-dome-is-about-to-hit-the-west-as-signs-of-strong-el-nino-emerge-water-board-to-release-new-rule-to-limit-water-pollution-from-dairies-the-mutibenefit-land-repurposi/,Maven's Notebook,"03/12/2026, 07:00 AM, +0000 UTC",heat,2026-05-11T12:34:50.207504+00:00,,,,False,heat_dome,,,,,,2026-05-11T12:47:10.642062+00:00
https://www.greenmatters.com/pn/record-breaking-march-heat-dome-to-hit-west-coast-soon-these-cities-will-face-the-worst-of-it,Record-Breaking March ‘Heat Dome’ To Hit West Coast Soon — These Cities Will Face The Worst of It,,https://www.greenmatters.com/pn/record-breaking-march-heat-dome-to-hit-west-coast-soon-these-cities-will-face-the-worst-of-it,Green Matters,"03/13/2026, 07:00 AM, +0000 UTC",heat,2026-05-11T12:34:50.207504+00:00,,,,False,heat_dome,,,,,,2026-05-11T12:47:10.642062+00:00
https://www.france24.com/en/live-news/20260311-north-america-heat-dome-left-winners-and-losers-study,North America 'heat dome' left winners and losers: study,,https://www.france24.com/en/live-news/20260311-north-america-heat-dome-left-winners-and-losers-study,France 24,"03/11/2026, 07:00 AM, +0000 UTC",heat,2026-05-11T12:34:50.207504+00:00,,,,False,heat_dome,,,,,,2026-05-11T12:47:10.642062+00:00
https://www.deseret.com/environment/2026/03/13/massive-heat-dome-over-the-west/,‘Unprecedented’ heat to reach most of the West starting next week,,https://www.deseret.com/environment/2026/03/13/massive-heat-dome-over-the-west/,Deseret News,"03/13/2026, 07:00 AM, +0000 UTC",heat,2026-05-11T12:34:50.207504+00:00,,,,False,heat_event,,,,,,2026-05-11T12:47:10.642062+00:00
https://www.sun-sentinel.com/2026/03/13/weather-extremes/,"US forecasts blizzard, polar vortex, heat dome and atmospheric river all at once",,https://www.sun-sentinel.com/2026/03/13/weather-extremes/,Sun Sentinel,"03/13/2026, 07:00 AM, +0000 UTC",heat,2026-05-11T12:34:50.207504+00:00,,,,False,heat_dome,,,,,,2026-05-11T12:47:10.642062+00:00
https://www.statesman.com/weather/article/austin-forecast-90-degree-heat-daily-temperatures-22087263.php,"Austin temperatures to hit mid-90s twice in a week, thanks to heat dome",,https://www.statesman.com/weather/article/austin-forecast-90-degree-heat-daily-temperatures-22087263.php,Austin American-Statesman,"03/21/2026, 07:00 AM, +0000 UTC",heat,2026-05-11T12:34:50.207504+00:00,,,,False,heat_dome,,,,,,2026-05-11T12:47:10.642062+00:00
https://rollingout.com/2026/03/22/heat-dome-rewrites-march-history/,Heat Dome Rewrites March History in 11 States,,https://rollingout.com/2026/03/22/heat-dome-rewrites-march-history/,Rolling Out,"03/22/2026, 07:00 AM, +0000 UTC",heat,2026-05-11T12:34:50.207504+00:00,,,,False,heat_dome,,,,,,2026-05-11T12:47:10.642062+00:00
https://www.msn.com/en-ca/weather/topstories/historic-heat-dome-to-roast-14-us-states-with-triple-digit-temperatures-months-ahead-of-schedule/ar-AA1YLflZ,Historic heat dome to roast 14 US states with triple-digit temperatures months ahead of schedule,,https://www.msn.com/en-ca/weather/topstories/historic-heat-dome-to-roast-14-us-states-with-triple-digit-temperatures-months-ahead-of-schedule/ar-AA1YLflZ,MSN,"03/16/2026, 07:00 AM, +0000 UTC",heat,2026-05-11T12:34:50.207504+00:00,,,,False,heat_dome,,,,,,2026-05-11T12:47:10.642062+00:00
https://www.travelandtourworld.com/news/article/us-heat-dome-explosion-70-million-face-record-breaking-march-scorcher-as-temperatures-smash-100f-barrier/,US Heat Dome Explosion: 70 Million Face Record-Breaking March Scorcher as Temperatures Smash 100°F Barrier,,https://www.travelandtourworld.com/news/article/us-heat-dome-explosion-70-million-face-record-breaking-march-scorcher-as-temperatures-smash-100f-barrier/,Travel And Tour World,"03/19/2026, 07:00 AM, +0000 UTC",heat,2026-05-11T12:34:50.207504+00:00,,,,False,heat_dome,,,,,,2026-05-11T12:47:10.642062+00:00
https://www.statesman.com/weather/article/austin-forecast-texas-weather-heat-dome-records-22092163.php,Austin nears record highs as heat dome lingers overhead. How hot will it get across Texas?,,https://www.statesman.com/weather/article/austin-forecast-texas-weather-heat-dome-records-22092163.php,Austin American-Statesman,"03/24/2026, 07:00 AM, +0000 UTC",heat,2026-05-11T12:34:50.207504+00:00,Texas,Texas,state,True,heat_dome,,,,31.054487,-97.563461,2026-05-11T12:47:10.642062+00:00
https://www.cjonline.com/story/news/state/2025/12/22/heat-dome-expected-to-obliterate-kansas-christmas-temperature-records-topeka/87873232007/,Topeka expected to see record-breaking temperatures this Christmas,,https://www.cjonline.com/story/news/state/2025/12/22/heat-dome-expected-to-obliterate-kansas-christmas-temperature-records-topeka/87873232007/,The Topeka Capital-Journal,"12/22/2025, 08:00 AM, +0000 UTC",heat,2026-05-11T12:34:50.207504+00:00,,,,False,heat_event,,,,,,2026-05-11T12:47:10.642062+00:00
https://www.theweathernetwork.com/en/news/weather/severe/historic-heat-dome-may-fuel-summer-wildfires-growing-drought,"Historic heat dome may fuel summer wildfires, growing drought",,https://www.theweathernetwork.com/en/news/weather/severe/historic-heat-dome-may-fuel-summer-wildfires-growing-drought,The Weather Network,"03/29/2026, 07:00 AM, +0000 UTC",heat,2026-05-11T12:34:50.207504+00:00,,,,False,heat_dome,,,,,,2026-05-11T12:47:10.642062+00:00
https://www.accuweather.com/en/weather-news/march-heat-dome-raises-hot-car-danger-shuts-hiking-trails-and-threatens-flower-blooms-across-the-west/1875065,"March heat dome raises hot car danger, shuts hiking trails and threatens flower blooms across the West",,https://www.accuweather.com/en/weather-news/march-heat-dome-raises-hot-car-danger-shuts-hiking-trails-and-threatens-flower-blooms-across-the-west/1875065,AccuWeather,"03/20/2026, 07:00 AM, +0000 UTC",heat,2026-05-11T12:34:50.207504+00:00,,,,False,heat_dome,,,,,,2026-05-11T12:47:10.642062+00:00
https://www.sunherald.com/news/local/article315167447.html,"Record-breaking heat spreads across US, experts say. How hot could MS Coast get?",,https://www.sunherald.com/news/local/article315167447.html,Sun Herald,"03/24/2026, 07:00 AM, +0000 UTC",heat,2026-05-11T12:34:50.207504+00:00,,,,False,heat_event,,,,,,2026-05-11T12:47:10.642062+00:00
https://www.cbsnews.com/news/maps-us-heat-advisory-high-temperature-dome-moves-east/,"Maps show U.S. heat advisories, high temperatures as heat dome moves east",,https://www.cbsnews.com/news/maps-us-heat-advisory-high-temperature-dome-moves-east/,CBS News,"07/25/2025, 07:00 AM, +0000 UTC",heat,2026-05-11T12:34:50.207504+00:00,,,,False,heat_dome,,,,,,2026-05-11T12:47:10.642062+00:00
https://www.scientificamerican.com/article/heat-domes-extreme-heat-and-humidity-triggers-alerts-across-eastern-u-s/,A Massive Heat Dome Is Cooking the Eastern U.S.,,https://www.scientificamerican.com/article/heat-domes-extreme-heat-and-humidity-triggers-alerts-across-eastern-u-s/,Scientific American,"07/23/2025, 07:00 AM, +0000 UTC",heat,2026-05-11T12:34:50.207504+00:00,,,,False,heat_dome,,,,,,2026-05-11T12:47:10.642062+00:00
https://www.foxweather.com/weather-news/heat-dome-southeast,Life-threatening heat dome broils millions across eastern US as records tumble,,https://www.foxweather.com/weather-news/heat-dome-southeast,FOX Weather,"07/29/2025, 07:00 AM, +0000 UTC",heat,2026-05-11T12:34:50.207504+00:00,,,,False,heat_dome,,,,,,2026-05-11T12:47:10.642062+00:00
https://www.nesdis.noaa.gov/news/noaa-satellites-monitor-record-breaking-heat-wave,NOAA Satellites Monitor Record-Breaking Heat Wave,,https://www.nesdis.noaa.gov/news/noaa-satellites-monitor-record-breaking-heat-wave,National Oceanic and Atmospheric Administration (.gov),"06/27/2025, 07:00 AM, +0000 UTC",heat,2026-05-11T12:34:50.207504+00:00,,,,False,heat_dome,,,,,,2026-05-11T12:47:10.642062+00:00
https://grist.org/extreme-heat/the-science-behind-the-heat-dome-a-mosh-pit-of-molecules/,The science behind the heat dome — ‘a mosh pit’ of molecules,,https://grist.org/extreme-heat/the-science-behind-the-heat-dome-a-mosh-pit-of-molecules/,grist.org,"07/22/2025, 07:00 AM, +0000 UTC",heat,2026-05-11T12:34:50.207504+00:00,,,,False,heat_dome,,,,,,2026-05-11T12:47:10.642062+00:00
https://www.scientificamerican.com/article/tampa-breaks-heat-record-as-heat-dome-bakes-eastern-u-s/,Scorching Heat Dome Sends Tampa to 100 Degrees F for the First Time,,https://www.scientificamerican.com/article/tampa-breaks-heat-record-as-heat-dome-bakes-eastern-u-s/,Scientific American,"07/28/2025, 07:00 AM, +0000 UTC",heat,2026-05-11T12:34:50.207504+00:00,,,,False,heat_dome,,,,,,2026-05-11T12:47:10.642062+00:00
https://www.severe-weather.eu/global-weather/heat-dome-heatwave-united-states-canada-sweltering-hot-weather-july-2025-mk/,"Heat Dome returns over east central U.S. next week, expands west and north into Canada through the end of July",,https://www.severe-weather.eu/global-weather/heat-dome-heatwave-united-states-canada-sweltering-hot-weather-july-2025-mk/,Severe Weather Europe,"07/19/2025, 07:00 AM, +0000 UTC",heat,2026-05-11T12:34:50.207504+00:00,,,,False,heat_dome,,,,,,2026-05-11T12:47:10.642062+00:00
https://www.usatoday.com/story/news/nation/2025/07/21/heat-dome-extreme-temperatures/85304631007/,Heat dome to push extreme temperatures across much of US this week,,https://www.usatoday.com/story/news/nation/2025/07/21/heat-dome-extreme-temperatures/85304631007/,USA Today,"07/21/2025, 07:00 AM, +0000 UTC",heat,2026-05-11T12:34:50.207504+00:00,,,,False,heat_dome,,,,,,2026-05-11T12:47:10.642062+00:00
https://www.pbs.org/newshour/nation/eastern-half-of-u-s-bakes-under-heat-dome-with-more-days-of-dangerous-temperatures-ahead,"Eastern half of U.S. bakes under heat dome, with more days of dangerous temperatures ahead",,https://www.pbs.org/newshour/nation/eastern-half-of-u-s-bakes-under-heat-dome-with-more-days-of-dangerous-temperatures-ahead,PBS,"06/22/2025, 07:00 AM, +0000 UTC",heat,2026-05-11T12:34:50.207504+00:00,,,,False,heat_dome,,,,,,2026-05-11T12:47:10.642062+00:00
https://www.accuweather.com/en/weather-forecasts/building-western-us-heat-dome-may-set-records-cause-wildfires-to-surge/1801605,"Building western US heat dome may set records, cause wildfires to surge",,https://www.accuweather.com/en/weather-forecasts/building-western-us-heat-dome-may-set-records-cause-wildfires-to-surge/1801605,AccuWeather,"08/02/2025, 06:16 PM, +0000 UTC",heat,2026-05-11T12:34:50.207504+00:00,,,,False,heat_dome,,,,,,2026-05-11T12:47:10.642062+00:00
https://watchers.news/2025/06/20/extreme-heat-alerts-central-eastern-usa-heat-dome/,"Extreme heat alerts issued for central, eastern U.S. as heat dome builds June 20 onwards",,https://watchers.news/2025/06/20/extreme-heat-alerts-central-eastern-usa-heat-dome/,The Watchers - Watching the world evolve and transform,"06/20/2025, 07:00 AM, +0000 UTC",heat,2026-05-11T12:34:50.207504+00:00,,,,False,heat_dome,,,,,,2026-05-11T12:47:10.642062+00:00
https://www.foxweather.com/weather-news/heat-dome-ring-fire-storms-weather-pattern-us-forecast,Life-threatening heat dome intensifies as ring of fire storms rumble across central US,,https://www.foxweather.com/weather-news/heat-dome-ring-fire-storms-weather-pattern-us-forecast,FOX Weather,"07/21/2025, 07:00 AM, +0000 UTC",heat,2026-05-11T12:34:50.207504+00:00,,,,False,heat_dome,,,,,,2026-05-11T12:47:10.642062+00:00
https://www.nbcnews.com/science/science-news/heat-dome-causes-opressive-temperatures-explainer-rcna214939,Why do heat domes bring oppressive temperatures?,,https://www.nbcnews.com/science/science-news/heat-dome-causes-opressive-temperatures-explainer-rcna214939,NBC News,"06/26/2025, 07:00 AM, +0000 UTC",heat,2026-05-11T12:34:50.207504+00:00,,,,False,heat_dome,,,,,,2026-05-11T12:47:10.642062+00:00
https://www.foxweather.com/weather-news/heat-dome-temperature-records-south-central-east,Severe storms rumble through Northeast heat dome with reports of damaging winds,,https://www.foxweather.com/weather-news/heat-dome-temperature-records-south-central-east,FOX Weather,"07/25/2025, 07:00 AM, +0000 UTC",heat,2026-05-11T12:34:50.207504+00:00,,,,False,heat_dome,,,,,,2026-05-11T12:47:10.642062+00:00
https://www.theguardian.com/us-news/2025/jun/20/heat-dome-warning-central-eastern-us,Millions of people across central and eastern US under ‘heat dome’ warning,,https://www.theguardian.com/us-news/2025/jun/20/heat-dome-warning-central-eastern-us,The Guardian,"06/20/2025, 07:00 AM, +0000 UTC",heat,2026-05-11T12:34:50.207504+00:00,,,,False,heat_dome,,,,,,2026-05-11T12:47:10.642062+00:00
https://www.severe-weather.eu/global-weather/heat-dome-intense-heatwave-summer-2025-united-states-mk/,"Heat Dome develops over the U.S. by the weekend, intensifying a heatwave into the next week",,https://www.severe-weather.eu/global-weather/heat-dome-intense-heatwave-summer-2025-united-states-mk/,Severe Weather Europe,"06/19/2025, 07:00 AM, +0000 UTC",heat,2026-05-11T12:34:50.207504+00:00,,,,False,heat_dome,,,,,,2026-05-11T12:47:10.642062+00:00
https://www.usatoday.com/story/news/nation/2025/07/22/heat-dome-weather-hot-temperatures/85319399007/,"Heat dome is scorching the South, moving toward the East: What you can expect",,https://www.usatoday.com/story/news/nation/2025/07/22/heat-dome-weather-hot-temperatures/85319399007/,USA Today,"07/22/2025, 07:00 AM, +0000 UTC",heat,2026-05-11T12:34:50.207504+00:00,,,,False,heat_dome,,,,,,2026-05-11T12:47:10.642062+00:00
https://www.wbur.org/news/2025/08/11/boston-heat-emergency-air-quality-alert,Boston is under its third heat emergency of the summer,,https://www.wbur.org/news/2025/08/11/boston-heat-emergency-air-quality-alert,WBUR,"08/12/2025, 07:00 AM, +0000 UTC",heat,2026-05-11T12:34:50.207504+00:00,,,,False,heat_emergency,,,,,,2026-05-11T12:47:10.642062+00:00
https://watchers.news/2025/06/23/record-breaking-heat-grips-central-eastern-usa-heat-dome-intensifies/,Record-breaking heat grips central and eastern U.S. as heat dome intensifies,,https://watchers.news/2025/06/23/record-breaking-heat-grips-central-eastern-usa-heat-dome-intensifies/,The Watchers - Watching the world evolve and transform,"06/23/2025, 07:00 AM, +0000 UTC",heat,2026-05-11T12:34:50.207504+00:00,,,,False,heat_dome,,,,,,2026-05-11T12:47:10.642062+00:00
https://www.foxweather.com/weather-news/heat-wave-dome-northeast-mid-atlantic-new-england-summer-2025,Century-old temperature records tumble as heat dome bakes millions in Northeast,,https://www.foxweather.com/weather-news/heat-wave-dome-northeast-mid-atlantic-new-england-summer-2025,FOX Weather,"06/23/2025, 07:00 AM, +0000 UTC",heat,2026-05-11T12:34:50.207504+00:00,,,,False,heat_dome,,,,,,2026-05-11T12:47:10.642062+00:00
https://news.cuanschutz.edu/news-stories/heat-dome-grips-the-west-what-is-it-and-how-can-it-affect-health,"Heat Dome Grips the West: What Is It, and How Can It Affect Health?",,https://news.cuanschutz.edu/news-stories/heat-dome-grips-the-west-what-is-it-and-how-can-it-affect-health,CU Anschutz newsroom,"03/18/2026, 07:00 AM, +0000 UTC",heat,2026-05-12T11:46:56.561080+00:00,,,,False,heat_dome,,,,,,2026-05-12T12:00:15.432102+00:00
https://www.aspenpublicradio.org/environment/2026-03-16/heat-dome-to-bring-record-breaking-temperatures-across-the-west,Heat dome to bring record-breaking temperatures across the West,,https://www.aspenpublicradio.org/environment/2026-03-16/heat-dome-to-bring-record-breaking-temperatures-across-the-west,Aspen Public Radio,"03/16/2026, 07:00 AM, +0000 UTC",heat,2026-05-12T11:46:56.561080+00:00,,,,False,heat_dome,,,,,,2026-05-12T12:00:15.432102+00:00
https://www.climatecentral.org/climate-shift-index-alert/March-record-breaking-western-heatwave,"Record-breaking March heatwave, intensified by climate change, continues to shatter records across the U.S.",,https://www.climatecentral.org/climate-shift-index-alert/March-record-breaking-western-heatwave,Climate Central,"03/24/2026, 06:48 PM, +0000 UTC",heat,2026-05-12T11:46:56.561080+00:00,,,,False,heat_event,,,,,,2026-05-12T12:00:15.432102+00:00
https://www.cbc.ca/news/climate/record-heat-dome-9.7139906,Record-breaking heat dome spreads across U.S.,,https://www.cbc.ca/news/climate/record-heat-dome-9.7139906,CBC,"03/24/2026, 07:00 AM, +0000 UTC",heat,2026-05-12T11:46:56.561080+00:00,,,,False,heat_dome,,,,,,2026-05-12T12:00:15.432102+00:00
https://www.cbsnews.com/news/maps-us-heat-advisory-high-temperature-dome-moves-east/,"Maps show U.S. heat advisories, high temperatures as heat dome moves east",,https://www.cbsnews.com/news/maps-us-heat-advisory-high-temperature-dome-moves-east/,CBS News,"07/25/2025, 07:00 AM, +0000 UTC",heat,2026-05-12T11:46:56.561080+00:00,,,,False,heat_dome,,,,,,2026-05-12T12:00:15.432102+00:00
https://www.nbcnews.com/weather/heat/western-heat-wave-ends-records-duration-intensity-rcna265514,"As Western heat wave ends, scientists try to make sense of its length and intensity",,https://www.nbcnews.com/weather/heat/western-heat-wave-ends-records-duration-intensity-rcna265514,NBC News,"03/28/2026, 07:00 AM, +0000 UTC",heat,2026-05-12T11:46:56.561080+00:00,,,,False,heat_dome,,,,,,2026-05-12T12:00:15.432102+00:00
https://www.cnet.com/home/energy-and-utilities/historic-heat-dome-creeping-across-us-how-prepare/,A Historic Heat Dome Is Creeping Across the US. Here's How to Prepare,,https://www.cnet.com/home/energy-and-utilities/historic-heat-dome-creeping-across-us-how-prepare/,CNET,"03/24/2026, 07:00 AM, +0000 UTC",heat,2026-05-12T11:46:56.561080+00:00,,,,False,heat_dome,,,,,,2026-05-12T12:00:15.432102+00:00
https://www.nbcnews.com/weather/heat/blistering-heat-wave-across-western-us-rcna264506,The West's record-shattering heat wave isn't over as heat dome shifts into the Plains,,https://www.nbcnews.com/weather/heat/blistering-heat-wave-across-western-us-rcna264506,NBC News,"03/22/2026, 07:00 AM, +0000 UTC",heat,2026-05-12T11:46:56.561080+00:00,,,,False,heat_dome,,,,,,2026-05-12T12:00:15.432102+00:00
https://news.oregonstate.edu/news/study-paints-detailed-picture-forest-canopy-damage-caused-%E2%80%98heat-dome%E2%80%99,Study paints detailed picture of forest canopy damage caused by ‘heat dome’,,https://news.oregonstate.edu/news/study-paints-detailed-picture-forest-canopy-damage-caused-%E2%80%98heat-dome%E2%80%99,Oregon State University,"11/04/2025, 08:00 AM, +0000 UTC",heat,2026-05-12T11:46:56.561080+00:00,,,,False,heat_dome,,,,,,2026-05-12T12:00:15.432102+00:00
https://www.newsweek.com/heat-dome-map-shows-states-set-for-hottest-spring-temperatures-11733473,Heat Dome Map Shows States Set For Hottest Spring Temperatures,,https://www.newsweek.com/heat-dome-map-shows-states-set-for-hottest-spring-temperatures-11733473,Newsweek,"03/25/2026, 07:00 AM, +0000 UTC",heat,2026-05-12T11:46:56.561080+00:00,,,,False,heat_dome,,,,,,2026-05-12T12:00:15.432102+00:00
https://www.theatlantic.com/science/2026/03/west-heat-wave/686457/,There’s No Way the American West Will Have a Normal Summer,,https://www.theatlantic.com/science/2026/03/west-heat-wave/686457/,The Atlantic,"03/19/2026, 07:00 AM, +0000 UTC",heat,2026-05-12T11:46:56.561080+00:00,,,,False,heat_event,,,,,,2026-05-12T12:00:15.432102+00:00
https://www.thecooldown.com/outdoors/record-heat-wave-us-19-states/,Meteorologist issues warning as heat dome creeps across country: 'The entire US is going to be hot',,https://www.thecooldown.com/outdoors/record-heat-wave-us-19-states/,The Cool Down,"03/26/2026, 07:00 AM, +0000 UTC",heat,2026-05-12T11:46:56.561080+00:00,,,,False,heat_dome,,,,,,2026-05-12T12:00:15.432102+00:00
https://www.euronews.com/2026/03/20/pushing-extremes-to-new-levels-record-us-heat-dome-made-possible-by-climate-change,'Climate change in real time': US hit by record-shattering heatwave,,https://www.euronews.com/2026/03/20/pushing-extremes-to-new-levels-record-us-heat-dome-made-possible-by-climate-change,Euronews.com,"03/20/2026, 07:00 AM, +0000 UTC",heat,2026-05-12T11:46:56.561080+00:00,,,,False,heat_event,,,,,,2026-05-12T12:00:15.432102+00:00
https://www.climatecentral.org/climate-shift-index-alert/central-eastern-us-june-2025,Almost half of the U.S. affected by climate change-driven heat wave,,https://www.climatecentral.org/climate-shift-index-alert/central-eastern-us-june-2025,Climate Central,"06/20/2025, 07:00 AM, +0000 UTC",heat,2026-05-12T11:46:56.561080+00:00,,,,False,heat_dome,,,,,,2026-05-12T12:00:15.432102+00:00
https://www.usatoday.com/story/news/weather/2026/03/28/april-weather-forecast-heat-dome/89347353007/,April weather forecast predicts 'major change' as heat dome moves,,https://www.usatoday.com/story/news/weather/2026/03/28/april-weather-forecast-heat-dome/89347353007/,USA Today,"03/28/2026, 07:00 AM, +0000 UTC",heat,2026-05-12T11:46:56.561080+00:00,,,,False,heat_dome,,,,,,2026-05-12T12:00:15.432102+00:00
https://phys.org/news/2026-03-north-america-dome-left-winners.html,North America 'heat dome' left winners and losers: Study,,https://phys.org/news/2026-03-north-america-dome-left-winners.html,Phys.org,"03/15/2026, 07:00 AM, +0000 UTC",heat,2026-05-12T11:46:56.561080+00:00,,,,False,heat_dome,,,,,,2026-05-12T12:00:15.432102+00:00
https://www.kktv.com/2026/03/17/heat-dome-sliding-what-does-that-mean/,Heat Dome sliding in: What does that mean?,,https://www.kktv.com/2026/03/17/heat-dome-sliding-what-does-that-mean/,KKTV,"03/17/2026, 07:00 AM, +0000 UTC",heat,2026-05-12T11:46:56.561080+00:00,,,,False,heat_dome,,,,,,2026-05-12T12:00:15.432102+00:00
https://www.scientificamerican.com/article/heat-domes-extreme-heat-and-humidity-triggers-alerts-across-eastern-u-s/,A Massive Heat Dome Is Cooking the Eastern U.S.,,https://www.scientificamerican.com/article/heat-domes-extreme-heat-and-humidity-triggers-alerts-across-eastern-u-s/,Scientific American,"07/23/2025, 07:00 AM, +0000 UTC",heat,2026-05-12T11:46:56.561080+00:00,,,,False,heat_dome,,,,,,2026-05-12T12:00:15.432102+00:00
https://pv-magazine-usa.com/2026/04/03/heat-dome-and-high-pressure-boost-southern-u-s-solar-as-polar-vortex-clouds-the-north/,Heat dome and high pressure boost southern U.S. solar as polar vortex clouds the north,,https://pv-magazine-usa.com/2026/04/03/heat-dome-and-high-pressure-boost-southern-u-s-solar-as-polar-vortex-clouds-the-north/,pv magazine USA,"04/03/2026, 07:00 AM, +0000 UTC",heat,2026-05-12T11:46:56.561080+00:00,,,,False,heat_dome,,,,,,2026-05-12T12:00:15.432102+00:00
https://www.foxweather.com/weather-news/heat-dome-southeast,Life-threatening heat dome broils millions across eastern US as records tumble,,https://www.foxweather.com/weather-news/heat-dome-southeast,FOX Weather,"07/29/2025, 07:00 AM, +0000 UTC",heat,2026-05-12T11:46:56.561080+00:00,,,,False,heat_dome,,,,,,2026-05-12T12:00:15.432102+00:00
https://www.aol.com/wests-record-shattering-heat-wave-160746066.html,The West's record-shattering heat wave isn't over as heat dome shifts into the Plains,,https://www.aol.com/wests-record-shattering-heat-wave-160746066.html,AOL.com,"03/22/2026, 07:00 AM, +0000 UTC",heat,2026-05-12T11:46:56.561080+00:00,,,,False,heat_dome,,,,,,2026-05-12T12:00:15.432102+00:00
https://grist.org/extreme-heat/the-science-behind-the-heat-dome-a-mosh-pit-of-molecules/,The science behind the heat dome — ‘a mosh pit’ of molecules,,https://grist.org/extreme-heat/the-science-behind-the-heat-dome-a-mosh-pit-of-molecules/,grist.org,"07/22/2025, 07:00 AM, +0000 UTC",heat,2026-05-12T11:46:56.561080+00:00,,,,False,heat_dome,,,,,,2026-05-12T12:00:15.432102+00:00
https://news.sky.com/story/us-suffers-hottest-march-day-ever-recorded-as-heat-dome-drives-up-temperatures-13522180,US suffers hottest March day ever recorded as heat dome drives up temperatures,,https://news.sky.com/story/us-suffers-hottest-march-day-ever-recorded-as-heat-dome-drives-up-temperatures-13522180,Sky News,"03/20/2026, 07:00 AM, +0000 UTC",heat,2026-05-12T11:46:56.561080+00:00,,,,False,heat_dome,,,,,,2026-05-12T12:00:15.432102+00:00
https://www.mensjournal.com/news/excessive-heat-warning-issued-as-100-degree-temperatures-record-march-highs-forecast-this-week,"Excessive Heat Warning Issued as 100-Degree Temperatures, Record March Highs Forecast This Week",,https://www.mensjournal.com/news/excessive-heat-warning-issued-as-100-degree-temperatures-record-march-highs-forecast-this-week,Men's Journal,"03/11/2026, 07:00 AM, +0000 UTC",heat,2026-05-12T11:46:56.561080+00:00,,,,False,heat_warning,,,,,,2026-05-12T12:00:15.432102+00:00
https://www.foxweather.com/weather-news/noaa-warmest-march-ever-recorded-across-lower-48-historic-western-heat-dome,NOAA: Warmest March ever recorded across Lower 48 driven by historic Western heat dome,,https://www.foxweather.com/weather-news/noaa-warmest-march-ever-recorded-across-lower-48-historic-western-heat-dome,FOX Weather,"04/10/2026, 07:00 AM, +0000 UTC",heat,2026-05-12T11:46:56.561080+00:00,,,,False,heat_dome,,,,,,2026-05-12T12:00:15.432102+00:00
https://www.scientificamerican.com/article/tampa-breaks-heat-record-as-heat-dome-bakes-eastern-u-s/,Scorching Heat Dome Sends Tampa to 100 Degrees F for the First Time,,https://www.scientificamerican.com/article/tampa-breaks-heat-record-as-heat-dome-bakes-eastern-u-s/,Scientific American,"07/28/2025, 07:00 AM, +0000 UTC",heat,2026-05-12T11:46:56.561080+00:00,,,,False,heat_dome,,,,,,2026-05-12T12:00:15.432102+00:00
https://www.severe-weather.eu/global-weather/heat-dome-heatwave-united-states-canada-sweltering-hot-weather-july-2025-mk/,"Heat Dome returns over east central U.S. next week, expands west and north into Canada through the end of July",,https://www.severe-weather.eu/global-weather/heat-dome-heatwave-united-states-canada-sweltering-hot-weather-july-2025-mk/,Severe Weather Europe,"07/19/2025, 07:00 AM, +0000 UTC",heat,2026-05-12T11:46:56.561080+00:00,,,,False,heat_dome,,,,,,2026-05-12T12:00:15.432102+00:00
https://www.accuweather.com/en/weather-forecasts/building-western-us-heat-dome-may-set-records-cause-wildfires-to-surge/1801605,"Building western US heat dome may set records, cause wildfires to surge",,https://www.accuweather.com/en/weather-forecasts/building-western-us-heat-dome-may-set-records-cause-wildfires-to-surge/1801605,AccuWeather,"08/02/2025, 06:16 PM, +0000 UTC",heat,2026-05-12T11:46:56.561080+00:00,,,,False,heat_dome,,,,,,2026-05-12T12:00:15.432102+00:00
https://www.usatoday.com/story/news/nation/2025/07/21/heat-dome-extreme-temperatures/85304631007/,Heat dome to push extreme temperatures across much of US this week,,https://www.usatoday.com/story/news/nation/2025/07/21/heat-dome-extreme-temperatures/85304631007/,USA Today,"07/21/2025, 07:00 AM, +0000 UTC",heat,2026-05-12T11:46:56.561080+00:00,,,,False,heat_dome,,,,,,2026-05-12T12:00:15.432102+00:00
https://www.stl.news/historic-heat-dome-expanding-to-envelop-almost-the-entire-united-states/,Historic heat dome expanding to envelop almost the entire United States.,,https://www.stl.news/historic-heat-dome-expanding-to-envelop-almost-the-entire-united-states/,stl.news,"03/24/2026, 07:00 AM, +0000 UTC",heat,2026-05-12T11:46:56.561080+00:00,,,,False,heat_dome,,,,,,2026-05-12T12:00:15.432102+00:00
https://www.accuweather.com/en/weather-news/heat-advisory/1797625,100 million to swelter daily in massive US heat dome,,https://www.accuweather.com/en/weather-news/heat-advisory/1797625,AccuWeather,"07/22/2025, 07:00 AM, +0000 UTC",heat,2026-05-12T11:46:56.561080+00:00,,,,False,heat_dome,,,,,,2026-05-12T12:00:15.432102+00:00
https://www.iheart.com/content/2026-03-13-all-50-us-states-could-face-extreme-weather-including-blizzard-heat-dome/,"All 50 US States Could Face Extreme Weather Including Blizzard, Heat Dome",,https://www.iheart.com/content/2026-03-13-all-50-us-states-could-face-extreme-weather-including-blizzard-heat-dome/,iHeart,"03/13/2026, 07:00 AM, +0000 UTC",heat,2026-05-12T11:46:56.561080+00:00,,,,False,heat_dome,,,,,,2026-05-12T12:00:15.432102+00:00
https://globalnews.ca/news/11729307/us-weather-blizzard-polar-vortex-heat-dome-atmospheric-river/,"A blizzard, polar vortex, heat dome and atmospheric river: U.S. faces weather chaos - National",,https://globalnews.ca/news/11729307/us-weather-blizzard-polar-vortex-heat-dome-atmospheric-river/,Global News,"03/13/2026, 07:00 AM, +0000 UTC",heat,2026-05-12T11:46:56.561080+00:00,,,,False,heat_dome,,,,,,2026-05-12T12:00:15.432102+00:00
https://www.pbs.org/newshour/nation/eastern-half-of-u-s-bakes-under-heat-dome-with-more-days-of-dangerous-temperatures-ahead,"Eastern half of U.S. bakes under heat dome, with more days of dangerous temperatures ahead",,https://www.pbs.org/newshour/nation/eastern-half-of-u-s-bakes-under-heat-dome-with-more-days-of-dangerous-temperatures-ahead,PBS,"06/22/2025, 07:00 AM, +0000 UTC",heat,2026-05-12T11:46:56.561080+00:00,,,,False,heat_dome,,,,,,2026-05-12T12:00:15.432102+00:00
https://time.com/7296973/more-heat-domes-climate-change/,Is Climate Change Making Heat Domes More Likely?,,https://time.com/7296973/more-heat-domes-climate-change/,Time Magazine,"06/23/2025, 07:00 AM, +0000 UTC",heat,2026-05-12T11:46:56.561080+00:00,,,,False,heat_dome,,,,,,2026-05-12T12:00:15.432102+00:00
https://www.foxweather.com/weather-news/heat-dome-ring-fire-storms-weather-pattern-us-forecast,Life-threatening heat dome intensifies as ring of fire storms rumble across central US,,https://www.foxweather.com/weather-news/heat-dome-ring-fire-storms-weather-pattern-us-forecast,FOX Weather,"07/21/2025, 07:00 AM, +0000 UTC",heat,2026-05-12T11:46:56.561080+00:00,,,,False,heat_dome,,,,,,2026-05-12T12:00:15.432102+00:00
https://www.france24.com/en/live-news/20260311-north-america-heat-dome-left-winners-and-losers-study,North America 'heat dome' left winners and losers: study,,https://www.france24.com/en/live-news/20260311-north-america-heat-dome-left-winners-and-losers-study,France 24,"03/11/2026, 07:00 AM, +0000 UTC",heat,2026-05-12T11:46:56.561080+00:00,,,,False,heat_dome,,,,,,2026-05-12T12:00:15.432102+00:00
https://www.foxweather.com/weather-news/heat-dome-temperature-records-south-central-east,Severe storms rumble through Northeast heat dome with reports of damaging winds,,https://www.foxweather.com/weather-news/heat-dome-temperature-records-south-central-east,FOX Weather,"07/25/2025, 07:00 AM, +0000 UTC",heat,2026-05-12T11:46:56.561080+00:00,,,,False,heat_dome,,,,,,2026-05-12T12:00:15.432102+00:00
https://watchers.news/2025/06/20/extreme-heat-alerts-central-eastern-usa-heat-dome/,"Extreme heat alerts issued for central, eastern U.S. as heat dome builds June 20 onwards",,https://watchers.news/2025/06/20/extreme-heat-alerts-central-eastern-usa-heat-dome/,The Watchers - Watching the world evolve and transform,"06/20/2025, 07:00 AM, +0000 UTC",heat,2026-05-12T11:46:56.561080+00:00,,,,False,heat_dome,,,,,,2026-05-12T12:00:15.432102+00:00
https://www.deseret.com/environment/2026/03/13/massive-heat-dome-over-the-west/,‘Unprecedented’ heat to reach most of the West starting next week,,https://www.deseret.com/environment/2026/03/13/massive-heat-dome-over-the-west/,Deseret News,"03/13/2026, 07:00 AM, +0000 UTC",heat,2026-05-12T11:46:56.561080+00:00,,,,False,heat_event,,,,,,2026-05-12T12:00:15.432102+00:00
https://www.cjonline.com/story/news/state/2025/12/22/heat-dome-expected-to-obliterate-kansas-christmas-temperature-records-topeka/87873232007/,Topeka expected to see record-breaking temperatures this Christmas,,https://www.cjonline.com/story/news/state/2025/12/22/heat-dome-expected-to-obliterate-kansas-christmas-temperature-records-topeka/87873232007/,The Topeka Capital-Journal,"12/22/2025, 08:00 AM, +0000 UTC",heat,2026-05-12T11:46:56.561080+00:00,,,,False,heat_event,,,,,,2026-05-12T12:00:15.432102+00:00
https://www.nbcnews.com/science/science-news/heat-dome-causes-opressive-temperatures-explainer-rcna214939,Why do heat domes bring oppressive temperatures?,,https://www.nbcnews.com/science/science-news/heat-dome-causes-opressive-temperatures-explainer-rcna214939,NBC News,"06/26/2025, 07:00 AM, +0000 UTC",heat,2026-05-12T11:46:56.561080+00:00,,,,False,heat_dome,,,,,,2026-05-12T12:00:15.432102+00:00
https://www.wbur.org/news/2025/08/11/boston-heat-emergency-air-quality-alert,Boston is under its third heat emergency of the summer,,https://www.wbur.org/news/2025/08/11/boston-heat-emergency-air-quality-alert,WBUR,"08/12/2025, 07:00 AM, +0000 UTC",heat,2026-05-12T11:46:56.561080+00:00,,,,False,heat_emergency,,,,,,2026-05-12T12:00:15.432102+00:00
https://www.greenmatters.com/pn/record-breaking-march-heat-dome-to-hit-west-coast-soon-these-cities-will-face-the-worst-of-it,Record-Breaking March ‘Heat Dome’ To Hit West Coast Soon — These Cities Will Face The Worst of It,,https://www.greenmatters.com/pn/record-breaking-march-heat-dome-to-hit-west-coast-soon-these-cities-will-face-the-worst-of-it,Green Matters,"03/13/2026, 07:00 AM, +0000 UTC",heat,2026-05-12T11:46:56.561080+00:00,,,,False,heat_dome,,,,,,2026-05-12T12:00:15.432102+00:00
https://www.usatoday.com/story/news/nation/2025/07/22/heat-dome-weather-hot-temperatures/85319399007/,"Heat dome is scorching the South, moving toward the East: What you can expect",,https://www.usatoday.com/story/news/nation/2025/07/22/heat-dome-weather-hot-temperatures/85319399007/,USA Today,"07/22/2025, 07:00 AM, +0000 UTC",heat,2026-05-12T11:46:56.561080+00:00,,,,False,heat_dome,,,,,,2026-05-12T12:00:15.432102+00:00
https://www.accuweather.com/en/weather-forecasts/100-degree-heat-dome-to-set-up-shop-over-southern-us/1796367,100-degree heat dome to set up shop over southern US,,https://www.accuweather.com/en/weather-forecasts/100-degree-heat-dome-to-set-up-shop-over-southern-us/1796367,AccuWeather,"07/18/2025, 05:22 PM, +0000 UTC",heat,2026-05-12T11:46:56.561080+00:00,,,,False,heat_dome,,,,,,2026-05-12T12:00:15.432102+00:00
https://www.theguardian.com/us-news/2025/jun/20/heat-dome-warning-central-eastern-us,Millions of people across central and eastern US under ‘heat dome’ warning,,https://www.theguardian.com/us-news/2025/jun/20/heat-dome-warning-central-eastern-us,The Guardian,"06/20/2025, 07:00 AM, +0000 UTC",heat,2026-05-12T11:46:56.561080+00:00,,,,False,heat_dome,,,,,,2026-05-12T12:00:15.432102+00:00
https://www.axios.com/2025/07/22/heat-wave-dome-corn-sweat-forecast,"A heat dome and ""corn sweat"" are driving this week's dangerous heat wave",,https://www.axios.com/2025/07/22/heat-wave-dome-corn-sweat-forecast,Axios,"07/22/2025, 07:00 AM, +0000 UTC",heat,2026-05-12T11:46:56.561080+00:00,,,,False,heat_dome,,,,,,2026-05-12T12:00:15.432102+00:00
https://watchers.news/2025/06/23/record-breaking-heat-grips-central-eastern-usa-heat-dome-intensifies/,Record-breaking heat grips central and eastern U.S. as heat dome intensifies,,https://watchers.news/2025/06/23/record-breaking-heat-grips-central-eastern-usa-heat-dome-intensifies/,The Watchers - Watching the world evolve and transform,"06/23/2025, 07:00 AM, +0000 UTC",heat,2026-05-12T11:46:56.561080+00:00,,,,False,heat_dome,,,,,,2026-05-12T12:00:15.432102+00:00
https://www.accuweather.com/en/weather-forecasts/heat-wave-with-high-humidity-to-have-southeastern-us-sweltering/1798334,Heat wave with high humidity to have southeastern US sweltering,,https://www.accuweather.com/en/weather-forecasts/heat-wave-with-high-humidity-to-have-southeastern-us-sweltering/1798334,AccuWeather,"07/24/2025, 07:06 PM, +0000 UTC",heat,2026-05-12T11:46:56.561080+00:00,,,,False,heat_dome,,,,,,2026-05-12T12:00:15.432102+00:00
https://www.severe-weather.eu/global-weather/heat-dome-intense-heatwave-summer-2025-united-states-mk/,"Heat Dome develops over the U.S. by the weekend, intensifying a heatwave into the next week",,https://www.severe-weather.eu/global-weather/heat-dome-intense-heatwave-summer-2025-united-states-mk/,Severe Weather Europe,"06/19/2025, 07:00 AM, +0000 UTC",heat,2026-05-12T11:46:56.561080+00:00,,,,False,heat_dome,,,,,,2026-05-12T12:00:15.432102+00:00
https://www.foxweather.com/weather-news/heat-wave-dome-northeast-mid-atlantic-new-england-summer-2025,Century-old temperature records tumble as heat dome bakes millions in Northeast,,https://www.foxweather.com/weather-news/heat-wave-dome-northeast-mid-atlantic-new-england-summer-2025,FOX Weather,"06/23/2025, 07:00 AM, +0000 UTC",heat,2026-05-12T11:46:56.561080+00:00,,,,False,heat_dome,,,,,,2026-05-12T12:00:15.432102+00:00
https://www.clickorlando.com/weather/2025/07/29/end-in-sight-as-summer-heat-dome-persists-but-there-is-a-twist/,End in sight as summer heat dome persists. But there is a twist,,https://www.clickorlando.com/weather/2025/07/29/end-in-sight-as-summer-heat-dome-persists-but-there-is-a-twist/,WKMG,"07/29/2025, 07:00 AM, +0000 UTC",heat,2026-05-12T11:46:56.561080+00:00,,,,False,heat_dome,,,,,,2026-05-12T12:00:15.432102+00:00
https://www.nbcnews.com/weather/heat/eastern-half-us-sweltering-dangerous-heat-wave-expected-last-midweek-rcna214385,"Eastern half of U.S. sweltering again, with dangerous heat wave expected to last until midweek",,https://www.nbcnews.com/weather/heat/eastern-half-us-sweltering-dangerous-heat-wave-expected-last-midweek-rcna214385,NBC News,"06/22/2025, 07:00 AM, +0000 UTC",heat,2026-05-12T11:46:56.561080+00:00,,,,False,heat_dome,,,,,,2026-05-12T12:00:15.432102+00:00
https://www.cnet.com/news/a-sweltering-heat-dome-is-pummeling-the-middle-of-the-us-heres-what-that-means/,A Sweltering Heat Dome Is Pummeling the Middle of the US. Here's What That Means,,https://www.cnet.com/news/a-sweltering-heat-dome-is-pummeling-the-middle-of-the-us-heres-what-that-means/,CNET,"07/23/2025, 07:00 AM, +0000 UTC",heat,2026-05-12T11:46:56.561080+00:00,,,,False,heat_dome,,,,,,2026-05-12T12:00:15.432102+00:00
https://www.foxweather.com/weather-news/heat-dome-northeast-records-june-2025,Heat dome baking much of US set to shatter centuries-old heat records across Northeast,,https://www.foxweather.com/weather-news/heat-dome-northeast-records-june-2025,FOX Weather,"06/20/2025, 07:00 AM, +0000 UTC",heat,2026-05-12T11:46:56.561080+00:00,,,,False,heat_dome,,,,,,2026-05-12T12:00:15.432102+00:00
https://apnews.com/article/heat-dome-explained-forecast-nyc-9ad7ac6422e8d105e2bb302180620d9e,Early-season heat dome brings highest temperatures in years to parts of Eastern US,,https://apnews.com/article/heat-dome-explained-forecast-nyc-9ad7ac6422e8d105e2bb302180620d9e,AP News,"06/23/2025, 07:00 AM, +0000 UTC",heat,2026-05-12T11:46:56.561080+00:00,,,,False,heat_dome,,,,,,2026-05-12T12:00:15.432102+00:00
https://www.cnn.com/2025/06/21/weather/heat-dome-climate,"A potent heat dome is building over the US, sending temperatures into the triple digits",,https://www.cnn.com/2025/06/21/weather/heat-dome-climate,CNN,"06/18/2025, 07:00 AM, +0000 UTC",heat,2026-05-12T11:46:56.561080+00:00,,,,False,heat_dome,,,,,,2026-05-12T12:00:15.432102+00:00
https://thehill.com/homenews/state-watch/5360634-heat-dome-to-bring-scorching-temps-to-much-of-us-where-will-it-be-hottest/,‘Heat dome’ to bring scorching temps to much of US: Where will it be hottest?,,https://thehill.com/homenews/state-watch/5360634-heat-dome-to-bring-scorching-temps-to-much-of-us-where-will-it-be-hottest/,The Hill,"06/20/2025, 07:00 AM, +0000 UTC",heat,2026-05-12T11:46:56.561080+00:00,,,,False,heat_dome,,,,,,2026-05-12T12:00:15.432102+00:00
https://www.foxweather.com/weather-news/heat-dome-heat-wave-june-2025-northeast-mid-atlantic,Much-needed relief comes to Northeast after dangerous heat dome sends temperatures soaring,,https://www.foxweather.com/weather-news/heat-dome-heat-wave-june-2025-northeast-mid-atlantic,FOX Weather,"06/25/2025, 07:00 AM, +0000 UTC",heat,2026-05-12T11:46:56.561080+00:00,,,,False,heat_dome,,,,,,2026-05-12T12:00:15.432102+00:00
https://naturalgasintel.com/news/us-natural-gas-markets-power-grid-brace-for-heat-dome-demand-surge/,"U.S. Natural Gas Markets, Power Grid Brace for Heat Dome Demand Surge",,https://naturalgasintel.com/news/us-natural-gas-markets-power-grid-brace-for-heat-dome-demand-surge/,Natural Gas Intelligence,"06/23/2025, 07:00 AM, +0000 UTC",heat,2026-05-12T11:46:56.561080+00:00,,,,False,heat_dome,,,,,,2026-05-12T12:00:15.432102+00:00
https://www.desertsun.com/story/weather/2025/08/06/heat-wave-heat-dome-california-records-palm-springs-victorville-needles-imperial-phoenix-arizona/85542161007/,Heat wave in Southern California to push temps to 117. How hot will it get near you? See map,,https://www.desertsun.com/story/weather/2025/08/06/heat-wave-heat-dome-california-records-palm-springs-victorville-needles-imperial-phoenix-arizona/85542161007/,The Desert Sun,"08/06/2025, 07:00 AM, +0000 UTC",heat,2026-05-12T11:46:56.561080+00:00,Southern California,Southern California,state,True,heat_dome,,,,36.116203,-119.681564,2026-05-12T12:00:15.432102+00:00
https://www.yahoo.com/news/articles/triple-digit-heat-dome-set-034500345.html,Triple-digit heat dome set to break records across 10 states as the West braces for 117 degrees,,https://www.yahoo.com/news/articles/triple-digit-heat-dome-set-034500345.html,Yahoo,"05/13/2026, 03:45 AM, +0000 UTC",heat,2026-05-13T11:54:17.608710+00:00,,,,False,heat_dome,,,,,,2026-05-13T12:07:05.473572+00:00
https://news.cuanschutz.edu/news-stories/heat-dome-grips-the-west-what-is-it-and-how-can-it-affect-health,"Heat Dome Grips the West: What Is It, and How Can It Affect Health?",,https://news.cuanschutz.edu/news-stories/heat-dome-grips-the-west-what-is-it-and-how-can-it-affect-health,University of Colorado Anschutz,"03/18/2026, 07:00 AM, +0000 UTC",heat,2026-05-13T11:54:17.608710+00:00,,,,False,heat_dome,,,,,,2026-05-13T12:07:05.473572+00:00
https://www.aspenpublicradio.org/environment/2026-03-16/heat-dome-to-bring-record-breaking-temperatures-across-the-west,Heat dome to bring record-breaking temperatures across the West,,https://www.aspenpublicradio.org/environment/2026-03-16/heat-dome-to-bring-record-breaking-temperatures-across-the-west,Aspen Public Radio,"03/16/2026, 07:00 AM, +0000 UTC",heat,2026-05-13T11:54:17.608710+00:00,,,,False,heat_dome,,,,,,2026-05-13T12:07:05.473572+00:00
https://www.accuweather.com/en/weather-forecasts/record-shattering-march-scorcher-70-million-to-bake-in-summerlike-heat-dome-into-weekend/1873771,Record-shattering March scorcher: 70 million to bake in summerlike heat dome into weekend,,https://www.accuweather.com/en/weather-forecasts/record-shattering-march-scorcher-70-million-to-bake-in-summerlike-heat-dome-into-weekend/1873771,AccuWeather,"03/16/2026, 06:54 PM, +0000 UTC",heat,2026-05-13T11:54:17.608710+00:00,,,,False,heat_dome,,,,,,2026-05-13T12:07:05.473572+00:00
https://www.climatecentral.org/climate-shift-index-alert/March-record-breaking-western-heatwave,"Record-breaking March heatwave, intensified by climate change, continues to shatter records across the U.S.",,https://www.climatecentral.org/climate-shift-index-alert/March-record-breaking-western-heatwave,Climate Central,"03/24/2026, 06:48 PM, +0000 UTC",heat,2026-05-13T11:54:17.608710+00:00,,,,False,heat_event,,,,,,2026-05-13T12:07:05.473572+00:00
https://www.cbc.ca/news/climate/record-heat-dome-9.7139906,Record-breaking heat dome spreads across U.S.,,https://www.cbc.ca/news/climate/record-heat-dome-9.7139906,CBC,"03/24/2026, 07:00 AM, +0000 UTC",heat,2026-05-13T11:54:17.608710+00:00,,,,False,heat_dome,,,,,,2026-05-13T12:07:05.473572+00:00
https://www.cbsnews.com/news/maps-us-heat-advisory-high-temperature-dome-moves-east/,"Maps show U.S. heat advisories, high temperatures as heat dome moves east",,https://www.cbsnews.com/news/maps-us-heat-advisory-high-temperature-dome-moves-east/,CBS News,"07/25/2025, 07:00 AM, +0000 UTC",heat,2026-05-13T11:54:17.608710+00:00,,,,False,heat_dome,,,,,,2026-05-13T12:07:05.473572+00:00
https://www.pbs.org/newshour/nation/u-s-forecasts-blizzard-polar-vortex-heat-dome-and-atmospheric-river-all-at-once,"U.S. forecasts blizzard, polar vortex, heat dome and atmospheric river all at once",,https://www.pbs.org/newshour/nation/u-s-forecasts-blizzard-polar-vortex-heat-dome-and-atmospheric-river-all-at-once,PBS,"03/13/2026, 07:00 AM, +0000 UTC",heat,2026-05-13T11:54:17.608710+00:00,,,,False,heat_dome,,,,,,2026-05-13T12:07:05.473572+00:00
https://www.sciencealert.com/gigantic-heat-dome-baking-the-whole-us-may-be-historic-scientists-say,"Gigantic 'Heat Dome' Baking The Whole US May Be Historic, Scientists Say",,https://www.sciencealert.com/gigantic-heat-dome-baking-the-whole-us-may-be-historic-scientists-say,ScienceAlert,"03/24/2026, 07:00 AM, +0000 UTC",heat,2026-05-13T11:54:17.608710+00:00,,,,False,heat_dome,,,,,,2026-05-13T12:07:05.473572+00:00
https://www.nbcnews.com/weather/heat/western-heat-wave-ends-records-duration-intensity-rcna265514,"As Western heat wave ends, scientists try to make sense of its length and intensity",,https://www.nbcnews.com/weather/heat/western-heat-wave-ends-records-duration-intensity-rcna265514,NBC News,"03/28/2026, 07:00 AM, +0000 UTC",heat,2026-05-13T11:54:17.608710+00:00,,,,False,heat_dome,,,,,,2026-05-13T12:07:05.473572+00:00
https://www.nytimes.com/article/what-is-heat-dome.html,A Short Guide to Understanding Heat Domes,,https://www.nytimes.com/article/what-is-heat-dome.html,The New York Times,"03/13/2026, 07:00 AM, +0000 UTC",heat,2026-05-13T11:54:17.608710+00:00,,,,False,heat_dome,,,,,,2026-05-13T12:07:05.473572+00:00
https://www.pbs.org/newshour/science/basically-the-entire-u-s-is-going-to-be-hot-as-record-smashing-heat-spreads,'Basically the entire U.S. is going to be hot' as record-smashing heat spreads,,https://www.pbs.org/newshour/science/basically-the-entire-u-s-is-going-to-be-hot-as-record-smashing-heat-spreads,PBS,"03/24/2026, 07:00 AM, +0000 UTC",heat,2026-05-13T11:54:17.608710+00:00,,,,False,heat_event,,,,,,2026-05-13T12:07:05.473572+00:00
https://www.nbcnews.com/weather/heat/blistering-heat-wave-across-western-us-rcna264506,The West's record-shattering heat wave isn't over as heat dome shifts into the Plains,,https://www.nbcnews.com/weather/heat/blistering-heat-wave-across-western-us-rcna264506,NBC News,"03/22/2026, 07:00 AM, +0000 UTC",heat,2026-05-13T11:54:17.608710+00:00,,,,False,heat_dome,,,,,,2026-05-13T12:07:05.473572+00:00
https://www.cnet.com/home/energy-and-utilities/historic-heat-dome-creeping-across-us-how-prepare/,A Historic Heat Dome Is Creeping Across the US. Here's How to Prepare,,https://www.cnet.com/home/energy-and-utilities/historic-heat-dome-creeping-across-us-how-prepare/,CNET,"03/24/2026, 07:00 AM, +0000 UTC",heat,2026-05-13T11:54:17.608710+00:00,,,,False,heat_dome,,,,,,2026-05-13T12:07:05.473572+00:00
https://news.oregonstate.edu/news/study-paints-detailed-picture-forest-canopy-damage-caused-%E2%80%98heat-dome%E2%80%99,Study paints detailed picture of forest canopy damage caused by ‘heat dome’,,https://news.oregonstate.edu/news/study-paints-detailed-picture-forest-canopy-damage-caused-%E2%80%98heat-dome%E2%80%99,Oregon State University,"11/04/2025, 08:00 AM, +0000 UTC",heat,2026-05-13T11:54:17.608710+00:00,,,,False,heat_dome,,,,,,2026-05-13T12:07:05.473572+00:00
https://www.newsweek.com/heat-dome-map-shows-states-set-for-hottest-spring-temperatures-11733473,Heat Dome Map Shows States Set For Hottest Spring Temperatures,,https://www.newsweek.com/heat-dome-map-shows-states-set-for-hottest-spring-temperatures-11733473,Newsweek,"03/25/2026, 07:00 AM, +0000 UTC",heat,2026-05-13T11:54:17.608710+00:00,,,,False,heat_dome,,,,,,2026-05-13T12:07:05.473572+00:00
https://www.theatlantic.com/science/2026/03/west-heat-wave/686457/,There’s No Way the American West Will Have a Normal Summer,,https://www.theatlantic.com/science/2026/03/west-heat-wave/686457/,The Atlantic,"03/19/2026, 07:00 AM, +0000 UTC",heat,2026-05-13T11:54:17.608710+00:00,,,,False,heat_event,,,,,,2026-05-13T12:07:05.473572+00:00
https://www.euronews.com/2026/03/20/pushing-extremes-to-new-levels-record-us-heat-dome-made-possible-by-climate-change,'Climate change in real time': US hit by record-shattering heatwave,,https://www.euronews.com/2026/03/20/pushing-extremes-to-new-levels-record-us-heat-dome-made-possible-by-climate-change,Euronews.com,"03/20/2026, 07:00 AM, +0000 UTC",heat,2026-05-13T11:54:17.608710+00:00,,,,False,heat_event,,,,,,2026-05-13T12:07:05.473572+00:00
https://www.climatecentral.org/climate-shift-index-alert/central-eastern-us-june-2025,Almost half of the U.S. affected by climate change-driven heat wave,,https://www.climatecentral.org/climate-shift-index-alert/central-eastern-us-june-2025,Climate Central,"06/20/2025, 07:00 AM, +0000 UTC",heat,2026-05-13T11:54:17.608710+00:00,,,,False,heat_dome,,,,,,2026-05-13T12:07:05.473572+00:00
https://phys.org/news/2026-03-north-america-dome-left-winners.html,North America 'heat dome' left winners and losers: Study,,https://phys.org/news/2026-03-north-america-dome-left-winners.html,Phys.org,"03/15/2026, 07:00 AM, +0000 UTC",heat,2026-05-13T11:54:17.608710+00:00,,,,False,heat_dome,,,,,,2026-05-13T12:07:05.473572+00:00
https://www.aol.com/spring-2026-forecasts-warn-dreaded-100250712.html,New spring 2026 forecasts warn of the dreaded 'heat dome',,https://www.aol.com/spring-2026-forecasts-warn-dreaded-100250712.html,AOL.com,"03/22/2026, 09:25 PM, +0000 UTC",heat,2026-05-13T11:54:17.608710+00:00,,,,False,heat_dome,,,,,,2026-05-13T12:07:05.473572+00:00
https://www.newsweek.com/us-weather-prediction-spring-2026-heat-dome-11717091,US Weather Prediction for Spring 2026 Warns of ‘Heat Dome’,,https://www.newsweek.com/us-weather-prediction-spring-2026-heat-dome-11717091,Newsweek,"03/22/2026, 07:00 AM, +0000 UTC",heat,2026-05-13T11:54:17.608710+00:00,,,,False,heat_dome,,,,,,2026-05-13T12:07:05.473572+00:00
https://www.usatoday.com/story/news/weather/2026/03/28/april-weather-forecast-heat-dome/89347353007/,April weather forecast predicts 'major change' as heat dome moves,,https://www.usatoday.com/story/news/weather/2026/03/28/april-weather-forecast-heat-dome/89347353007/,USA Today,"03/28/2026, 07:00 AM, +0000 UTC",heat,2026-05-13T11:54:17.608710+00:00,,,,False,heat_dome,,,,,,2026-05-13T12:07:05.473572+00:00
https://www.usatoday.com/story/news/weather/2026/03/21/noaa-forecast-spring-weather-heat-dome/89242999007/,New spring 2026 forecasts warn of the dreaded 'heat dome',,https://www.usatoday.com/story/news/weather/2026/03/21/noaa-forecast-spring-weather-heat-dome/89242999007/,USA Today,"03/22/2026, 07:00 AM, +0000 UTC",heat,2026-05-13T11:54:17.608710+00:00,,,,False,heat_dome,,,,,,2026-05-13T12:07:05.473572+00:00
https://www.kktv.com/2026/03/17/heat-dome-sliding-what-does-that-mean/,Heat Dome sliding in: What does that mean?,,https://www.kktv.com/2026/03/17/heat-dome-sliding-what-does-that-mean/,KKTV,"03/17/2026, 07:00 AM, +0000 UTC",heat,2026-05-13T11:54:17.608710+00:00,,,,False,heat_dome,,,,,,2026-05-13T12:07:05.473572+00:00
https://www.severe-weather.eu/global-weather/christmas-2025-forecast-warmest-on-record-holidays-historic-heat-dome-united-states-mk/,Christmas 2025 Forecast: Warmest Holidays since the 1950s under a Historic Heat Dome,,https://www.severe-weather.eu/global-weather/christmas-2025-forecast-warmest-on-record-holidays-historic-heat-dome-united-states-mk/,Severe Weather Europe,"12/21/2025, 08:00 AM, +0000 UTC",heat,2026-05-13T11:54:17.608710+00:00,,,,False,heat_dome,,,,,,2026-05-13T12:07:05.473572+00:00
https://www.scientificamerican.com/article/heat-domes-extreme-heat-and-humidity-triggers-alerts-across-eastern-u-s/,A Massive Heat Dome Is Cooking the Eastern U.S.,,https://www.scientificamerican.com/article/heat-domes-extreme-heat-and-humidity-triggers-alerts-across-eastern-u-s/,Scientific American,"07/23/2025, 07:00 AM, +0000 UTC",heat,2026-05-13T11:54:17.608710+00:00,,,,False,heat_dome,,,,,,2026-05-13T12:07:05.473572+00:00
https://www.yahoo.com/news/articles/meteorologist-issues-warning-heat-dome-040000429.html,Meteorologist issues warning as heat dome creeps across country: 'The entire US is going to be hot',,https://www.yahoo.com/news/articles/meteorologist-issues-warning-heat-dome-040000429.html,Yahoo,"03/25/2026, 07:00 AM, +0000 UTC",heat,2026-05-13T11:54:17.608710+00:00,,,,False,heat_dome,,,,,,2026-05-13T12:07:05.473572+00:00
https://www.scientificamerican.com/article/heat-dome-temperatures-may-break-records-in-eastern-u-s/,This Heat Dome Isn’t Letting Up—It’s Just Getting Hotter,,https://www.scientificamerican.com/article/heat-dome-temperatures-may-break-records-in-eastern-u-s/,Scientific American,"07/25/2025, 07:00 AM, +0000 UTC",heat,2026-05-13T11:54:17.608710+00:00,,,,False,heat_dome,,,,,,2026-05-13T12:07:05.473572+00:00
https://www.theguardian.com/us-news/2025/jul/25/heat-dome-dangerous-conditions-100-million-people,US heat dome causes dangerous conditions for more than 100 million people,,https://www.theguardian.com/us-news/2025/jul/25/heat-dome-dangerous-conditions-100-million-people,The Guardian,"07/25/2025, 07:00 AM, +0000 UTC",heat,2026-05-13T11:54:17.608710+00:00,,,,False,heat_dome,,,,,,2026-05-13T12:07:05.473572+00:00
https://www.foxweather.com/weather-news/heat-dome-southeast,Life-threatening heat dome broils millions across eastern US as records tumble,,https://www.foxweather.com/weather-news/heat-dome-southeast,FOX Weather,"07/29/2025, 07:00 AM, +0000 UTC",heat,2026-05-13T11:54:17.608710+00:00,,,,False,heat_dome,,,,,,2026-05-13T12:07:05.473572+00:00
https://grist.org/extreme-heat/the-science-behind-the-heat-dome-a-mosh-pit-of-molecules/,The science behind the heat dome — ‘a mosh pit’ of molecules,,https://grist.org/extreme-heat/the-science-behind-the-heat-dome-a-mosh-pit-of-molecules/,grist.org,"07/22/2025, 07:00 AM, +0000 UTC",heat,2026-05-13T11:54:17.608710+00:00,,,,False,heat_dome,,,,,,2026-05-13T12:07:05.473572+00:00
https://www.aol.com/wests-record-shattering-heat-wave-160746066.html,The West's record-shattering heat wave isn't over as heat dome shifts into the Plains,,https://www.aol.com/wests-record-shattering-heat-wave-160746066.html,AOL.com,"03/22/2026, 07:00 AM, +0000 UTC",heat,2026-05-13T11:54:17.608710+00:00,,,,False,heat_dome,,,,,,2026-05-13T12:07:05.473572+00:00
https://news.sky.com/story/us-suffers-hottest-march-day-ever-recorded-as-heat-dome-drives-up-temperatures-13522180,US suffers hottest March day ever recorded as heat dome drives up temperatures,,https://news.sky.com/story/us-suffers-hottest-march-day-ever-recorded-as-heat-dome-drives-up-temperatures-13522180,Sky News,"03/20/2026, 07:00 AM, +0000 UTC",heat,2026-05-13T11:54:17.608710+00:00,,,,False,heat_dome,,,,,,2026-05-13T12:07:05.473572+00:00
https://www.stl.news/historic-heat-dome-expanding-to-envelop-almost-the-entire-united-states/,Historic heat dome expanding to envelop almost the entire United States.,,https://www.stl.news/historic-heat-dome-expanding-to-envelop-almost-the-entire-united-states/,stl.news,"03/24/2026, 07:00 AM, +0000 UTC",heat,2026-05-13T11:54:17.608710+00:00,,,,False,heat_dome,,,,,,2026-05-13T12:07:05.473572+00:00
https://www.nationalgeographic.com/environment/article/what-is-heat-dome,What is a heat dome? The climate phenomenon behind record heat,,https://www.nationalgeographic.com/environment/article/what-is-heat-dome,National Geographic,"06/23/2025, 07:00 AM, +0000 UTC",heat,2026-05-13T11:54:17.608710+00:00,,,,False,heat_dome,,,,,,2026-05-13T12:07:05.473572+00:00
https://www.mensjournal.com/news/excessive-heat-warning-issued-as-100-degree-temperatures-record-march-highs-forecast-this-week,"Excessive Heat Warning Issued as 100-Degree Temperatures, Record March Highs Forecast This Week",,https://www.mensjournal.com/news/excessive-heat-warning-issued-as-100-degree-temperatures-record-march-highs-forecast-this-week,Men's Journal,"03/11/2026, 07:00 AM, +0000 UTC",heat,2026-05-13T11:54:17.608710+00:00,,,,False,heat_warning,,,,,,2026-05-13T12:07:05.473572+00:00
https://www.scientificamerican.com/article/tampa-breaks-heat-record-as-heat-dome-bakes-eastern-u-s/,Scorching Heat Dome Sends Tampa to 100 Degrees F for the First Time,,https://www.scientificamerican.com/article/tampa-breaks-heat-record-as-heat-dome-bakes-eastern-u-s/,Scientific American,"07/28/2025, 07:00 AM, +0000 UTC",heat,2026-05-13T11:54:17.608710+00:00,,,,False,heat_dome,,,,,,2026-05-13T12:07:05.473572+00:00
https://country.iheart.com/content/2026-03-13-all-50-us-states-could-face-extreme-weather-including-blizzard-heat-dome/,"All 50 US States Could Face Extreme Weather Including Blizzard, Heat Dome",,https://country.iheart.com/content/2026-03-13-all-50-us-states-could-face-extreme-weather-including-blizzard-heat-dome/,iHeart,"03/13/2026, 07:00 AM, +0000 UTC",heat,2026-05-13T11:54:17.608710+00:00,,,,False,heat_dome,,,,,,2026-05-13T12:07:05.473572+00:00
https://www.severe-weather.eu/global-weather/heat-dome-heatwave-united-states-canada-sweltering-hot-weather-july-2025-mk/,"Heat Dome returns over east central U.S. next week, expands west and north into Canada through the end of July",,https://www.severe-weather.eu/global-weather/heat-dome-heatwave-united-states-canada-sweltering-hot-weather-july-2025-mk/,Severe Weather Europe,"07/19/2025, 07:00 AM, +0000 UTC",heat,2026-05-13T11:54:17.608710+00:00,,,,False,heat_dome,,,,,,2026-05-13T12:07:05.473572+00:00
https://www.accuweather.com/en/weather-forecasts/building-western-us-heat-dome-may-set-records-cause-wildfires-to-surge/1801605,"Building western US heat dome may set records, cause wildfires to surge",,https://www.accuweather.com/en/weather-forecasts/building-western-us-heat-dome-may-set-records-cause-wildfires-to-surge/1801605,AccuWeather,"08/02/2025, 06:16 PM, +0000 UTC",heat,2026-05-13T11:54:17.608710+00:00,,,,False,heat_dome,,,,,,2026-05-13T12:07:05.473572+00:00
https://www.foxweather.com/weather-news/noaa-warmest-march-ever-recorded-across-lower-48-historic-western-heat-dome,NOAA: Warmest March ever recorded across Lower 48 driven by historic Western heat dome,,https://www.foxweather.com/weather-news/noaa-warmest-march-ever-recorded-across-lower-48-historic-western-heat-dome,FOX Weather,"04/10/2026, 07:00 AM, +0000 UTC",heat,2026-05-13T11:54:17.608710+00:00,,,,False,heat_dome,,,,,,2026-05-13T12:07:05.473572+00:00
https://www.usatoday.com/story/news/nation/2025/07/21/heat-dome-extreme-temperatures/85304631007/,Heat dome to push extreme temperatures across much of US this week,,https://www.usatoday.com/story/news/nation/2025/07/21/heat-dome-extreme-temperatures/85304631007/,USA Today,"07/21/2025, 07:00 AM, +0000 UTC",heat,2026-05-13T11:54:17.608710+00:00,,,,False,heat_dome,,,,,,2026-05-13T12:07:05.473572+00:00
https://globalnews.ca/news/11729307/us-weather-blizzard-polar-vortex-heat-dome-atmospheric-river/,"A blizzard, polar vortex, heat dome and atmospheric river: U.S. faces weather chaos - National",,https://globalnews.ca/news/11729307/us-weather-blizzard-polar-vortex-heat-dome-atmospheric-river/,Global News,"03/13/2026, 07:00 AM, +0000 UTC",heat,2026-05-13T11:54:17.608710+00:00,,,,False,heat_dome,,,,,,2026-05-13T12:07:05.473572+00:00
https://www.accuweather.com/en/weather-news/heat-advisory/1797625,100 million to swelter daily in massive US heat dome,,https://www.accuweather.com/en/weather-news/heat-advisory/1797625,AccuWeather,"07/22/2025, 07:00 AM, +0000 UTC",heat,2026-05-13T11:54:17.608710+00:00,,,,False,heat_dome,,,,,,2026-05-13T12:07:05.473572+00:00
https://www.cbsnews.com/news/heat-wave-forecast-us-maps-this-week/,When will the heat wave end? Maps show forecast across the U.S.,,https://www.cbsnews.com/news/heat-wave-forecast-us-maps-this-week/,CBS News,"06/26/2025, 07:00 AM, +0000 UTC",heat,2026-05-13T11:54:17.608710+00:00,,,,False,heat_dome,,,,,,2026-05-13T12:07:05.473572+00:00
https://www.pbs.org/newshour/nation/eastern-half-of-u-s-bakes-under-heat-dome-with-more-days-of-dangerous-temperatures-ahead,"Eastern half of U.S. bakes under heat dome, with more days of dangerous temperatures ahead",,https://www.pbs.org/newshour/nation/eastern-half-of-u-s-bakes-under-heat-dome-with-more-days-of-dangerous-temperatures-ahead,PBS,"06/22/2025, 07:00 AM, +0000 UTC",heat,2026-05-13T11:54:17.608710+00:00,,,,False,heat_dome,,,,,,2026-05-13T12:07:05.473572+00:00
https://www.wbur.org/news/2025/08/11/boston-heat-emergency-air-quality-alert,Boston is under its third heat emergency of the summer,,https://www.wbur.org/news/2025/08/11/boston-heat-emergency-air-quality-alert,WBUR,"08/12/2025, 07:00 AM, +0000 UTC",heat,2026-05-13T11:54:17.608710+00:00,,,,False,heat_emergency,,,,,,2026-05-13T12:07:05.473572+00:00
https://time.com/7296973/more-heat-domes-climate-change/,Is Climate Change Making Heat Domes More Likely?,,https://time.com/7296973/more-heat-domes-climate-change/,Time Magazine,"06/23/2025, 07:00 AM, +0000 UTC",heat,2026-05-13T11:54:17.608710+00:00,,,,False,heat_dome,,,,,,2026-05-13T12:07:05.473572+00:00
https://www.foxweather.com/weather-news/heat-dome-temperature-records-south-central-east,Severe storms rumble through Northeast heat dome with reports of damaging winds,,https://www.foxweather.com/weather-news/heat-dome-temperature-records-south-central-east,FOX Weather,"07/25/2025, 07:00 AM, +0000 UTC",heat,2026-05-13T11:54:17.608710+00:00,,,,False,heat_dome,,,,,,2026-05-13T12:07:05.473572+00:00
https://www.foxweather.com/weather-news/heat-dome-ring-fire-storms-weather-pattern-us-forecast,Life-threatening heat dome intensifies as ring of fire storms rumble across central US,,https://www.foxweather.com/weather-news/heat-dome-ring-fire-storms-weather-pattern-us-forecast,FOX Weather,"07/21/2025, 07:00 AM, +0000 UTC",heat,2026-05-13T11:54:17.608710+00:00,,,,False,heat_dome,,,,,,2026-05-13T12:07:05.473572+00:00
https://www.france24.com/en/live-news/20260311-north-america-heat-dome-left-winners-and-losers-study,North America 'heat dome' left winners and losers: study,,https://www.france24.com/en/live-news/20260311-north-america-heat-dome-left-winners-and-losers-study,France 24,"03/11/2026, 07:00 AM, +0000 UTC",heat,2026-05-13T11:54:17.608710+00:00,,,,False,heat_dome,,,,,,2026-05-13T12:07:05.473572+00:00
https://watchers.news/2025/06/20/extreme-heat-alerts-central-eastern-usa-heat-dome/,"Extreme heat alerts issued for central, eastern U.S. as heat dome builds June 20 onwards",,https://watchers.news/2025/06/20/extreme-heat-alerts-central-eastern-usa-heat-dome/,The Watchers - Watching the world evolve and transform,"06/20/2025, 07:00 AM, +0000 UTC",heat,2026-05-13T11:54:17.608710+00:00,,,,False,heat_dome,,,,,,2026-05-13T12:07:05.473572+00:00
https://www.washingtonpost.com/weather/2025/06/19/maps-extreme-heat-humidity-forecast/,A heat dome is about to bring extreme heat and humidity to more than 200 million,,https://www.washingtonpost.com/weather/2025/06/19/maps-extreme-heat-humidity-forecast/,The Washington Post,"06/20/2025, 07:00 AM, +0000 UTC",heat,2026-05-13T11:54:17.608710+00:00,,,,False,heat_dome,,,,,,2026-05-13T12:07:05.473572+00:00
https://www.deseret.com/environment/2026/03/13/massive-heat-dome-over-the-west/,‘Unprecedented’ heat to reach most of the West starting next week,,https://www.deseret.com/environment/2026/03/13/massive-heat-dome-over-the-west/,Deseret News,"03/13/2026, 07:00 AM, +0000 UTC",heat,2026-05-13T11:54:17.608710+00:00,,,,False,heat_event,,,,,,2026-05-13T12:07:05.473572+00:00
https://www.cjonline.com/story/news/state/2025/12/22/heat-dome-expected-to-obliterate-kansas-christmas-temperature-records-topeka/87873232007/,Topeka expected to see record-breaking temperatures this Christmas,,https://www.cjonline.com/story/news/state/2025/12/22/heat-dome-expected-to-obliterate-kansas-christmas-temperature-records-topeka/87873232007/,The Topeka Capital-Journal,"12/22/2025, 08:00 AM, +0000 UTC",heat,2026-05-13T11:54:17.608710+00:00,,,,False,heat_event,,,,,,2026-05-13T12:07:05.473572+00:00
https://www.greenmatters.com/pn/record-breaking-march-heat-dome-to-hit-west-coast-soon-these-cities-will-face-the-worst-of-it,Record-Breaking March ‘Heat Dome’ To Hit West Coast Soon — These Cities Will Face The Worst of It,,https://www.greenmatters.com/pn/record-breaking-march-heat-dome-to-hit-west-coast-soon-these-cities-will-face-the-worst-of-it,Green Matters,"03/13/2026, 07:00 AM, +0000 UTC",heat,2026-05-13T11:54:17.608710+00:00,,,,False,heat_dome,,,,,,2026-05-13T12:07:05.473572+00:00
https://www.nbcnews.com/science/science-news/heat-dome-causes-opressive-temperatures-explainer-rcna214939,Why do heat domes bring oppressive temperatures?,,https://www.nbcnews.com/science/science-news/heat-dome-causes-opressive-temperatures-explainer-rcna214939,NBC News,"06/26/2025, 07:00 AM, +0000 UTC",heat,2026-05-13T11:54:17.608710+00:00,,,,False,heat_dome,,,,,,2026-05-13T12:07:05.473572+00:00
https://www.usatoday.com/story/news/nation/2025/07/22/heat-dome-weather-hot-temperatures/85319399007/,"Heat dome is scorching the South, moving toward the East: What you can expect",,https://www.usatoday.com/story/news/nation/2025/07/22/heat-dome-weather-hot-temperatures/85319399007/,USA Today,"07/22/2025, 07:00 AM, +0000 UTC",heat,2026-05-13T11:54:17.608710+00:00,,,,False,heat_dome,,,,,,2026-05-13T12:07:05.473572+00:00
https://www.accuweather.com/en/weather-forecasts/100-degree-heat-dome-to-set-up-shop-over-southern-us/1796367,100-degree heat dome to set up shop over southern US,,https://www.accuweather.com/en/weather-forecasts/100-degree-heat-dome-to-set-up-shop-over-southern-us/1796367,AccuWeather,"07/18/2025, 05:22 PM, +0000 UTC",heat,2026-05-13T11:54:17.608710+00:00,,,,False,heat_dome,,,,,,2026-05-13T12:07:05.473572+00:00
https://www.theguardian.com/us-news/2025/jun/20/heat-dome-warning-central-eastern-us,Millions of people across central and eastern US under ‘heat dome’ warning,,https://www.theguardian.com/us-news/2025/jun/20/heat-dome-warning-central-eastern-us,The Guardian,"06/20/2025, 07:00 AM, +0000 UTC",heat,2026-05-13T11:54:17.608710+00:00,,,,False,heat_dome,,,,,,2026-05-13T12:07:05.473572+00:00
https://www.axios.com/2025/07/22/heat-wave-dome-corn-sweat-forecast,"A heat dome and ""corn sweat"" are driving this week's dangerous heat wave",,https://www.axios.com/2025/07/22/heat-wave-dome-corn-sweat-forecast,Axios,"07/22/2025, 07:00 AM, +0000 UTC",heat,2026-05-13T11:54:17.608710+00:00,,,,False,heat_dome,,,,,,2026-05-13T12:07:05.473572+00:00
https://www.accuweather.com/en/weather-forecasts/heat-wave-with-high-humidity-to-have-southeastern-us-sweltering/1798334,Heat wave with high humidity to have southeastern US sweltering,,https://www.accuweather.com/en/weather-forecasts/heat-wave-with-high-humidity-to-have-southeastern-us-sweltering/1798334,AccuWeather,"07/24/2025, 07:06 PM, +0000 UTC",heat,2026-05-13T11:54:17.608710+00:00,,,,False,heat_dome,,,,,,2026-05-13T12:07:05.473572+00:00
https://www.severe-weather.eu/global-weather/heat-dome-intense-heatwave-summer-2025-united-states-mk/,"Heat Dome develops over the U.S. by the weekend, intensifying a heatwave into the next week",,https://www.severe-weather.eu/global-weather/heat-dome-intense-heatwave-summer-2025-united-states-mk/,Severe Weather Europe,"06/19/2025, 07:00 AM, +0000 UTC",heat,2026-05-13T11:54:17.608710+00:00,,,,False,heat_dome,,,,,,2026-05-13T12:07:05.473572+00:00
https://watchers.news/2025/06/23/record-breaking-heat-grips-central-eastern-usa-heat-dome-intensifies/,Record-breaking heat grips central and eastern U.S. as heat dome intensifies,,https://watchers.news/2025/06/23/record-breaking-heat-grips-central-eastern-usa-heat-dome-intensifies/,The Watchers - Watching the world evolve and transform,"06/23/2025, 07:00 AM, +0000 UTC",heat,2026-05-13T11:54:17.608710+00:00,,,,False,heat_dome,,,,,,2026-05-13T12:07:05.473572+00:00
https://www.foxweather.com/weather-news/heat-wave-dome-northeast-mid-atlantic-new-england-summer-2025,Century-old temperature records tumble as heat dome bakes millions in Northeast,,https://www.foxweather.com/weather-news/heat-wave-dome-northeast-mid-atlantic-new-england-summer-2025,FOX Weather,"06/23/2025, 07:00 AM, +0000 UTC",heat,2026-05-13T11:54:17.608710+00:00,,,,False,heat_dome,,,,,,2026-05-13T12:07:05.473572+00:00
https://www.yahoo.com/news/articles/triple-digit-heat-dome-set-034500345.html,Triple-digit heat dome set to break records across 10 states as the West braces for 117 degrees,,https://www.yahoo.com/news/articles/triple-digit-heat-dome-set-034500345.html,Yahoo,"05/13/2026, 03:45 AM, +0000 UTC",heat,2026-05-14T11:43:14.907183+00:00,,,,False,heat_dome,,,,,,2026-05-14T11:56:07.652013+00:00
https://news.cuanschutz.edu/news-stories/heat-dome-grips-the-west-what-is-it-and-how-can-it-affect-health,"Heat Dome Grips the West: What Is It, and How Can It Affect Health?",,https://news.cuanschutz.edu/news-stories/heat-dome-grips-the-west-what-is-it-and-how-can-it-affect-health,University of Colorado Anschutz,"03/18/2026, 07:00 AM, +0000 UTC",heat,2026-05-14T11:43:14.907183+00:00,,,,False,heat_dome,,,,,,2026-05-14T11:56:07.652013+00:00
https://www.aspenpublicradio.org/environment/2026-03-16/heat-dome-to-bring-record-breaking-temperatures-across-the-west,Heat dome to bring record-breaking temperatures across the West,,https://www.aspenpublicradio.org/environment/2026-03-16/heat-dome-to-bring-record-breaking-temperatures-across-the-west,Aspen Public Radio,"03/16/2026, 07:00 AM, +0000 UTC",heat,2026-05-14T11:43:14.907183+00:00,,,,False,heat_dome,,,,,,2026-05-14T11:56:07.652013+00:00
https://www.nytimes.com/article/what-is-heat-dome.html,A Short Guide to Understanding Heat Domes,,https://www.nytimes.com/article/what-is-heat-dome.html,The New York Times,"03/13/2026, 07:00 AM, +0000 UTC",heat,2026-05-14T11:43:14.907183+00:00,,,,False,heat_dome,,,,,,2026-05-14T11:56:07.652013+00:00
https://www.climatecentral.org/climate-shift-index-alert/March-record-breaking-western-heatwave,"Record-breaking March heatwave, intensified by climate change, continues to shatter records across the U.S.",,https://www.climatecentral.org/climate-shift-index-alert/March-record-breaking-western-heatwave,Climate Central,"03/24/2026, 06:48 PM, +0000 UTC",heat,2026-05-14T11:43:14.907183+00:00,,,,False,heat_event,,,,,,2026-05-14T11:56:07.652013+00:00
https://www.cbc.ca/news/climate/record-heat-dome-9.7139906,Record-breaking heat dome spreads across U.S.,,https://www.cbc.ca/news/climate/record-heat-dome-9.7139906,CBC,"03/24/2026, 07:00 AM, +0000 UTC",heat,2026-05-14T11:43:14.907183+00:00,,,,False,heat_dome,,,,,,2026-05-14T11:56:07.652013+00:00
https://www.cbsnews.com/news/maps-us-heat-advisory-high-temperature-dome-moves-east/,"Maps show U.S. heat advisories, high temperatures as heat dome moves east",,https://www.cbsnews.com/news/maps-us-heat-advisory-high-temperature-dome-moves-east/,CBS News,"07/25/2025, 07:00 AM, +0000 UTC",heat,2026-05-14T11:43:14.907183+00:00,,,,False,heat_dome,,,,,,2026-05-14T11:56:07.652013+00:00
https://www.pbs.org/newshour/science/basically-the-entire-u-s-is-going-to-be-hot-as-record-smashing-heat-spreads,'Basically the entire U.S. is going to be hot' as record-smashing heat spreads,,https://www.pbs.org/newshour/science/basically-the-entire-u-s-is-going-to-be-hot-as-record-smashing-heat-spreads,PBS,"03/24/2026, 07:00 AM, +0000 UTC",heat,2026-05-14T11:43:14.907183+00:00,,,,False,heat_event,,,,,,2026-05-14T11:56:07.652013+00:00
https://www.smdp.com/us-forecasts-blizzard-polar-vortex-heat-dome-and-atmospheric-river-all-at-once/,"US forecasts blizzard, polar vortex, heat dome and atmospheric river all at once",,https://www.smdp.com/us-forecasts-blizzard-polar-vortex-heat-dome-and-atmospheric-river-all-at-once/,Santa Monica Daily Press,"03/13/2026, 07:00 AM, +0000 UTC",heat,2026-05-14T11:43:14.907183+00:00,,,,False,heat_dome,,,,,,2026-05-14T11:56:07.652013+00:00
https://www.nbcnews.com/weather/heat/western-heat-wave-ends-records-duration-intensity-rcna265514,"As Western heat wave ends, scientists try to make sense of its length and intensity",,https://www.nbcnews.com/weather/heat/western-heat-wave-ends-records-duration-intensity-rcna265514,NBC News,"03/28/2026, 07:00 AM, +0000 UTC",heat,2026-05-14T11:43:14.907183+00:00,,,,False,heat_dome,,,,,,2026-05-14T11:56:07.652013+00:00
https://www.cnet.com/home/energy-and-utilities/historic-heat-dome-creeping-across-us-how-prepare/,A Historic Heat Dome Is Creeping Across the US. Here's How to Prepare,,https://www.cnet.com/home/energy-and-utilities/historic-heat-dome-creeping-across-us-how-prepare/,CNET,"03/24/2026, 07:00 AM, +0000 UTC",heat,2026-05-14T11:43:14.907183+00:00,,,,False,heat_dome,,,,,,2026-05-14T11:56:07.652013+00:00
https://www.nytimes.com/2026/03/14/weather/west-coast-heat-wave-la-phoenix.html,5 Things to Know About the Unusual March Heat Wave in the West,,https://www.nytimes.com/2026/03/14/weather/west-coast-heat-wave-la-phoenix.html,The New York Times,"03/14/2026, 07:00 AM, +0000 UTC",heat,2026-05-14T11:43:14.907183+00:00,,,,False,heat_dome,,,,,,2026-05-14T11:56:07.652013+00:00
https://www.newsweek.com/heat-dome-map-shows-states-set-for-hottest-spring-temperatures-11733473,Heat Dome Map Shows States Set For Hottest Spring Temperatures,,https://www.newsweek.com/heat-dome-map-shows-states-set-for-hottest-spring-temperatures-11733473,Newsweek,"03/25/2026, 07:00 AM, +0000 UTC",heat,2026-05-14T11:43:14.907183+00:00,,,,False,heat_dome,,,,,,2026-05-14T11:56:07.652013+00:00
https://news.oregonstate.edu/news/study-paints-detailed-picture-forest-canopy-damage-caused-%E2%80%98heat-dome%E2%80%99,Study paints detailed picture of forest canopy damage caused by ‘heat dome’,,https://news.oregonstate.edu/news/study-paints-detailed-picture-forest-canopy-damage-caused-%E2%80%98heat-dome%E2%80%99,Oregon State University,"11/04/2025, 08:00 AM, +0000 UTC",heat,2026-05-14T11:43:14.907183+00:00,,,,False,heat_dome,,,,,,2026-05-14T11:56:07.652013+00:00
https://wpde.com/weather/abc-15-weather-authority-blog/hail-ice-stones-from-the-sky,The heat dome in the west,,https://wpde.com/weather/abc-15-weather-authority-blog/hail-ice-stones-from-the-sky,WPDE,"03/23/2026, 07:00 AM, +0000 UTC",heat,2026-05-14T11:43:14.907183+00:00,,,,False,heat_dome,,,,,,2026-05-14T11:56:07.652013+00:00
https://www.theatlantic.com/science/2026/03/west-heat-wave/686457/,There’s No Way the American West Will Have a Normal Summer,,https://www.theatlantic.com/science/2026/03/west-heat-wave/686457/,The Atlantic,"03/19/2026, 07:00 AM, +0000 UTC",heat,2026-05-14T11:43:14.907183+00:00,,,,False,heat_event,,,,,,2026-05-14T11:56:07.652013+00:00
https://www.thecooldown.com/outdoors/record-heat-wave-us-19-states/,Meteorologist issues warning as heat dome creeps across country: 'The entire US is going to be hot',,https://www.thecooldown.com/outdoors/record-heat-wave-us-19-states/,The Cool Down,"03/26/2026, 07:00 AM, +0000 UTC",heat,2026-05-14T11:43:14.907183+00:00,,,,False,heat_dome,,,,,,2026-05-14T11:56:07.652013+00:00
https://www.euronews.com/2026/03/20/pushing-extremes-to-new-levels-record-us-heat-dome-made-possible-by-climate-change,'Climate change in real time': US hit by record-shattering heatwave,,https://www.euronews.com/2026/03/20/pushing-extremes-to-new-levels-record-us-heat-dome-made-possible-by-climate-change,Euronews.com,"03/20/2026, 07:00 AM, +0000 UTC",heat,2026-05-14T11:43:14.907183+00:00,,,,False,heat_event,,,,,,2026-05-14T11:56:07.652013+00:00
https://www.aol.com/spring-2026-forecasts-warn-dreaded-100250712.html,New spring 2026 forecasts warn of the dreaded 'heat dome',,https://www.aol.com/spring-2026-forecasts-warn-dreaded-100250712.html,AOL.com,"03/22/2026, 09:25 PM, +0000 UTC",heat,2026-05-14T11:43:14.907183+00:00,,,,False,heat_dome,,,,,,2026-05-14T11:56:07.652013+00:00
https://phys.org/news/2026-03-north-america-dome-left-winners.html,North America 'heat dome' left winners and losers: Study,,https://phys.org/news/2026-03-north-america-dome-left-winners.html,Phys.org,"03/15/2026, 07:00 AM, +0000 UTC",heat,2026-05-14T11:43:14.907183+00:00,,,,False,heat_dome,,,,,,2026-05-14T11:56:07.652013+00:00
https://www.cnn.com/2026/03/17/weather/heat-wave-west-records-climate-change,"Extraordinary, climate change-fueled heat wave envelops the West with mounting consequences",,https://www.cnn.com/2026/03/17/weather/heat-wave-west-records-climate-change,CNN,"03/17/2026, 07:00 AM, +0000 UTC",heat,2026-05-14T11:43:14.907183+00:00,,,,False,heat_dome,,,,,,2026-05-14T11:56:07.652013+00:00
https://www.usatoday.com/story/news/weather/2026/03/28/april-weather-forecast-heat-dome/89347353007/,April weather forecast predicts 'major change' as heat dome moves,,https://www.usatoday.com/story/news/weather/2026/03/28/april-weather-forecast-heat-dome/89347353007/,USA Today,"03/28/2026, 07:00 AM, +0000 UTC",heat,2026-05-14T11:43:14.907183+00:00,,,,False,heat_dome,,,,,,2026-05-14T11:56:07.652013+00:00
https://www.kktv.com/2026/03/17/heat-dome-sliding-what-does-that-mean/,Heat Dome sliding in: What does that mean?,,https://www.kktv.com/2026/03/17/heat-dome-sliding-what-does-that-mean/,KKTV,"03/17/2026, 07:00 AM, +0000 UTC",heat,2026-05-14T11:43:14.907183+00:00,,,,False,heat_dome,,,,,,2026-05-14T11:56:07.652013+00:00
https://kube933.iheart.com/content/2026-03-13-all-50-us-states-could-face-extreme-weather-including-blizzard-heat-dome/,"All 50 US States Could Face Extreme Weather Including Blizzard, Heat Dome",,https://kube933.iheart.com/content/2026-03-13-all-50-us-states-could-face-extreme-weather-including-blizzard-heat-dome/,KUBE 93.3,"03/13/2026, 07:00 AM, +0000 UTC",heat,2026-05-14T11:43:14.907183+00:00,,,,False,heat_dome,,,,,,2026-05-14T11:56:07.652013+00:00
https://yaleclimateconnections.org/2025/08/is-heat-dome-overhyped-why-some-meteorologists-dislike-this-term/,Is ‘heat dome’ overhyped? Why some meteorologists dislike this term,,https://yaleclimateconnections.org/2025/08/is-heat-dome-overhyped-why-some-meteorologists-dislike-this-term/,Yale Climate Connections,"08/01/2025, 07:00 AM, +0000 UTC",heat,2026-05-14T11:43:14.907183+00:00,,,,False,heat_dome,,,,,,2026-05-14T11:56:07.652013+00:00
https://pv-magazine-usa.com/2026/04/03/heat-dome-and-high-pressure-boost-southern-u-s-solar-as-polar-vortex-clouds-the-north/,Heat dome and high pressure boost southern U.S. solar as polar vortex clouds the north,,https://pv-magazine-usa.com/2026/04/03/heat-dome-and-high-pressure-boost-southern-u-s-solar-as-polar-vortex-clouds-the-north/,pv magazine USA,"04/03/2026, 07:00 AM, +0000 UTC",heat,2026-05-14T11:43:14.907183+00:00,,,,False,heat_dome,,,,,,2026-05-14T11:56:07.652013+00:00
https://www.severe-weather.eu/global-weather/christmas-2025-forecast-warmest-on-record-holidays-historic-heat-dome-united-states-mk/,Christmas 2025 Forecast: Warmest Holidays since the 1950s under a Historic Heat Dome,,https://www.severe-weather.eu/global-weather/christmas-2025-forecast-warmest-on-record-holidays-historic-heat-dome-united-states-mk/,Severe Weather Europe,"12/21/2025, 08:00 AM, +0000 UTC",heat,2026-05-14T11:43:14.907183+00:00,,,,False,heat_dome,,,,,,2026-05-14T11:56:07.652013+00:00
https://www.yahoo.com/news/articles/wests-record-shattering-heat-wave-160746356.html,The West's record-shattering heat wave isn't over as heat dome shifts into the Plains,,https://www.yahoo.com/news/articles/wests-record-shattering-heat-wave-160746356.html,Yahoo,"03/22/2026, 07:00 AM, +0000 UTC",heat,2026-05-14T11:43:14.907183+00:00,,,,False,heat_dome,,,,,,2026-05-14T11:56:07.652013+00:00
https://www.scientificamerican.com/article/heat-domes-extreme-heat-and-humidity-triggers-alerts-across-eastern-u-s/,A Massive Heat Dome Is Cooking the Eastern U.S.,,https://www.scientificamerican.com/article/heat-domes-extreme-heat-and-humidity-triggers-alerts-across-eastern-u-s/,Scientific American,"07/23/2025, 07:00 AM, +0000 UTC",heat,2026-05-14T11:43:14.907183+00:00,,,,False,heat_dome,,,,,,2026-05-14T11:56:07.652013+00:00
https://abcnews.com/US/destructive-thunderstorms-hit-midwest-extreme-heat-dome-puts/story?id=124165297,"Extreme heat dome puts 170 million Americans in danger for hot, humid temperatures",,https://abcnews.com/US/destructive-thunderstorms-hit-midwest-extreme-heat-dome-puts/story?id=124165297,"ABC News - Breaking News, Latest News and Videos","02/11/2026, 11:16 AM, +0000 UTC",heat,2026-05-14T11:43:14.907183+00:00,midwest,midwest,region,True,heat_dome,,,,41.0,-89.0,2026-05-14T11:56:07.652013+00:00
https://www.foxweather.com/weather-news/heat-dome-southeast,Life-threatening heat dome broils millions across eastern US as records tumble,,https://www.foxweather.com/weather-news/heat-dome-southeast,FOX Weather,"07/29/2025, 07:00 AM, +0000 UTC",heat,2026-05-14T11:43:14.907183+00:00,,,,False,heat_dome,,,,,,2026-05-14T11:56:07.652013+00:00
https://news.sky.com/story/us-suffers-hottest-march-day-ever-recorded-as-heat-dome-drives-up-temperatures-13522180,US suffers hottest March day ever recorded as heat dome drives up temperatures,,https://news.sky.com/story/us-suffers-hottest-march-day-ever-recorded-as-heat-dome-drives-up-temperatures-13522180,Sky News,"03/20/2026, 07:00 AM, +0000 UTC",heat,2026-05-14T11:43:14.907183+00:00,,,,False,heat_dome,,,,,,2026-05-14T11:56:07.652013+00:00
https://www.aol.com/wests-record-shattering-heat-wave-160746066.html,The West's record-shattering heat wave isn't over as heat dome shifts into the Plains,,https://www.aol.com/wests-record-shattering-heat-wave-160746066.html,AOL.com,"03/23/2026, 04:24 AM, +0000 UTC",heat,2026-05-14T11:43:14.907183+00:00,,,,False,heat_dome,,,,,,2026-05-14T11:56:07.652013+00:00
https://www.stl.news/historic-heat-dome-expanding-to-envelop-almost-the-entire-united-states/,Historic heat dome expanding to envelop almost the entire United States.,,https://www.stl.news/historic-heat-dome-expanding-to-envelop-almost-the-entire-united-states/,stl.news,"03/24/2026, 07:00 AM, +0000 UTC",heat,2026-05-14T11:43:14.907183+00:00,,,,False,heat_dome,,,,,,2026-05-14T11:56:07.652013+00:00
https://www.foxweather.com/weather-news/noaa-warmest-march-ever-recorded-across-lower-48-historic-western-heat-dome,NOAA: Warmest March ever recorded across Lower 48 driven by historic Western heat dome,,https://www.foxweather.com/weather-news/noaa-warmest-march-ever-recorded-across-lower-48-historic-western-heat-dome,FOX Weather,"04/10/2026, 07:00 AM, +0000 UTC",heat,2026-05-14T11:43:14.907183+00:00,,,,False,heat_dome,,,,,,2026-05-14T11:56:07.652013+00:00
https://grist.org/extreme-heat/the-science-behind-the-heat-dome-a-mosh-pit-of-molecules/,The science behind the heat dome — ‘a mosh pit’ of molecules,,https://grist.org/extreme-heat/the-science-behind-the-heat-dome-a-mosh-pit-of-molecules/,grist.org,"07/22/2025, 07:00 AM, +0000 UTC",heat,2026-05-14T11:43:14.907183+00:00,,,,False,heat_dome,,,,,,2026-05-14T11:56:07.652013+00:00
https://wbznewsradio.iheart.com/featured/nightside-with-dan-rea/content/2026-03-13-all-50-us-states-could-face-extreme-weather-including-blizzard-heat-dome/,"All 50 US States Could Face Extreme Weather Including Blizzard, Heat Dome",,https://wbznewsradio.iheart.com/featured/nightside-with-dan-rea/content/2026-03-13-all-50-us-states-could-face-extreme-weather-including-blizzard-heat-dome/,WBZ NewsRadio 1030,"03/13/2026, 07:00 AM, +0000 UTC",heat,2026-05-14T11:43:14.907183+00:00,,,,False,heat_dome,,,,,,2026-05-14T11:56:07.652013+00:00
https://www.nesdis.noaa.gov/news/noaa-satellites-monitor-record-breaking-heat-wave,NOAA Satellites Monitor Record-Breaking Heat Wave,,https://www.nesdis.noaa.gov/news/noaa-satellites-monitor-record-breaking-heat-wave,"National Environmental Satellite, Data, and Information Service (.gov)","06/27/2025, 07:00 AM, +0000 UTC",heat,2026-05-14T11:43:14.907183+00:00,,,,False,heat_dome,,,,,,2026-05-14T11:56:07.652013+00:00
https://www.mensjournal.com/news/excessive-heat-warning-issued-as-100-degree-temperatures-record-march-highs-forecast-this-week,"Excessive Heat Warning Issued as 100-Degree Temperatures, Record March Highs Forecast This Week",,https://www.mensjournal.com/news/excessive-heat-warning-issued-as-100-degree-temperatures-record-march-highs-forecast-this-week,Men's Journal,"03/11/2026, 07:00 AM, +0000 UTC",heat,2026-05-14T11:43:14.907183+00:00,,,,False,heat_warning,,,,,,2026-05-14T11:56:07.652013+00:00
https://www.scientificamerican.com/article/tampa-breaks-heat-record-as-heat-dome-bakes-eastern-u-s/,Scorching Heat Dome Sends Tampa to 100 Degrees F for the First Time,,https://www.scientificamerican.com/article/tampa-breaks-heat-record-as-heat-dome-bakes-eastern-u-s/,Scientific American,"07/28/2025, 07:00 AM, +0000 UTC",heat,2026-05-14T11:43:14.907183+00:00,,,,False,heat_dome,,,,,,2026-05-14T11:56:07.652013+00:00
https://globalnews.ca/news/11729307/us-weather-blizzard-polar-vortex-heat-dome-atmospheric-river/,"A blizzard, polar vortex, heat dome and atmospheric river: U.S. faces weather chaos - National",,https://globalnews.ca/news/11729307/us-weather-blizzard-polar-vortex-heat-dome-atmospheric-river/,Global News,"03/13/2026, 07:00 AM, +0000 UTC",heat,2026-05-14T11:43:14.907183+00:00,,,,False,heat_dome,,,,,,2026-05-14T11:56:07.652013+00:00
https://www.severe-weather.eu/global-weather/heat-dome-heatwave-united-states-canada-sweltering-hot-weather-july-2025-mk/,"Heat Dome returns over east central U.S. next week, expands west and north into Canada through the end of July",,https://www.severe-weather.eu/global-weather/heat-dome-heatwave-united-states-canada-sweltering-hot-weather-july-2025-mk/,Severe Weather Europe,"07/19/2025, 07:00 AM, +0000 UTC",heat,2026-05-14T11:43:14.907183+00:00,,,,False,heat_dome,,,,,,2026-05-14T11:56:07.652013+00:00
https://www.accuweather.com/en/weather-forecasts/building-western-us-heat-dome-may-set-records-cause-wildfires-to-surge/1801605,"Building western US heat dome may set records, cause wildfires to surge",,https://www.accuweather.com/en/weather-forecasts/building-western-us-heat-dome-may-set-records-cause-wildfires-to-surge/1801605,AccuWeather,"08/02/2025, 06:16 PM, +0000 UTC",heat,2026-05-14T11:43:14.907183+00:00,,,,False,heat_dome,,,,,,2026-05-14T11:56:07.652013+00:00
https://mavensnotebook.com/2026/03/12/daily-digest-3-12-a-record-heat-dome-is-about-to-hit-the-west-as-signs-of-strong-el-nino-emerge-water-board-to-release-new-rule-to-limit-water-pollution-from-dairies-the-mutibenefit-land-repurposi/,"DAILY DIGEST, 3/12: A record heat dome is about to hit the West as signs of strong El Niño emerge; Water Board to release new rule to limit water pollution from dairies; The Mutibenefit Land Repurposing Program’s 2025 progress report; Pacific Fishery Mana",,https://mavensnotebook.com/2026/03/12/daily-digest-3-12-a-record-heat-dome-is-about-to-hit-the-west-as-signs-of-strong-el-nino-emerge-water-board-to-release-new-rule-to-limit-water-pollution-from-dairies-the-mutibenefit-land-repurposi/,Maven's Notebook,"03/12/2026, 07:00 AM, +0000 UTC",heat,2026-05-14T11:43:14.907183+00:00,,,,False,heat_dome,,,,,,2026-05-14T11:56:07.652013+00:00
https://www.pbs.org/newshour/nation/eastern-half-of-u-s-bakes-under-heat-dome-with-more-days-of-dangerous-temperatures-ahead,"Eastern half of U.S. bakes under heat dome, with more days of dangerous temperatures ahead",,https://www.pbs.org/newshour/nation/eastern-half-of-u-s-bakes-under-heat-dome-with-more-days-of-dangerous-temperatures-ahead,PBS,"06/22/2025, 07:00 AM, +0000 UTC",heat,2026-05-14T11:43:14.907183+00:00,,,,False,heat_dome,,,,,,2026-05-14T11:56:07.652013+00:00
https://www.wbur.org/news/2025/08/11/boston-heat-emergency-air-quality-alert,Boston is under its third heat emergency of the summer,,https://www.wbur.org/news/2025/08/11/boston-heat-emergency-air-quality-alert,WBUR,"08/12/2025, 07:00 AM, +0000 UTC",heat,2026-05-14T11:43:14.907183+00:00,,,,False,heat_emergency,,,,,,2026-05-14T11:56:07.652013+00:00
https://www.usatoday.com/story/news/nation/2025/07/21/heat-dome-extreme-temperatures/85304631007/,Heat dome to push extreme temperatures across much of US this week,,https://www.usatoday.com/story/news/nation/2025/07/21/heat-dome-extreme-temperatures/85304631007/,USA Today,"07/21/2025, 07:00 AM, +0000 UTC",heat,2026-05-14T11:43:14.907183+00:00,,,,False,heat_dome,,,,,,2026-05-14T11:56:07.652013+00:00
https://www.france24.com/en/live-news/20260311-north-america-heat-dome-left-winners-and-losers-study,North America 'heat dome' left winners and losers: study,,https://www.france24.com/en/live-news/20260311-north-america-heat-dome-left-winners-and-losers-study,France 24,"03/11/2026, 07:00 AM, +0000 UTC",heat,2026-05-14T11:43:14.907183+00:00,,,,False,heat_dome,,,,,,2026-05-14T11:56:07.652013+00:00
https://www.deseret.com/environment/2026/03/13/massive-heat-dome-over-the-west/,‘Unprecedented’ heat to reach most of the West starting next week,,https://www.deseret.com/environment/2026/03/13/massive-heat-dome-over-the-west/,Deseret News,"03/13/2026, 07:00 AM, +0000 UTC",heat,2026-05-14T11:43:14.907183+00:00,,,,False,heat_event,,,,,,2026-05-14T11:56:07.652013+00:00
https://www.greenmatters.com/pn/record-breaking-march-heat-dome-to-hit-west-coast-soon-these-cities-will-face-the-worst-of-it,Record-Breaking March ‘Heat Dome’ To Hit West Coast Soon — These Cities Will Face The Worst of It,,https://www.greenmatters.com/pn/record-breaking-march-heat-dome-to-hit-west-coast-soon-these-cities-will-face-the-worst-of-it,Green Matters,"03/13/2026, 07:00 AM, +0000 UTC",heat,2026-05-14T11:43:14.907183+00:00,,,,False,heat_dome,,,,,,2026-05-14T11:56:07.652013+00:00
https://www.foxweather.com/weather-news/heat-dome-temperature-records-south-central-east,Severe storms rumble through Northeast heat dome with reports of damaging winds,,https://www.foxweather.com/weather-news/heat-dome-temperature-records-south-central-east,FOX Weather,"07/25/2025, 07:00 AM, +0000 UTC",heat,2026-05-14T11:43:14.907183+00:00,,,,False,heat_dome,,,,,,2026-05-14T11:56:07.652013+00:00
https://www.foxweather.com/weather-news/heat-dome-ring-fire-storms-weather-pattern-us-forecast,Life-threatening heat dome intensifies as ring of fire storms rumble across central US,,https://www.foxweather.com/weather-news/heat-dome-ring-fire-storms-weather-pattern-us-forecast,FOX Weather,"07/21/2025, 07:00 AM, +0000 UTC",heat,2026-05-14T11:43:14.907183+00:00,,,,False,heat_dome,,,,,,2026-05-14T11:56:07.652013+00:00
https://www.cjonline.com/story/news/state/2025/12/22/heat-dome-expected-to-obliterate-kansas-christmas-temperature-records-topeka/87873232007/,Topeka expected to see record-breaking temperatures this Christmas,,https://www.cjonline.com/story/news/state/2025/12/22/heat-dome-expected-to-obliterate-kansas-christmas-temperature-records-topeka/87873232007/,The Topeka Capital-Journal,"12/22/2025, 08:00 AM, +0000 UTC",heat,2026-05-14T11:43:14.907183+00:00,,,,False,heat_event,,,,,,2026-05-14T11:56:07.652013+00:00
https://watchers.news/2025/06/20/extreme-heat-alerts-central-eastern-usa-heat-dome/,"Extreme heat alerts issued for central, eastern U.S. as heat dome builds June 20 onwards",,https://watchers.news/2025/06/20/extreme-heat-alerts-central-eastern-usa-heat-dome/,The Watchers - Watching the world evolve and transform,"06/20/2025, 07:00 AM, +0000 UTC",heat,2026-05-14T11:43:14.907183+00:00,,,,False,heat_dome,,,,,,2026-05-14T11:56:07.652013+00:00
https://www.usatoday.com/story/news/nation/2025/07/22/heat-dome-weather-hot-temperatures/85319399007/,"Heat dome is scorching the South, moving toward the East: What you can expect",,https://www.usatoday.com/story/news/nation/2025/07/22/heat-dome-weather-hot-temperatures/85319399007/,USA Today,"07/22/2025, 07:00 AM, +0000 UTC",heat,2026-05-14T11:43:14.907183+00:00,,,,False,heat_dome,,,,,,2026-05-14T11:56:07.652013+00:00
https://www.nbcnews.com/science/science-news/heat-dome-causes-opressive-temperatures-explainer-rcna214939,Why do heat domes bring oppressive temperatures?,,https://www.nbcnews.com/science/science-news/heat-dome-causes-opressive-temperatures-explainer-rcna214939,NBC News,"06/26/2025, 07:00 AM, +0000 UTC",heat,2026-05-14T11:43:14.907183+00:00,,,,False,heat_dome,,,,,,2026-05-14T11:56:07.652013+00:00
https://www.accuweather.com/en/weather-forecasts/100-degree-heat-dome-to-set-up-shop-over-southern-us/1796367,100-degree heat dome to set up shop over southern US,,https://www.accuweather.com/en/weather-forecasts/100-degree-heat-dome-to-set-up-shop-over-southern-us/1796367,AccuWeather,"07/18/2025, 05:22 PM, +0000 UTC",heat,2026-05-14T11:43:14.907183+00:00,,,,False,heat_dome,,,,,,2026-05-14T11:56:07.652013+00:00
https://www.theguardian.com/us-news/2025/jun/20/heat-dome-warning-central-eastern-us,Millions of people across central and eastern US under ‘heat dome’ warning,,https://www.theguardian.com/us-news/2025/jun/20/heat-dome-warning-central-eastern-us,The Guardian,"06/20/2025, 07:00 AM, +0000 UTC",heat,2026-05-14T11:43:14.907183+00:00,,,,False,heat_dome,,,,,,2026-05-14T11:56:07.652013+00:00
https://www.axios.com/2025/07/22/heat-wave-dome-corn-sweat-forecast,"A heat dome and ""corn sweat"" are driving this week's dangerous heat wave",,https://www.axios.com/2025/07/22/heat-wave-dome-corn-sweat-forecast,Axios,"07/22/2025, 07:00 AM, +0000 UTC",heat,2026-05-14T11:43:14.907183+00:00,,,,False,heat_dome,,,,,,2026-05-14T11:56:07.652013+00:00
https://www.accuweather.com/en/weather-forecasts/heat-wave-with-high-humidity-to-have-southeastern-us-sweltering/1798334,Heat wave with high humidity to have southeastern US sweltering,,https://www.accuweather.com/en/weather-forecasts/heat-wave-with-high-humidity-to-have-southeastern-us-sweltering/1798334,AccuWeather,"07/24/2025, 07:06 PM, +0000 UTC",heat,2026-05-14T11:43:14.907183+00:00,,,,False,heat_dome,,,,,,2026-05-14T11:56:07.652013+00:00
https://www.severe-weather.eu/global-weather/heat-dome-intense-heatwave-summer-2025-united-states-mk/,"Heat Dome develops over the U.S. by the weekend, intensifying a heatwave into the next week",,https://www.severe-weather.eu/global-weather/heat-dome-intense-heatwave-summer-2025-united-states-mk/,Severe Weather Europe,"06/19/2025, 07:00 AM, +0000 UTC",heat,2026-05-14T11:43:14.907183+00:00,,,,False,heat_dome,,,,,,2026-05-14T11:56:07.652013+00:00
https://watchers.news/2025/06/23/record-breaking-heat-grips-central-eastern-usa-heat-dome-intensifies/,Record-breaking heat grips central and eastern U.S. as heat dome intensifies,,https://watchers.news/2025/06/23/record-breaking-heat-grips-central-eastern-usa-heat-dome-intensifies/,The Watchers - Watching the world evolve and transform,"06/23/2025, 07:00 AM, +0000 UTC",heat,2026-05-14T11:43:14.907183+00:00,,,,False,heat_dome,,,,,,2026-05-14T11:56:07.652013+00:00
https://www.foxweather.com/weather-news/heat-wave-dome-northeast-mid-atlantic-new-england-summer-2025,Century-old temperature records tumble as heat dome bakes millions in Northeast,,https://www.foxweather.com/weather-news/heat-wave-dome-northeast-mid-atlantic-new-england-summer-2025,FOX Weather,"06/23/2025, 07:00 AM, +0000 UTC",heat,2026-05-14T11:43:14.907183+00:00,,,,False,heat_dome,,,,,,2026-05-14T11:56:07.652013+00:00
https://www.cnn.com/2025/06/24/weather/heat-dome-east-coast-climate,Tuesday was the hottest day in over a decade for parts of the East Coast. When will this extreme heat wave end?,,https://www.cnn.com/2025/06/24/weather/heat-dome-east-coast-climate,CNN,"06/24/2025, 07:00 AM, +0000 UTC",heat,2026-05-14T11:43:14.907183+00:00,,,,False,heat_dome,,,,,,2026-05-14T11:56:07.652013+00:00
https://rollingout.com/2026/03/22/heat-dome-rewrites-march-history/,Heat Dome Rewrites March History in 11 States,,https://rollingout.com/2026/03/22/heat-dome-rewrites-march-history/,Rolling Out,"03/22/2026, 07:00 AM, +0000 UTC",heat,2026-05-14T11:43:14.907183+00:00,,,,False,heat_dome,,,,,,2026-05-14T11:56:07.652013+00:00
https://www.cnet.com/news/a-sweltering-heat-dome-is-pummeling-the-middle-of-the-us-heres-what-that-means/,A Sweltering Heat Dome Is Pummeling the Middle of the US. Here's What That Means,,https://www.cnet.com/news/a-sweltering-heat-dome-is-pummeling-the-middle-of-the-us-heres-what-that-means/,CNET,"07/23/2025, 07:00 AM, +0000 UTC",heat,2026-05-14T11:43:14.907183+00:00,,,,False,heat_dome,,,,,,2026-05-14T11:56:07.652013+00:00
https://www.clickorlando.com/weather/2025/07/29/end-in-sight-as-summer-heat-dome-persists-but-there-is-a-twist/,End in sight as summer heat dome persists. But there is a twist,,https://www.clickorlando.com/weather/2025/07/29/end-in-sight-as-summer-heat-dome-persists-but-there-is-a-twist/,WKMG,"07/29/2025, 07:00 AM, +0000 UTC",heat,2026-05-14T11:43:14.907183+00:00,,,,False,heat_dome,,,,,,2026-05-14T11:56:07.652013+00:00
https://www.nbcnews.com/weather/heat/eastern-half-us-sweltering-dangerous-heat-wave-expected-last-midweek-rcna214385,"Eastern half of U.S. sweltering again, with dangerous heat wave expected to last until midweek",,https://www.nbcnews.com/weather/heat/eastern-half-us-sweltering-dangerous-heat-wave-expected-last-midweek-rcna214385,NBC News,"06/22/2025, 07:00 AM, +0000 UTC",heat,2026-05-14T11:43:14.907183+00:00,,,,False,heat_dome,,,,,,2026-05-14T11:56:07.652013+00:00
https://www.foxweather.com/weather-news/heat-dome-northeast-records-june-2025,Heat dome baking much of US set to shatter centuries-old heat records across Northeast,,https://www.foxweather.com/weather-news/heat-dome-northeast-records-june-2025,FOX Weather,"06/20/2025, 07:00 AM, +0000 UTC",heat,2026-05-14T11:43:14.907183+00:00,,,,False,heat_dome,,,,,,2026-05-14T11:56:07.652013+00:00
https://www.yahoo.com/news/articles/triple-digit-heat-dome-set-034500345.html,Triple-digit heat dome set to break records across 10 states as the West braces for 117 degrees,,https://www.yahoo.com/news/articles/triple-digit-heat-dome-set-034500345.html,Yahoo,"05/13/2026, 03:45 AM, +0000 UTC",heat,2026-05-15T11:46:31.510003+00:00,,,,False,heat_dome,,,,,,2026-05-15T11:58:54.505826+00:00
https://www.nytimes.com/article/heat-wave-cause.html,What to Know About Heat Waves and Domes,,https://www.nytimes.com/article/heat-wave-cause.html,The New York Times,"04/20/2026, 07:00 AM, +0000 UTC",heat,2026-05-15T11:46:31.510003+00:00,,,,False,heat_dome,,,,,,2026-05-15T11:58:54.505826+00:00
https://www.statesman.com/weather/article/texas-heat-dome-100-degrees-wildfire-risk-22255140.php,Parts of Texas could see their first 100-degree days this week,,https://www.statesman.com/weather/article/texas-heat-dome-100-degrees-wildfire-risk-22255140.php,Austin American-Statesman,"05/13/2026, 01:13 PM, +0000 UTC",heat,2026-05-15T11:46:31.510003+00:00,Texas,Texas,state,True,heat_event,,,,31.054487,-97.563461,2026-05-15T11:58:54.505826+00:00
https://news.cuanschutz.edu/news-stories/heat-dome-grips-the-west-what-is-it-and-how-can-it-affect-health,"Heat Dome Grips the West: What Is It, and How Can It Affect Health?",,https://news.cuanschutz.edu/news-stories/heat-dome-grips-the-west-what-is-it-and-how-can-it-affect-health,University of Colorado Anschutz,"03/18/2026, 07:00 AM, +0000 UTC",heat,2026-05-15T11:46:31.510003+00:00,,,,False,heat_dome,,,,,,2026-05-15T11:58:54.505826+00:00
https://www.aspenpublicradio.org/environment/2026-03-16/heat-dome-to-bring-record-breaking-temperatures-across-the-west,Heat dome to bring record-breaking temperatures across the West,,https://www.aspenpublicradio.org/environment/2026-03-16/heat-dome-to-bring-record-breaking-temperatures-across-the-west,Aspen Public Radio,"03/16/2026, 07:00 AM, +0000 UTC",heat,2026-05-15T11:46:31.510003+00:00,,,,False,heat_dome,,,,,,2026-05-15T11:58:54.505826+00:00
https://www.accuweather.com/en/weather-forecasts/record-shattering-march-scorcher-70-million-to-bake-in-summerlike-heat-dome-into-weekend/1873771,Record-shattering March scorcher: 70 million to bake in summerlike heat dome into weekend,,https://www.accuweather.com/en/weather-forecasts/record-shattering-march-scorcher-70-million-to-bake-in-summerlike-heat-dome-into-weekend/1873771,AccuWeather,"03/16/2026, 06:54 PM, +0000 UTC",heat,2026-05-15T11:46:31.510003+00:00,,,,False,heat_dome,,,,,,2026-05-15T11:58:54.505826+00:00
https://www.climatecentral.org/climate-shift-index-alert/March-record-breaking-western-heatwave,"Record-breaking March heatwave, intensified by climate change, continues to shatter records across the U.S.",,https://www.climatecentral.org/climate-shift-index-alert/March-record-breaking-western-heatwave,Climate Central,"03/24/2026, 06:48 PM, +0000 UTC",heat,2026-05-15T11:46:31.510003+00:00,,,,False,heat_event,,,,,,2026-05-15T11:58:54.505826+00:00
https://www.cbc.ca/news/climate/record-heat-dome-9.7139906,Record-breaking heat dome spreads across U.S.,,https://www.cbc.ca/news/climate/record-heat-dome-9.7139906,CBC,"03/24/2026, 07:00 AM, +0000 UTC",heat,2026-05-15T11:46:31.510003+00:00,,,,False,heat_dome,,,,,,2026-05-15T11:58:54.505826+00:00
https://www.cbsnews.com/news/maps-us-heat-advisory-high-temperature-dome-moves-east/,"Maps show U.S. heat advisories, high temperatures as heat dome moves east",,https://www.cbsnews.com/news/maps-us-heat-advisory-high-temperature-dome-moves-east/,CBS News,"07/25/2025, 07:00 AM, +0000 UTC",heat,2026-05-15T11:46:31.510003+00:00,,,,False,heat_dome,,,,,,2026-05-15T11:58:54.505826+00:00
https://www.pbs.org/newshour/science/basically-the-entire-u-s-is-going-to-be-hot-as-record-smashing-heat-spreads,'Basically the entire U.S. is going to be hot' as record-smashing heat spreads,,https://www.pbs.org/newshour/science/basically-the-entire-u-s-is-going-to-be-hot-as-record-smashing-heat-spreads,PBS,"03/24/2026, 07:00 AM, +0000 UTC",heat,2026-05-15T11:46:31.510003+00:00,,,,False,heat_event,,,,,,2026-05-15T11:58:54.505826+00:00
https://www.smdp.com/us-forecasts-blizzard-polar-vortex-heat-dome-and-atmospheric-river-all-at-once/,"US forecasts blizzard, polar vortex, heat dome and atmospheric river all at once",,https://www.smdp.com/us-forecasts-blizzard-polar-vortex-heat-dome-and-atmospheric-river-all-at-once/,Santa Monica Daily Press,"03/13/2026, 07:00 AM, +0000 UTC",heat,2026-05-15T11:46:31.510003+00:00,,,,False,heat_dome,,,,,,2026-05-15T11:58:54.505826+00:00
https://www.nbcnews.com/weather/heat/western-heat-wave-ends-records-duration-intensity-rcna265514,"As Western heat wave ends, scientists try to make sense of its length and intensity",,https://www.nbcnews.com/weather/heat/western-heat-wave-ends-records-duration-intensity-rcna265514,NBC News,"03/28/2026, 07:00 AM, +0000 UTC",heat,2026-05-15T11:46:31.510003+00:00,,,,False,heat_dome,,,,,,2026-05-15T11:58:54.505826+00:00
https://www.nytimes.com/article/what-is-heat-dome.html,A Short Guide to Understanding Heat Domes,,https://www.nytimes.com/article/what-is-heat-dome.html,The New York Times,"03/13/2026, 07:00 AM, +0000 UTC",heat,2026-05-15T11:46:31.510003+00:00,,,,False,heat_dome,,,,,,2026-05-15T11:58:54.505826+00:00
https://www.nbcnews.com/weather/heat/blistering-heat-wave-across-western-us-rcna264506,The West's record-shattering heat wave isn't over as heat dome shifts into the Plains,,https://www.nbcnews.com/weather/heat/blistering-heat-wave-across-western-us-rcna264506,NBC News,"03/22/2026, 07:00 AM, +0000 UTC",heat,2026-05-15T11:46:31.510003+00:00,,,,False,heat_dome,,,,,,2026-05-15T11:58:54.505826+00:00
https://www.cnet.com/home/energy-and-utilities/historic-heat-dome-creeping-across-us-how-prepare/,A Historic Heat Dome Is Creeping Across the US. Here's How to Prepare,,https://www.cnet.com/home/energy-and-utilities/historic-heat-dome-creeping-across-us-how-prepare/,CNET,"03/24/2026, 07:00 AM, +0000 UTC",heat,2026-05-15T11:46:31.510003+00:00,,,,False,heat_dome,,,,,,2026-05-15T11:58:54.505826+00:00
https://www.theatlantic.com/science/2026/03/west-heat-wave/686457/,There’s No Way the American West Will Have a Normal Summer,,https://www.theatlantic.com/science/2026/03/west-heat-wave/686457/,The Atlantic,"03/19/2026, 07:00 AM, +0000 UTC",heat,2026-05-15T11:46:31.510003+00:00,,,,False,heat_event,,,,,,2026-05-15T11:58:54.505826+00:00
https://www.euronews.com/2026/03/20/pushing-extremes-to-new-levels-record-us-heat-dome-made-possible-by-climate-change,'Climate change in real time': US hit by record-shattering heatwave,,https://www.euronews.com/2026/03/20/pushing-extremes-to-new-levels-record-us-heat-dome-made-possible-by-climate-change,Euronews.com,"03/20/2026, 07:00 AM, +0000 UTC",heat,2026-05-15T11:46:31.510003+00:00,,,,False,heat_event,,,,,,2026-05-15T11:58:54.505826+00:00
https://www.usatoday.com/story/news/weather/2026/03/21/noaa-forecast-spring-weather-heat-dome/89242999007/,New spring 2026 forecasts warn of the dreaded 'heat dome',,https://www.usatoday.com/story/news/weather/2026/03/21/noaa-forecast-spring-weather-heat-dome/89242999007/,USA Today,"03/22/2026, 07:00 AM, +0000 UTC",heat,2026-05-15T11:46:31.510003+00:00,,,,False,heat_dome,,,,,,2026-05-15T11:58:54.505826+00:00
https://www.climatecentral.org/climate-shift-index-alert/central-eastern-us-june-2025,Almost half of the U.S. affected by climate change-driven heat wave,,https://www.climatecentral.org/climate-shift-index-alert/central-eastern-us-june-2025,Climate Central,"06/20/2025, 07:00 AM, +0000 UTC",heat,2026-05-15T11:46:31.510003+00:00,,,,False,heat_dome,,,,,,2026-05-15T11:58:54.505826+00:00
https://www.newsweek.com/us-weather-prediction-spring-2026-heat-dome-11717091,US Weather Prediction for Spring 2026 Warns of ‘Heat Dome’,,https://www.newsweek.com/us-weather-prediction-spring-2026-heat-dome-11717091,Newsweek,"03/22/2026, 07:00 AM, +0000 UTC",heat,2026-05-15T11:46:31.510003+00:00,,,,False,heat_dome,,,,,,2026-05-15T11:58:54.505826+00:00
https://phys.org/news/2026-03-north-america-dome-left-winners.html,North America 'heat dome' left winners and losers: Study,,https://phys.org/news/2026-03-north-america-dome-left-winners.html,Phys.org,"03/15/2026, 07:00 AM, +0000 UTC",heat,2026-05-15T11:46:31.510003+00:00,,,,False,heat_dome,,,,,,2026-05-15T11:58:54.505826+00:00
https://www.usatoday.com/story/news/weather/2026/03/28/april-weather-forecast-heat-dome/89347353007/,April weather forecast predicts 'major change' as heat dome moves,,https://www.usatoday.com/story/news/weather/2026/03/28/april-weather-forecast-heat-dome/89347353007/,USA Today,"03/28/2026, 07:00 AM, +0000 UTC",heat,2026-05-15T11:46:31.510003+00:00,,,,False,heat_dome,,,,,,2026-05-15T11:58:54.505826+00:00
https://www.aol.com/spring-2026-forecasts-warn-dreaded-100250712.html,New spring 2026 forecasts warn of the dreaded 'heat dome',,https://www.aol.com/spring-2026-forecasts-warn-dreaded-100250712.html,AOL.com,"03/22/2026, 07:00 AM, +0000 UTC",heat,2026-05-15T11:46:31.510003+00:00,,,,False,heat_dome,,,,,,2026-05-15T11:58:54.505826+00:00
https://pv-magazine-usa.com/2026/04/03/heat-dome-and-high-pressure-boost-southern-u-s-solar-as-polar-vortex-clouds-the-north/,Heat dome and high pressure boost southern U.S. solar as polar vortex clouds the north,,https://pv-magazine-usa.com/2026/04/03/heat-dome-and-high-pressure-boost-southern-u-s-solar-as-polar-vortex-clouds-the-north/,pv magazine USA,"04/03/2026, 07:00 AM, +0000 UTC",heat,2026-05-15T11:46:31.510003+00:00,,,,False,heat_dome,,,,,,2026-05-15T11:58:54.505826+00:00
https://www.severe-weather.eu/global-weather/christmas-2025-forecast-warmest-on-record-holidays-historic-heat-dome-united-states-mk/,Christmas 2025 Forecast: Warmest Holidays since the 1950s under a Historic Heat Dome,,https://www.severe-weather.eu/global-weather/christmas-2025-forecast-warmest-on-record-holidays-historic-heat-dome-united-states-mk/,Severe Weather Europe,"12/21/2025, 08:00 AM, +0000 UTC",heat,2026-05-15T11:46:31.510003+00:00,,,,False,heat_dome,,,,,,2026-05-15T11:58:54.505826+00:00
https://www.yahoo.com/news/articles/meteorologist-issues-warning-heat-dome-040000429.html,Meteorologist issues warning as heat dome creeps across country: 'The entire US is going to be hot',,https://www.yahoo.com/news/articles/meteorologist-issues-warning-heat-dome-040000429.html,Yahoo,"03/25/2026, 07:00 AM, +0000 UTC",heat,2026-05-15T11:46:31.510003+00:00,,,,False,heat_dome,,,,,,2026-05-15T11:58:54.505826+00:00
https://www.scientificamerican.com/article/heat-dome-temperatures-may-break-records-in-eastern-u-s/,This Heat Dome Isn’t Letting Up—It’s Just Getting Hotter,,https://www.scientificamerican.com/article/heat-dome-temperatures-may-break-records-in-eastern-u-s/,Scientific American,"07/25/2025, 07:00 AM, +0000 UTC",heat,2026-05-15T11:46:31.510003+00:00,,,,False,heat_dome,,,,,,2026-05-15T11:58:54.505826+00:00
https://www.kktv.com/2026/03/17/heat-dome-sliding-what-does-that-mean/,Heat Dome sliding in: What does that mean?,,https://www.kktv.com/2026/03/17/heat-dome-sliding-what-does-that-mean/,KKTV,"03/17/2026, 07:00 AM, +0000 UTC",heat,2026-05-15T11:46:31.510003+00:00,,,,False,heat_dome,,,,,,2026-05-15T11:58:54.505826+00:00
https://www.theguardian.com/us-news/2025/jul/25/heat-dome-dangerous-conditions-100-million-people,US heat dome causes dangerous conditions for more than 100 million people,,https://www.theguardian.com/us-news/2025/jul/25/heat-dome-dangerous-conditions-100-million-people,The Guardian,"07/25/2025, 07:00 AM, +0000 UTC",heat,2026-05-15T11:46:31.510003+00:00,,,,False,heat_dome,,,,,,2026-05-15T11:58:54.505826+00:00
https://www.foxweather.com/weather-news/heat-dome-southeast,Life-threatening heat dome broils millions across eastern US as records tumble,,https://www.foxweather.com/weather-news/heat-dome-southeast,FOX Weather,"07/29/2025, 07:00 AM, +0000 UTC",heat,2026-05-15T11:46:31.510003+00:00,,,,False,heat_dome,,,,,,2026-05-15T11:58:54.505826+00:00
https://www.scientificamerican.com/article/heat-domes-extreme-heat-and-humidity-triggers-alerts-across-eastern-u-s/,A Massive Heat Dome Is Cooking the Eastern U.S.,,https://www.scientificamerican.com/article/heat-domes-extreme-heat-and-humidity-triggers-alerts-across-eastern-u-s/,Scientific American,"07/23/2025, 07:00 AM, +0000 UTC",heat,2026-05-15T11:46:31.510003+00:00,,,,False,heat_dome,,,,,,2026-05-15T11:58:54.505826+00:00
https://news.sky.com/story/us-suffers-hottest-march-day-ever-recorded-as-heat-dome-drives-up-temperatures-13522180,US suffers hottest March day ever recorded as heat dome drives up temperatures,,https://news.sky.com/story/us-suffers-hottest-march-day-ever-recorded-as-heat-dome-drives-up-temperatures-13522180,Sky News,"03/20/2026, 07:00 AM, +0000 UTC",heat,2026-05-15T11:46:31.510003+00:00,,,,False,heat_dome,,,,,,2026-05-15T11:58:54.505826+00:00
https://grist.org/extreme-heat/the-science-behind-the-heat-dome-a-mosh-pit-of-molecules/,The science behind the heat dome — ‘a mosh pit’ of molecules,,https://grist.org/extreme-heat/the-science-behind-the-heat-dome-a-mosh-pit-of-molecules/,grist.org,"07/22/2025, 07:00 AM, +0000 UTC",heat,2026-05-15T11:46:31.510003+00:00,,,,False,heat_dome,,,,,,2026-05-15T11:58:54.505826+00:00
https://www.stl.news/historic-heat-dome-expanding-to-envelop-almost-the-entire-united-states/,Historic heat dome expanding to envelop almost the entire United States.,,https://www.stl.news/historic-heat-dome-expanding-to-envelop-almost-the-entire-united-states/,stl.news,"03/24/2026, 07:00 AM, +0000 UTC",heat,2026-05-15T11:46:31.510003+00:00,,,,False,heat_dome,,,,,,2026-05-15T11:58:54.505826+00:00
https://www.foxweather.com/weather-news/noaa-warmest-march-ever-recorded-across-lower-48-historic-western-heat-dome,NOAA: Warmest March ever recorded across Lower 48 driven by historic Western heat dome,,https://www.foxweather.com/weather-news/noaa-warmest-march-ever-recorded-across-lower-48-historic-western-heat-dome,FOX Weather,"04/10/2026, 07:00 AM, +0000 UTC",heat,2026-05-15T11:46:31.510003+00:00,,,,False,heat_dome,,,,,,2026-05-15T11:58:54.505826+00:00
https://www.aol.com/wests-record-shattering-heat-wave-160746066.html,The West's record-shattering heat wave isn't over as heat dome shifts into the Plains,,https://www.aol.com/wests-record-shattering-heat-wave-160746066.html,AOL.com,"03/23/2026, 04:24 AM, +0000 UTC",heat,2026-05-15T11:46:31.510003+00:00,,,,False,heat_dome,,,,,,2026-05-15T11:58:54.505826+00:00
https://www.npr.org/2025/06/24/nx-s1-5442736/early-season-heat-dome-highest-temperatures-years-parts-of-eastern-us,Early-season heat dome brings highest temperatures in years to parts of Eastern U.S.,,https://www.npr.org/2025/06/24/nx-s1-5442736/early-season-heat-dome-highest-temperatures-years-parts-of-eastern-us,NPR,"06/24/2025, 07:00 AM, +0000 UTC",heat,2026-05-15T11:46:31.510003+00:00,,,,False,heat_dome,,,,,,2026-05-15T11:58:54.505826+00:00
https://country.iheart.com/content/2026-03-13-all-50-us-states-could-face-extreme-weather-including-blizzard-heat-dome/,"All 50 US States Could Face Extreme Weather Including Blizzard, Heat Dome",,https://country.iheart.com/content/2026-03-13-all-50-us-states-could-face-extreme-weather-including-blizzard-heat-dome/,iHeart,"03/13/2026, 07:00 AM, +0000 UTC",heat,2026-05-15T11:46:31.510003+00:00,,,,False,heat_dome,,,,,,2026-05-15T11:58:54.505826+00:00
https://www.nationalgeographic.com/environment/article/what-is-heat-dome,What is a heat dome? The climate phenomenon behind record heat,,https://www.nationalgeographic.com/environment/article/what-is-heat-dome,National Geographic,"06/23/2025, 07:00 AM, +0000 UTC",heat,2026-05-15T11:46:31.510003+00:00,,,,False,heat_dome,,,,,,2026-05-15T11:58:54.505826+00:00
https://www.mensjournal.com/news/excessive-heat-warning-issued-as-100-degree-temperatures-record-march-highs-forecast-this-week,"Excessive Heat Warning Issued as 100-Degree Temperatures, Record March Highs Forecast This Week",,https://www.mensjournal.com/news/excessive-heat-warning-issued-as-100-degree-temperatures-record-march-highs-forecast-this-week,Men's Journal,"03/11/2026, 07:00 AM, +0000 UTC",heat,2026-05-15T11:46:31.510003+00:00,,,,False,heat_warning,,,,,,2026-05-15T11:58:54.505826+00:00
https://www.accuweather.com/en/weather-forecasts/building-western-us-heat-dome-may-set-records-cause-wildfires-to-surge/1801605,"Building western US heat dome may set records, cause wildfires to surge",,https://www.accuweather.com/en/weather-forecasts/building-western-us-heat-dome-may-set-records-cause-wildfires-to-surge/1801605,AccuWeather,"08/02/2025, 06:16 PM, +0000 UTC",heat,2026-05-15T11:46:31.510003+00:00,,,,False,heat_dome,,,,,,2026-05-15T11:58:54.505826+00:00
https://www.severe-weather.eu/global-weather/heat-dome-heatwave-united-states-canada-sweltering-hot-weather-july-2025-mk/,"Heat Dome returns over east central U.S. next week, expands west and north into Canada through the end of July",,https://www.severe-weather.eu/global-weather/heat-dome-heatwave-united-states-canada-sweltering-hot-weather-july-2025-mk/,Severe Weather Europe,"07/19/2025, 07:00 AM, +0000 UTC",heat,2026-05-15T11:46:31.510003+00:00,,,,False,heat_dome,,,,,,2026-05-15T11:58:54.505826+00:00
https://globalnews.ca/news/11729307/us-weather-blizzard-polar-vortex-heat-dome-atmospheric-river/,"A blizzard, polar vortex, heat dome and atmospheric river: U.S. faces weather chaos - National",,https://globalnews.ca/news/11729307/us-weather-blizzard-polar-vortex-heat-dome-atmospheric-river/,Global News,"03/13/2026, 07:00 AM, +0000 UTC",heat,2026-05-15T11:46:31.510003+00:00,,,,False,heat_dome,,,,,,2026-05-15T11:58:54.505826+00:00
https://weather.com/science/weather-explainers/news/2025-06-20-death-ridge-heat-dome-explainer,Heat Domes Explained: Why These High-Pressure Systems Turn Deadly,,https://weather.com/science/weather-explainers/news/2025-06-20-death-ridge-heat-dome-explainer,The Weather Channel,"07/21/2025, 07:00 AM, +0000 UTC",heat,2026-05-15T11:46:31.510003+00:00,,,,False,heat_dome,,,,,,2026-05-15T11:58:54.505826+00:00
https://www.accuweather.com/en/weather-news/heat-advisory/1797625,100 million to swelter daily in massive US heat dome,,https://www.accuweather.com/en/weather-news/heat-advisory/1797625,AccuWeather,"07/22/2025, 07:00 AM, +0000 UTC",heat,2026-05-15T11:46:31.510003+00:00,,,,False,heat_dome,,,,,,2026-05-15T11:58:54.505826+00:00
https://www.cbsnews.com/news/heat-wave-forecast-us-maps-this-week/,When will the heat wave end? Maps show forecast across the U.S.,,https://www.cbsnews.com/news/heat-wave-forecast-us-maps-this-week/,CBS News,"06/26/2025, 07:00 AM, +0000 UTC",heat,2026-05-15T11:46:31.510003+00:00,,,,False,heat_dome,,,,,,2026-05-15T11:58:54.505826+00:00
https://www.pbs.org/newshour/nation/eastern-half-of-u-s-bakes-under-heat-dome-with-more-days-of-dangerous-temperatures-ahead,"Eastern half of U.S. bakes under heat dome, with more days of dangerous temperatures ahead",,https://www.pbs.org/newshour/nation/eastern-half-of-u-s-bakes-under-heat-dome-with-more-days-of-dangerous-temperatures-ahead,PBS,"06/22/2025, 07:00 AM, +0000 UTC",heat,2026-05-15T11:46:31.510003+00:00,,,,False,heat_dome,,,,,,2026-05-15T11:58:54.505826+00:00
https://www.scientificamerican.com/article/tampa-breaks-heat-record-as-heat-dome-bakes-eastern-u-s/,Scorching Heat Dome Sends Tampa to 100 Degrees F for the First Time,,https://www.scientificamerican.com/article/tampa-breaks-heat-record-as-heat-dome-bakes-eastern-u-s/,Scientific American,"07/28/2025, 07:00 AM, +0000 UTC",heat,2026-05-15T11:46:31.510003+00:00,,,,False,heat_dome,,,,,,2026-05-15T11:58:54.505826+00:00
https://www.yahoo.com/news/articles/march-heat-dome-raises-hot-144912887.html,"March heat dome raises hot car danger, shuts hiking trails and threatens flower blooms across the West",,https://www.yahoo.com/news/articles/march-heat-dome-raises-hot-144912887.html,Yahoo,"03/20/2026, 07:00 AM, +0000 UTC",heat,2026-05-15T11:46:31.510003+00:00,,,,False,heat_dome,,,,,,2026-05-15T11:58:54.505826+00:00
https://www.usatoday.com/story/news/nation/2025/07/21/heat-dome-extreme-temperatures/85304631007/,Heat dome to push extreme temperatures across much of US this week,,https://www.usatoday.com/story/news/nation/2025/07/21/heat-dome-extreme-temperatures/85304631007/,USA Today,"07/21/2025, 07:00 AM, +0000 UTC",heat,2026-05-15T11:46:31.510003+00:00,,,,False,heat_dome,,,,,,2026-05-15T11:58:54.505826+00:00
https://www.newsweek.com/heat-dome-map-shows-states-set-for-hottest-spring-temperatures-11733473,Heat Dome Map Shows States Set For Hottest Spring Temperatures,,https://www.newsweek.com/heat-dome-map-shows-states-set-for-hottest-spring-temperatures-11733473,Newsweek,"03/25/2026, 07:00 AM, +0000 UTC",heat,2026-05-15T11:46:31.510003+00:00,,,,False,heat_dome,,,,,,2026-05-15T11:58:54.505826+00:00
https://mavensnotebook.com/2026/03/12/daily-digest-3-12-a-record-heat-dome-is-about-to-hit-the-west-as-signs-of-strong-el-nino-emerge-water-board-to-release-new-rule-to-limit-water-pollution-from-dairies-the-mutibenefit-land-repurposi/,"DAILY DIGEST, 3/12: A record heat dome is about to hit the West as signs of strong El Niño emerge; Water Board to release new rule to limit water pollution from dairies; The Mutibenefit Land Repurposing Program’s 2025 progress report; Pacific Fishery Mana",,https://mavensnotebook.com/2026/03/12/daily-digest-3-12-a-record-heat-dome-is-about-to-hit-the-west-as-signs-of-strong-el-nino-emerge-water-board-to-release-new-rule-to-limit-water-pollution-from-dairies-the-mutibenefit-land-repurposi/,Maven's Notebook,"03/12/2026, 07:00 AM, +0000 UTC",heat,2026-05-15T11:46:31.510003+00:00,,,,False,heat_dome,,,,,,2026-05-15T11:58:54.505826+00:00
https://www.foxweather.com/weather-news/heat-dome-temperature-records-south-central-east,Severe storms rumble through Northeast heat dome with reports of damaging winds,,https://www.foxweather.com/weather-news/heat-dome-temperature-records-south-central-east,FOX Weather,"07/25/2025, 07:00 AM, +0000 UTC",heat,2026-05-15T11:46:31.510003+00:00,,,,False,heat_dome,,,,,,2026-05-15T11:58:54.505826+00:00
https://www.deseret.com/environment/2026/03/13/massive-heat-dome-over-the-west/,‘Unprecedented’ heat to reach most of the West starting next week,,https://www.deseret.com/environment/2026/03/13/massive-heat-dome-over-the-west/,Deseret News,"03/13/2026, 07:00 AM, +0000 UTC",heat,2026-05-15T11:46:31.510003+00:00,,,,False,heat_event,,,,,,2026-05-15T11:58:54.505826+00:00
https://www.foxweather.com/weather-news/heat-dome-ring-fire-storms-weather-pattern-us-forecast,Life-threatening heat dome intensifies as ring of fire storms rumble across central US,,https://www.foxweather.com/weather-news/heat-dome-ring-fire-storms-weather-pattern-us-forecast,FOX Weather,"07/21/2025, 07:00 AM, +0000 UTC",heat,2026-05-15T11:46:31.510003+00:00,,,,False,heat_dome,,,,,,2026-05-15T11:58:54.505826+00:00
https://watchers.news/2025/06/20/extreme-heat-alerts-central-eastern-usa-heat-dome/,"Extreme heat alerts issued for central, eastern U.S. as heat dome builds June 20 onwards",,https://watchers.news/2025/06/20/extreme-heat-alerts-central-eastern-usa-heat-dome/,The Watchers - Watching the world evolve and transform,"06/20/2025, 07:00 AM, +0000 UTC",heat,2026-05-15T11:46:31.510003+00:00,,,,False,heat_dome,,,,,,2026-05-15T11:58:54.505826+00:00
https://www.nbcnews.com/science/science-news/heat-dome-causes-opressive-temperatures-explainer-rcna214939,Why do heat domes bring oppressive temperatures?,,https://www.nbcnews.com/science/science-news/heat-dome-causes-opressive-temperatures-explainer-rcna214939,NBC News,"06/26/2025, 07:00 AM, +0000 UTC",heat,2026-05-15T11:46:31.510003+00:00,,,,False,heat_dome,,,,,,2026-05-15T11:58:54.505826+00:00
https://www.cjonline.com/story/news/state/2025/12/22/heat-dome-expected-to-obliterate-kansas-christmas-temperature-records-topeka/87873232007/,Topeka expected to see record-breaking temperatures this Christmas,,https://www.cjonline.com/story/news/state/2025/12/22/heat-dome-expected-to-obliterate-kansas-christmas-temperature-records-topeka/87873232007/,The Topeka Capital-Journal,"12/22/2025, 08:00 AM, +0000 UTC",heat,2026-05-15T11:46:31.510003+00:00,,,,False,heat_event,,,,,,2026-05-15T11:58:54.505826+00:00
https://www.washingtonpost.com/weather/2025/06/19/maps-extreme-heat-humidity-forecast/,A heat dome is about to bring extreme heat and humidity to more than 200 million,,https://www.washingtonpost.com/weather/2025/06/19/maps-extreme-heat-humidity-forecast/,The Washington Post,"06/20/2025, 07:00 AM, +0000 UTC",heat,2026-05-15T11:46:31.510003+00:00,,,,False,heat_dome,,,,,,2026-05-15T11:58:54.505826+00:00
https://www.usatoday.com/story/news/nation/2025/07/22/heat-dome-weather-hot-temperatures/85319399007/,"Heat dome is scorching the South, moving toward the East: What you can expect",,https://www.usatoday.com/story/news/nation/2025/07/22/heat-dome-weather-hot-temperatures/85319399007/,USA Today,"07/22/2025, 07:00 AM, +0000 UTC",heat,2026-05-15T11:46:31.510003+00:00,,,,False,heat_dome,,,,,,2026-05-15T11:58:54.505826+00:00
https://www.greenmatters.com/pn/record-breaking-march-heat-dome-to-hit-west-coast-soon-these-cities-will-face-the-worst-of-it,Record-Breaking March ‘Heat Dome’ To Hit West Coast Soon — These Cities Will Face The Worst of It,,https://www.greenmatters.com/pn/record-breaking-march-heat-dome-to-hit-west-coast-soon-these-cities-will-face-the-worst-of-it,Green Matters,"03/13/2026, 07:00 AM, +0000 UTC",heat,2026-05-15T11:46:31.510003+00:00,,,,False,heat_dome,,,,,,2026-05-15T11:58:54.505826+00:00
https://www.theguardian.com/us-news/2025/jun/20/heat-dome-warning-central-eastern-us,Millions of people across central and eastern US under ‘heat dome’ warning,,https://www.theguardian.com/us-news/2025/jun/20/heat-dome-warning-central-eastern-us,The Guardian,"06/20/2025, 07:00 AM, +0000 UTC",heat,2026-05-15T11:46:31.510003+00:00,,,,False,heat_dome,,,,,,2026-05-15T11:58:54.505826+00:00
https://www.axios.com/2025/07/22/heat-wave-dome-corn-sweat-forecast,"A heat dome and ""corn sweat"" are driving this week's dangerous heat wave",,https://www.axios.com/2025/07/22/heat-wave-dome-corn-sweat-forecast,Axios,"07/22/2025, 07:00 AM, +0000 UTC",heat,2026-05-15T11:46:31.510003+00:00,,,,False,heat_dome,,,,,,2026-05-15T11:58:54.505826+00:00
https://www.accuweather.com/en/weather-forecasts/heat-wave-with-high-humidity-to-have-southeastern-us-sweltering/1798334,Heat wave with high humidity to have southeastern US sweltering,,https://www.accuweather.com/en/weather-forecasts/heat-wave-with-high-humidity-to-have-southeastern-us-sweltering/1798334,AccuWeather,"07/24/2025, 07:06 PM, +0000 UTC",heat,2026-05-15T11:46:31.510003+00:00,,,,False,heat_dome,,,,,,2026-05-15T11:58:54.505826+00:00
https://www.severe-weather.eu/global-weather/heat-dome-intense-heatwave-summer-2025-united-states-mk/,"Heat Dome develops over the U.S. by the weekend, intensifying a heatwave into the next week",,https://www.severe-weather.eu/global-weather/heat-dome-intense-heatwave-summer-2025-united-states-mk/,Severe Weather Europe,"06/19/2025, 07:00 AM, +0000 UTC",heat,2026-05-15T11:46:31.510003+00:00,,,,False,heat_dome,,,,,,2026-05-15T11:58:54.505826+00:00
https://www.yahoo.com/news/articles/triple-digit-heat-dome-set-034500345.html,Triple-digit heat dome set to break records across 10 states as the West braces for 117 degrees,,https://www.yahoo.com/news/articles/triple-digit-heat-dome-set-034500345.html,Yahoo,"05/13/2026, 03:45 AM, +0000 UTC",heat,2026-05-16T10:54:03.691599+00:00,,,,False,heat_dome,,,,,,2026-05-16T11:07:03.638570+00:00
https://www.aspenpublicradio.org/environment/2026-03-16/heat-dome-to-bring-record-breaking-temperatures-across-the-west,Heat dome to bring record-breaking temperatures across the West,,https://www.aspenpublicradio.org/environment/2026-03-16/heat-dome-to-bring-record-breaking-temperatures-across-the-west,Aspen Public Radio,"03/16/2026, 07:00 AM, +0000 UTC",heat,2026-05-16T10:54:03.691599+00:00,,,,False,heat_dome,,,,,,2026-05-16T11:07:03.638570+00:00
https://news.cuanschutz.edu/news-stories/heat-dome-grips-the-west-what-is-it-and-how-can-it-affect-health,"Heat Dome Grips the West: What Is It, and How Can It Affect Health?",,https://news.cuanschutz.edu/news-stories/heat-dome-grips-the-west-what-is-it-and-how-can-it-affect-health,University of Colorado Anschutz,"03/18/2026, 07:00 AM, +0000 UTC",heat,2026-05-16T10:54:03.691599+00:00,,,,False,heat_dome,,,,,,2026-05-16T11:07:03.638570+00:00
https://www.climatecentral.org/climate-shift-index-alert/March-record-breaking-western-heatwave,"Record-breaking March heatwave, intensified by climate change, continues to shatter records across the U.S.",,https://www.climatecentral.org/climate-shift-index-alert/March-record-breaking-western-heatwave,Climate Central,"03/24/2026, 06:48 PM, +0000 UTC",heat,2026-05-16T10:54:03.691599+00:00,,,,False,heat_event,,,,,,2026-05-16T11:07:03.638570+00:00
https://www.nytimes.com/article/what-is-heat-dome.html,A Short Guide to Understanding Heat Domes,,https://www.nytimes.com/article/what-is-heat-dome.html,The New York Times,"03/13/2026, 07:00 AM, +0000 UTC",heat,2026-05-16T10:54:03.691599+00:00,,,,False,heat_dome,,,,,,2026-05-16T11:07:03.638570+00:00
https://www.cbc.ca/news/climate/record-heat-dome-9.7139906,Record-breaking heat dome spreads across U.S.,,https://www.cbc.ca/news/climate/record-heat-dome-9.7139906,CBC,"03/24/2026, 07:00 AM, +0000 UTC",heat,2026-05-16T10:54:03.691599+00:00,,,,False,heat_dome,,,,,,2026-05-16T11:07:03.638570+00:00
https://www.nbcnews.com/weather/heat/western-heat-wave-ends-records-duration-intensity-rcna265514,"As Western heat wave ends, scientists try to make sense of its length and intensity",,https://www.nbcnews.com/weather/heat/western-heat-wave-ends-records-duration-intensity-rcna265514,NBC News,"03/28/2026, 07:00 AM, +0000 UTC",heat,2026-05-16T10:54:03.691599+00:00,,,,False,heat_dome,,,,,,2026-05-16T11:07:03.638570+00:00
https://www.pbs.org/newshour/science/basically-the-entire-u-s-is-going-to-be-hot-as-record-smashing-heat-spreads,'Basically the entire U.S. is going to be hot' as record-smashing heat spreads,,https://www.pbs.org/newshour/science/basically-the-entire-u-s-is-going-to-be-hot-as-record-smashing-heat-spreads,PBS,"03/24/2026, 07:00 AM, +0000 UTC",heat,2026-05-16T10:54:03.691599+00:00,,,,False,heat_event,,,,,,2026-05-16T11:07:03.638570+00:00
https://www.smdp.com/us-forecasts-blizzard-polar-vortex-heat-dome-and-atmospheric-river-all-at-once/,"US forecasts blizzard, polar vortex, heat dome and atmospheric river all at once",,https://www.smdp.com/us-forecasts-blizzard-polar-vortex-heat-dome-and-atmospheric-river-all-at-once/,Santa Monica Daily Press,"03/13/2026, 07:00 AM, +0000 UTC",heat,2026-05-16T10:54:03.691599+00:00,,,,False,heat_dome,,,,,,2026-05-16T11:07:03.638570+00:00
https://www.cnet.com/home/energy-and-utilities/historic-heat-dome-creeping-across-us-how-prepare/,A Historic Heat Dome Is Creeping Across the US. Here's How to Prepare,,https://www.cnet.com/home/energy-and-utilities/historic-heat-dome-creeping-across-us-how-prepare/,CNET,"03/24/2026, 07:00 AM, +0000 UTC",heat,2026-05-16T10:54:03.691599+00:00,,,,False,heat_dome,,,,,,2026-05-16T11:07:03.638570+00:00
https://nypost.com/2026/03/24/us-news/record-breaking-heat-dome-spreads-across-the-us/,Record-breaking heat dome spreads across the US: ‘Really bizarre’,,https://nypost.com/2026/03/24/us-news/record-breaking-heat-dome-spreads-across-the-us/,New York Post,"03/24/2026, 07:00 AM, +0000 UTC",heat,2026-05-16T10:54:03.691599+00:00,,,,False,heat_dome,,,,,,2026-05-16T11:07:03.638570+00:00
https://www.nytimes.com/2026/03/14/weather/west-coast-heat-wave-la-phoenix.html,5 Things to Know About the Unusual March Heat Wave in the West,,https://www.nytimes.com/2026/03/14/weather/west-coast-heat-wave-la-phoenix.html,The New York Times,"03/14/2026, 07:00 AM, +0000 UTC",heat,2026-05-16T10:54:03.691599+00:00,,,,False,heat_dome,,,,,,2026-05-16T11:07:03.638570+00:00
https://www.yahoo.com/news/articles/april-weather-forecast-predicts-major-100310579.html,April weather forecast predicts 'major change' as heat dome moves,,https://www.yahoo.com/news/articles/april-weather-forecast-predicts-major-100310579.html,Yahoo,"03/28/2026, 07:00 AM, +0000 UTC",heat,2026-05-16T10:54:03.691599+00:00,,,,False,heat_dome,,,,,,2026-05-16T11:07:03.638570+00:00
https://www.theatlantic.com/science/2026/03/west-heat-wave/686457/,There’s No Way the American West Will Have a Normal Summer,,https://www.theatlantic.com/science/2026/03/west-heat-wave/686457/,The Atlantic,"03/19/2026, 07:00 AM, +0000 UTC",heat,2026-05-16T10:54:03.691599+00:00,,,,False,heat_event,,,,,,2026-05-16T11:07:03.638570+00:00
https://www.euronews.com/2026/03/20/pushing-extremes-to-new-levels-record-us-heat-dome-made-possible-by-climate-change,'Climate change in real time': US hit by record-shattering heatwave,,https://www.euronews.com/2026/03/20/pushing-extremes-to-new-levels-record-us-heat-dome-made-possible-by-climate-change,Euronews.com,"03/20/2026, 07:00 AM, +0000 UTC",heat,2026-05-16T10:54:03.691599+00:00,,,,False,heat_event,,,,,,2026-05-16T11:07:03.638570+00:00
https://www.thecooldown.com/outdoors/record-heat-wave-us-19-states/,Meteorologist issues warning as heat dome creeps across country: 'The entire US is going to be hot',,https://www.thecooldown.com/outdoors/record-heat-wave-us-19-states/,The Cool Down,"03/26/2026, 07:00 AM, +0000 UTC",heat,2026-05-16T10:54:03.691599+00:00,,,,False,heat_dome,,,,,,2026-05-16T11:07:03.638570+00:00
https://www.newsweek.com/us-weather-prediction-spring-2026-heat-dome-11717091,US Weather Prediction for Spring 2026 Warns of ‘Heat Dome’,,https://www.newsweek.com/us-weather-prediction-spring-2026-heat-dome-11717091,Newsweek,"03/22/2026, 07:00 AM, +0000 UTC",heat,2026-05-16T10:54:03.691599+00:00,,,,False,heat_dome,,,,,,2026-05-16T11:07:03.638570+00:00
https://phys.org/news/2026-03-north-america-dome-left-winners.html,North America 'heat dome' left winners and losers: Study,,https://phys.org/news/2026-03-north-america-dome-left-winners.html,Phys.org,"03/15/2026, 07:00 AM, +0000 UTC",heat,2026-05-16T10:54:03.691599+00:00,,,,False,heat_dome,,,,,,2026-05-16T11:07:03.638570+00:00
https://www.cnn.com/2026/03/17/weather/heat-wave-west-records-climate-change,"Extraordinary, climate change-fueled heat wave envelops the West with mounting consequences",,https://www.cnn.com/2026/03/17/weather/heat-wave-west-records-climate-change,CNN,"03/17/2026, 07:00 AM, +0000 UTC",heat,2026-05-16T10:54:03.691599+00:00,,,,False,heat_dome,,,,,,2026-05-16T11:07:03.638570+00:00
https://www.aol.com/spring-2026-forecasts-warn-dreaded-100250712.html,New spring 2026 forecasts warn of the dreaded 'heat dome',,https://www.aol.com/spring-2026-forecasts-warn-dreaded-100250712.html,AOL.com,"03/22/2026, 07:00 AM, +0000 UTC",heat,2026-05-16T10:54:03.691599+00:00,,,,False,heat_dome,,,,,,2026-05-16T11:07:03.638570+00:00
https://kube933.iheart.com/content/2026-03-13-all-50-us-states-could-face-extreme-weather-including-blizzard-heat-dome/,"All 50 US States Could Face Extreme Weather Including Blizzard, Heat Dome",,https://kube933.iheart.com/content/2026-03-13-all-50-us-states-could-face-extreme-weather-including-blizzard-heat-dome/,KUBE 93.3,"03/13/2026, 07:00 AM, +0000 UTC",heat,2026-05-16T10:54:03.691599+00:00,,,,False,heat_dome,,,,,,2026-05-16T11:07:03.638570+00:00
https://www.spokesman.com/stories/2026/mar/12/a-record-heat-dome-is-about-to-hit-the-west-in-mar/,A record heat dome is about to hit the West — in March,,https://www.spokesman.com/stories/2026/mar/12/a-record-heat-dome-is-about-to-hit-the-west-in-mar/,The Spokesman-Review,"03/13/2026, 07:00 AM, +0000 UTC",heat,2026-05-16T10:54:03.691599+00:00,,,,False,heat_dome,,,,,,2026-05-16T11:07:03.638570+00:00
https://subscriber.politicopro.com/article/eenews/2026/03/13/blizzard-polar-vortex-heat-dome-atmospheric-river-forecast-in-us-00827706,"E&E News: Blizzard, polar vortex, heat dome, atmospheric river forecast in US",,https://subscriber.politicopro.com/article/eenews/2026/03/13/blizzard-polar-vortex-heat-dome-atmospheric-river-forecast-in-us-00827706,POLITICO Pro,"03/13/2026, 07:00 AM, +0000 UTC",heat,2026-05-16T10:54:03.691599+00:00,,,,False,heat_dome,,,,,,2026-05-16T11:07:03.638570+00:00
https://www.kktv.com/2026/03/17/heat-dome-sliding-what-does-that-mean/,Heat Dome sliding in: What does that mean?,,https://www.kktv.com/2026/03/17/heat-dome-sliding-what-does-that-mean/,KKTV,"03/17/2026, 07:00 AM, +0000 UTC",heat,2026-05-16T10:54:03.691599+00:00,,,,False,heat_dome,,,,,,2026-05-16T11:07:03.638570+00:00
https://wpde.com/weather/abc-15-weather-authority-blog/hail-ice-stones-from-the-sky,The heat dome in the west,,https://wpde.com/weather/abc-15-weather-authority-blog/hail-ice-stones-from-the-sky,WPDE,"03/23/2026, 07:00 AM, +0000 UTC",heat,2026-05-16T10:54:03.691599+00:00,,,,False,heat_dome,,,,,,2026-05-16T11:07:03.638570+00:00
https://www.yahoo.com/news/articles/wests-record-shattering-heat-wave-160746356.html,The West's record-shattering heat wave isn't over as heat dome shifts into the Plains,,https://www.yahoo.com/news/articles/wests-record-shattering-heat-wave-160746356.html,Yahoo,"03/22/2026, 07:00 AM, +0000 UTC",heat,2026-05-16T10:54:03.691599+00:00,,,,False,heat_dome,,,,,,2026-05-16T11:07:03.638570+00:00
https://news.sky.com/story/us-suffers-hottest-march-day-ever-recorded-as-heat-dome-drives-up-temperatures-13522180,US suffers hottest March day ever recorded as heat dome drives up temperatures,,https://news.sky.com/story/us-suffers-hottest-march-day-ever-recorded-as-heat-dome-drives-up-temperatures-13522180,Sky News,"03/20/2026, 07:00 AM, +0000 UTC",heat,2026-05-16T10:54:03.691599+00:00,,,,False,heat_dome,,,,,,2026-05-16T11:07:03.638570+00:00
https://www.msn.com/en-us/weather/topstories/historic-heat-dome-to-hit-14-states-with-triple-digit-temperatures/ss-AA1YLA99?ocid=EMMX,Historic heat dome to hit 14 states with triple-digit temperatures,,https://www.msn.com/en-us/weather/topstories/historic-heat-dome-to-hit-14-states-with-triple-digit-temperatures/ss-AA1YLA99?ocid=EMMX,MSN,"03/18/2026, 07:03 PM, +0000 UTC",heat,2026-05-16T10:54:03.691599+00:00,,,,False,heat_dome,,,,,,2026-05-16T11:07:03.638570+00:00
https://www.foxweather.com/weather-news/noaa-warmest-march-ever-recorded-across-lower-48-historic-western-heat-dome,NOAA: Warmest March ever recorded across Lower 48 driven by historic Western heat dome,,https://www.foxweather.com/weather-news/noaa-warmest-march-ever-recorded-across-lower-48-historic-western-heat-dome,FOX Weather,"04/10/2026, 07:00 AM, +0000 UTC",heat,2026-05-16T10:54:03.691599+00:00,,,,False,heat_dome,,,,,,2026-05-16T11:07:03.638570+00:00
https://www.stl.news/historic-heat-dome-expanding-to-envelop-almost-the-entire-united-states/,Historic heat dome expanding to envelop almost the entire United States.,,https://www.stl.news/historic-heat-dome-expanding-to-envelop-almost-the-entire-united-states/,stl.news,"03/24/2026, 07:00 AM, +0000 UTC",heat,2026-05-16T10:54:03.691599+00:00,,,,False,heat_dome,,,,,,2026-05-16T11:07:03.638570+00:00
https://www.bostonherald.com/2026/03/13/weather-extremes/,"US forecasts blizzard, polar vortex, heat dome and atmospheric river all at once",,https://www.bostonherald.com/2026/03/13/weather-extremes/,Boston Herald,"03/13/2026, 07:00 AM, +0000 UTC",heat,2026-05-16T10:54:03.691599+00:00,,,,False,heat_dome,,,,,,2026-05-16T11:07:03.638570+00:00
https://wbznewsradio.iheart.com/featured/nightside-with-dan-rea/content/2026-03-13-all-50-us-states-could-face-extreme-weather-including-blizzard-heat-dome/,"All 50 US States Could Face Extreme Weather Including Blizzard, Heat Dome",,https://wbznewsradio.iheart.com/featured/nightside-with-dan-rea/content/2026-03-13-all-50-us-states-could-face-extreme-weather-including-blizzard-heat-dome/,WBZ NewsRadio 1030,"03/13/2026, 07:00 AM, +0000 UTC",heat,2026-05-16T10:54:03.691599+00:00,,,,False,heat_dome,,,,,,2026-05-16T11:07:03.638570+00:00
https://www.mensjournal.com/news/excessive-heat-warning-issued-as-100-degree-temperatures-record-march-highs-forecast-this-week,"Excessive Heat Warning Issued as 100-Degree Temperatures, Record March Highs Forecast This Week",,https://www.mensjournal.com/news/excessive-heat-warning-issued-as-100-degree-temperatures-record-march-highs-forecast-this-week,Men's Journal,"03/11/2026, 07:00 AM, +0000 UTC",heat,2026-05-16T10:54:03.691599+00:00,,,,False,heat_warning,,,,,,2026-05-16T11:07:03.638570+00:00
https://globalnews.ca/news/11729307/us-weather-blizzard-polar-vortex-heat-dome-atmospheric-river/,"A blizzard, polar vortex, heat dome and atmospheric river: U.S. faces weather chaos - National",,https://globalnews.ca/news/11729307/us-weather-blizzard-polar-vortex-heat-dome-atmospheric-river/,Global News,"03/13/2026, 07:00 AM, +0000 UTC",heat,2026-05-16T10:54:03.691599+00:00,,,,False,heat_dome,,,,,,2026-05-16T11:07:03.638570+00:00
https://www.yahoo.com/news/articles/record-shattering-march-scorcher-70-183935119.html,Record-shattering March scorcher: 70 million to bake in summerlike heat dome into weekend,,https://www.yahoo.com/news/articles/record-shattering-march-scorcher-70-183935119.html,Yahoo,"03/16/2026, 07:00 AM, +0000 UTC",heat,2026-05-16T10:54:03.691599+00:00,,,,False,heat_dome,,,,,,2026-05-16T11:07:03.638570+00:00
https://www.yahoo.com/news/articles/indiana-see-heat-dome-know-144628739.html,Will Indiana see a heat dome? What to know on spring forecast,,https://www.yahoo.com/news/articles/indiana-see-heat-dome-know-144628739.html,Yahoo,"03/22/2026, 07:00 AM, +0000 UTC",heat,2026-05-16T10:54:03.691599+00:00,indiana,indiana,state,True,heat_dome,,,,39.849426,-86.258278,2026-05-16T11:07:03.638570+00:00
https://mavensnotebook.com/2026/03/12/daily-digest-3-12-a-record-heat-dome-is-about-to-hit-the-west-as-signs-of-strong-el-nino-emerge-water-board-to-release-new-rule-to-limit-water-pollution-from-dairies-the-mutibenefit-land-repurposi/,"DAILY DIGEST, 3/12: A record heat dome is about to hit the West as signs of strong El Niño emerge; Water Board to release new rule to limit water pollution from dairies; The Mutibenefit Land Repurposing Program’s 2025 progress report; Pacific Fishery Mana",,https://mavensnotebook.com/2026/03/12/daily-digest-3-12-a-record-heat-dome-is-about-to-hit-the-west-as-signs-of-strong-el-nino-emerge-water-board-to-release-new-rule-to-limit-water-pollution-from-dairies-the-mutibenefit-land-repurposi/,Maven's Notebook,"03/12/2026, 07:00 AM, +0000 UTC",heat,2026-05-16T10:54:03.691599+00:00,,,,False,heat_dome,,,,,,2026-05-16T11:07:03.638570+00:00
https://www.kxan.com/news/science/ap-science/ap-us-weather-to-go-nuts-with-blizzard-polar-vortex-heat-dome-atmospheric-river-all-at-once/,"US forecasts blizzard, polar vortex, heat dome and atmospheric river all at once",,https://www.kxan.com/news/science/ap-science/ap-us-weather-to-go-nuts-with-blizzard-polar-vortex-heat-dome-atmospheric-river-all-at-once/,KXAN Austin,"03/13/2026, 07:00 AM, +0000 UTC",heat,2026-05-16T10:54:03.691599+00:00,,,,False,heat_dome,,,,,,2026-05-16T11:07:03.638570+00:00
https://www.severe-weather.eu/global-weather/christmas-2025-forecast-warmest-on-record-holidays-historic-heat-dome-united-states-mk/,Christmas 2025 Forecast: Warmest Holidays since the 1950s under a Historic Heat Dome,,https://www.severe-weather.eu/global-weather/christmas-2025-forecast-warmest-on-record-holidays-historic-heat-dome-united-states-mk/,Severe Weather Europe,"12/21/2025, 08:00 AM, +0000 UTC",heat,2026-05-16T10:54:03.691599+00:00,,,,False,heat_dome,,,,,,2026-05-16T11:07:03.638570+00:00
https://www.france24.com/en/live-news/20260311-north-america-heat-dome-left-winners-and-losers-study,North America 'heat dome' left winners and losers: study,,https://www.france24.com/en/live-news/20260311-north-america-heat-dome-left-winners-and-losers-study,France 24,"03/11/2026, 07:00 AM, +0000 UTC",heat,2026-05-16T10:54:03.691599+00:00,,,,False,heat_dome,,,,,,2026-05-16T11:07:03.638570+00:00
https://www.deseret.com/environment/2026/03/13/massive-heat-dome-over-the-west/,‘Unprecedented’ heat to reach most of the West starting next week,,https://www.deseret.com/environment/2026/03/13/massive-heat-dome-over-the-west/,Deseret News,"03/13/2026, 07:00 AM, +0000 UTC",heat,2026-05-16T10:54:03.691599+00:00,,,,False,heat_event,,,,,,2026-05-16T11:07:03.638570+00:00
https://www.greenmatters.com/pn/record-breaking-march-heat-dome-to-hit-west-coast-soon-these-cities-will-face-the-worst-of-it,Record-Breaking March ‘Heat Dome’ To Hit West Coast Soon — These Cities Will Face The Worst of It,,https://www.greenmatters.com/pn/record-breaking-march-heat-dome-to-hit-west-coast-soon-these-cities-will-face-the-worst-of-it,Green Matters,"03/13/2026, 07:00 AM, +0000 UTC",heat,2026-05-16T10:54:03.691599+00:00,,,,False,heat_dome,,,,,,2026-05-16T11:07:03.638570+00:00
https://rollingout.com/2026/03/22/heat-dome-rewrites-march-history/,Heat Dome Rewrites March History in 11 States,,https://rollingout.com/2026/03/22/heat-dome-rewrites-march-history/,Rolling Out,"03/22/2026, 07:00 AM, +0000 UTC",heat,2026-05-16T10:54:03.691599+00:00,,,,False,heat_dome,,,,,,2026-05-16T11:07:03.638570+00:00
https://www.theweathernetwork.com/en/news/weather/severe/historic-heat-dome-may-fuel-summer-wildfires-growing-drought,"Historic heat dome may fuel summer wildfires, growing drought",,https://www.theweathernetwork.com/en/news/weather/severe/historic-heat-dome-may-fuel-summer-wildfires-growing-drought,The Weather Network,"03/29/2026, 07:00 AM, +0000 UTC",heat,2026-05-16T10:54:03.691599+00:00,,,,False,heat_dome,,,,,,2026-05-16T11:07:03.638570+00:00
https://www.travelandtourworld.com/news/article/us-heat-dome-explosion-70-million-face-record-breaking-march-scorcher-as-temperatures-smash-100f-barrier/,US Heat Dome Explosion: 70 Million Face Record-Breaking March Scorcher as Temperatures Smash 100°F Barrier,,https://www.travelandtourworld.com/news/article/us-heat-dome-explosion-70-million-face-record-breaking-march-scorcher-as-temperatures-smash-100f-barrier/,Travel And Tour World,"03/19/2026, 07:00 AM, +0000 UTC",heat,2026-05-16T10:54:03.691599+00:00,,,,False,heat_dome,,,,,,2026-05-16T11:07:03.638570+00:00
https://www.independent.co.uk/news/phoenix-hawaii-southwest-arctic-east-b2937692.html,"US weather to go nuts with blizzard, polar vortex, heat dome, atmospheric river all at once",,https://www.independent.co.uk/news/phoenix-hawaii-southwest-arctic-east-b2937692.html,The Independent,"03/13/2026, 07:00 AM, +0000 UTC",heat,2026-05-16T10:54:03.691599+00:00,,,,False,heat_dome,,,,,,2026-05-16T11:07:03.638570+00:00
https://www.statesman.com/weather/article/austin-forecast-texas-weather-heat-dome-records-22092163.php,Austin bakes as heat dome lingers overhead. How hot will it get?,,https://www.statesman.com/weather/article/austin-forecast-texas-weather-heat-dome-records-22092163.php,Austin American-Statesman,"03/24/2026, 07:00 AM, +0000 UTC",heat,2026-05-16T10:54:03.691599+00:00,texas,texas,state,True,heat_dome,,,,31.054487,-97.563461,2026-05-16T11:07:03.638570+00:00
https://www.aol.com/wests-record-shattering-heat-wave-160746066.html,The West's record-shattering heat wave isn't over as heat dome shifts into the Plains,,https://www.aol.com/wests-record-shattering-heat-wave-160746066.html,AOL.com,"03/23/2026, 04:24 AM, +0000 UTC",heat,2026-05-16T10:54:03.691599+00:00,,,,False,heat_dome,,,,,,2026-05-16T11:07:03.638570+00:00
https://www.cjonline.com/story/news/state/2025/12/22/heat-dome-expected-to-obliterate-kansas-christmas-temperature-records-topeka/87873232007/,Topeka expected to see record-breaking temperatures this Christmas,,https://www.cjonline.com/story/news/state/2025/12/22/heat-dome-expected-to-obliterate-kansas-christmas-temperature-records-topeka/87873232007/,The Topeka Capital-Journal,"12/22/2025, 08:00 AM, +0000 UTC",heat,2026-05-16T10:54:03.691599+00:00,,,,False,heat_event,,,,,,2026-05-16T11:07:03.638570+00:00
https://www.accuweather.com/en/weather-news/march-heat-dome-raises-hot-car-danger-shuts-hiking-trails-and-threatens-flower-blooms-across-the-west/1875065,"March heat dome raises hot car danger, shuts hiking trails and threatens flower blooms across the West",,https://www.accuweather.com/en/weather-news/march-heat-dome-raises-hot-car-danger-shuts-hiking-trails-and-threatens-flower-blooms-across-the-west/1875065,AccuWeather,"03/20/2026, 07:00 AM, +0000 UTC",heat,2026-05-16T10:54:03.691599+00:00,,,,False,heat_dome,,,,,,2026-05-16T11:07:03.638570+00:00
https://www.bostonglobe.com/2026/03/24/metro/new-england-weather-heat-wave/,Record-breaking heat is roasting the western half of the country. Will New England be next?,,https://www.bostonglobe.com/2026/03/24/metro/new-england-weather-heat-wave/,The Boston Globe,"03/24/2026, 07:00 AM, +0000 UTC",heat,2026-05-16T10:54:03.691599+00:00,,,,False,heat_event,,,,,,2026-05-16T11:07:03.638570+00:00
https://www.sunherald.com/news/local/article315167447.html,"Record-breaking heat spreads across US, experts say. How hot could MS Coast get?",,https://www.sunherald.com/news/local/article315167447.html,Biloxi Sun Herald,"03/24/2026, 07:00 AM, +0000 UTC",heat,2026-05-16T10:54:03.691599+00:00,,,,False,heat_event,,,,,,2026-05-16T11:07:03.638570+00:00
https://www.cbsnews.com/news/maps-us-heat-advisory-high-temperature-dome-moves-east/,"Maps show U.S. heat advisories, high temperatures as heat dome moves east",,https://www.cbsnews.com/news/maps-us-heat-advisory-high-temperature-dome-moves-east/,CBS News,"07/25/2025, 07:00 AM, +0000 UTC",heat,2026-05-16T10:54:03.691599+00:00,,,,False,heat_dome,,,,,,2026-05-16T11:07:03.638570+00:00
https://news.oregonstate.edu/news/study-paints-detailed-picture-forest-canopy-damage-caused-%E2%80%98heat-dome%E2%80%99,Study paints detailed picture of forest canopy damage caused by ‘heat dome’,,https://news.oregonstate.edu/news/study-paints-detailed-picture-forest-canopy-damage-caused-%E2%80%98heat-dome%E2%80%99,Oregon State University,"11/04/2025, 08:00 AM, +0000 UTC",heat,2026-05-16T10:54:03.691599+00:00,,,,False,heat_dome,,,,,,2026-05-16T11:07:03.638570+00:00
https://yaleclimateconnections.org/2025/08/is-heat-dome-overhyped-why-some-meteorologists-dislike-this-term/,Is ‘heat dome’ overhyped? Why some meteorologists dislike this term,,https://yaleclimateconnections.org/2025/08/is-heat-dome-overhyped-why-some-meteorologists-dislike-this-term/,Yale Climate Connections,"08/01/2025, 07:00 AM, +0000 UTC",heat,2026-05-16T10:54:03.691599+00:00,,,,False,heat_dome,,,,,,2026-05-16T11:07:03.638570+00:00
https://www.scientificamerican.com/article/heat-domes-extreme-heat-and-humidity-triggers-alerts-across-eastern-u-s/,A Massive Heat Dome Is Cooking the Eastern U.S.,,https://www.scientificamerican.com/article/heat-domes-extreme-heat-and-humidity-triggers-alerts-across-eastern-u-s/,Scientific American,"07/23/2025, 07:00 AM, +0000 UTC",heat,2026-05-16T10:54:03.691599+00:00,,,,False,heat_dome,,,,,,2026-05-16T11:07:03.638570+00:00
https://www.foxweather.com/weather-news/heat-dome-southeast,Life-threatening heat dome broils millions across eastern US as records tumble,,https://www.foxweather.com/weather-news/heat-dome-southeast,FOX Weather,"07/29/2025, 07:00 AM, +0000 UTC",heat,2026-05-16T10:54:03.691599+00:00,,,,False,heat_dome,,,,,,2026-05-16T11:07:03.638570+00:00
https://www.nesdis.noaa.gov/news/noaa-satellites-monitor-record-breaking-heat-wave,NOAA Satellites Monitor Record-Breaking Heat Wave,,https://www.nesdis.noaa.gov/news/noaa-satellites-monitor-record-breaking-heat-wave,nesdis.noaa.gov,"06/27/2025, 07:00 AM, +0000 UTC",heat,2026-05-16T10:54:03.691599+00:00,,,,False,heat_dome,,,,,,2026-05-16T11:07:03.638570+00:00
https://grist.org/extreme-heat/the-science-behind-the-heat-dome-a-mosh-pit-of-molecules/,The science behind the heat dome — ‘a mosh pit’ of molecules,,https://grist.org/extreme-heat/the-science-behind-the-heat-dome-a-mosh-pit-of-molecules/,grist.org,"07/22/2025, 07:00 AM, +0000 UTC",heat,2026-05-16T10:54:03.691599+00:00,,,,False,heat_dome,,,,,,2026-05-16T11:07:03.638570+00:00
https://www.scientificamerican.com/article/tampa-breaks-heat-record-as-heat-dome-bakes-eastern-u-s/,Scorching Heat Dome Sends Tampa to 100 Degrees F for the First Time,,https://www.scientificamerican.com/article/tampa-breaks-heat-record-as-heat-dome-bakes-eastern-u-s/,Scientific American,"07/28/2025, 07:00 AM, +0000 UTC",heat,2026-05-16T10:54:03.691599+00:00,,,,False,heat_dome,,,,,,2026-05-16T11:07:03.638570+00:00
https://www.severe-weather.eu/global-weather/heat-dome-heatwave-united-states-canada-sweltering-hot-weather-july-2025-mk/,"Heat Dome returns over east central U.S. next week, expands west and north into Canada through the end of July",,https://www.severe-weather.eu/global-weather/heat-dome-heatwave-united-states-canada-sweltering-hot-weather-july-2025-mk/,Severe Weather Europe,"07/19/2025, 07:00 AM, +0000 UTC",heat,2026-05-16T10:54:03.691599+00:00,,,,False,heat_dome,,,,,,2026-05-16T11:07:03.638570+00:00
https://www.accuweather.com/en/weather-forecasts/building-western-us-heat-dome-may-set-records-cause-wildfires-to-surge/1801605,"Building western US heat dome may set records, cause wildfires to surge",,https://www.accuweather.com/en/weather-forecasts/building-western-us-heat-dome-may-set-records-cause-wildfires-to-surge/1801605,AccuWeather,"08/02/2025, 06:16 PM, +0000 UTC",heat,2026-05-16T10:54:03.691599+00:00,,,,False,heat_dome,,,,,,2026-05-16T11:07:03.638570+00:00
https://www.pbs.org/newshour/nation/eastern-half-of-u-s-bakes-under-heat-dome-with-more-days-of-dangerous-temperatures-ahead,"Eastern half of U.S. bakes under heat dome, with more days of dangerous temperatures ahead",,https://www.pbs.org/newshour/nation/eastern-half-of-u-s-bakes-under-heat-dome-with-more-days-of-dangerous-temperatures-ahead,PBS,"06/22/2025, 07:00 AM, +0000 UTC",heat,2026-05-16T10:54:03.691599+00:00,,,,False,heat_dome,,,,,,2026-05-16T11:07:03.638570+00:00
https://www.usatoday.com/story/news/nation/2025/07/21/heat-dome-extreme-temperatures/85304631007/,Heat dome to push extreme temperatures across much of US this week,,https://www.usatoday.com/story/news/nation/2025/07/21/heat-dome-extreme-temperatures/85304631007/,USA Today,"07/21/2025, 07:00 AM, +0000 UTC",heat,2026-05-16T10:54:03.691599+00:00,,,,False,heat_dome,,,,,,2026-05-16T11:07:03.638570+00:00
https://www.wbur.org/news/2025/08/11/boston-heat-emergency-air-quality-alert,Boston is under its third heat emergency of the summer,,https://www.wbur.org/news/2025/08/11/boston-heat-emergency-air-quality-alert,WBUR,"08/12/2025, 07:00 AM, +0000 UTC",heat,2026-05-16T10:54:03.691599+00:00,,,,False,heat_emergency,,,,,,2026-05-16T11:07:03.638570+00:00
https://watchers.news/2025/06/20/extreme-heat-alerts-central-eastern-usa-heat-dome/,"Extreme heat alerts issued for central, eastern U.S. as heat dome builds June 20 onwards",,https://watchers.news/2025/06/20/extreme-heat-alerts-central-eastern-usa-heat-dome/,The Watchers - Watching the world evolve and transform,"06/20/2025, 07:00 AM, +0000 UTC",heat,2026-05-16T10:54:03.691599+00:00,,,,False,heat_dome,,,,,,2026-05-16T11:07:03.638570+00:00
https://www.foxweather.com/weather-news/heat-dome-ring-fire-storms-weather-pattern-us-forecast,Life-threatening heat dome intensifies as ring of fire storms rumble across central US,,https://www.foxweather.com/weather-news/heat-dome-ring-fire-storms-weather-pattern-us-forecast,FOX Weather,"07/21/2025, 07:00 AM, +0000 UTC",heat,2026-05-16T10:54:03.691599+00:00,,,,False,heat_dome,,,,,,2026-05-16T11:07:03.638570+00:00
https://fortune.com/2025/06/24/heat-dome-historic-wave-settles-over-northeast-like-an-air-fryer-hot/,"Heat dome bringing ‘near historic ’ heat wave settles over Northeast: ‘Like an air fryer, it’s going to be hot’",,https://fortune.com/2025/06/24/heat-dome-historic-wave-settles-over-northeast-like-an-air-fryer-hot/,Fortune,"06/24/2025, 07:00 AM, +0000 UTC",heat,2026-05-16T10:54:03.691599+00:00,,,,False,heat_dome,,,,,,2026-05-16T11:07:03.638570+00:00
https://www.nbcnews.com/science/science-news/heat-dome-causes-opressive-temperatures-explainer-rcna214939,Why do heat domes bring oppressive temperatures?,,https://www.nbcnews.com/science/science-news/heat-dome-causes-opressive-temperatures-explainer-rcna214939,NBC News,"06/26/2025, 07:00 AM, +0000 UTC",heat,2026-05-16T10:54:03.691599+00:00,,,,False,heat_dome,,,,,,2026-05-16T11:07:03.638570+00:00
https://www.yahoo.com/news/articles/triple-digit-heat-dome-set-034500345.html,Triple-digit heat dome set to break records across 10 states as the West braces for 117 degrees,,https://www.yahoo.com/news/articles/triple-digit-heat-dome-set-034500345.html,Yahoo,"05/13/2026, 03:45 AM, +0000 UTC",heat,2026-05-17T10:58:20.099239+00:00,,,,False,heat_dome,,,,,,2026-05-17T11:10:44.592239+00:00
https://www.aspenpublicradio.org/environment/2026-03-16/heat-dome-to-bring-record-breaking-temperatures-across-the-west,Heat dome to bring record-breaking temperatures across the West,,https://www.aspenpublicradio.org/environment/2026-03-16/heat-dome-to-bring-record-breaking-temperatures-across-the-west,Aspen Public Radio,"03/16/2026, 07:00 AM, +0000 UTC",heat,2026-05-17T10:58:20.099239+00:00,,,,False,heat_dome,,,,,,2026-05-17T11:10:44.592239+00:00
https://news.cuanschutz.edu/news-stories/heat-dome-grips-the-west-what-is-it-and-how-can-it-affect-health,"Heat Dome Grips the West: What Is It, and How Can It Affect Health?",,https://news.cuanschutz.edu/news-stories/heat-dome-grips-the-west-what-is-it-and-how-can-it-affect-health,CU Anschutz newsroom,"03/18/2026, 07:00 AM, +0000 UTC",heat,2026-05-17T10:58:20.099239+00:00,,,,False,heat_dome,,,,,,2026-05-17T11:10:44.592239+00:00
https://www.nytimes.com/article/what-is-heat-dome.html,A Short Guide to Understanding Heat Domes,,https://www.nytimes.com/article/what-is-heat-dome.html,The New York Times,"03/13/2026, 07:00 AM, +0000 UTC",heat,2026-05-17T10:58:20.099239+00:00,,,,False,heat_dome,,,,,,2026-05-17T11:10:44.592239+00:00
https://www.climatecentral.org/climate-shift-index-alert/March-record-breaking-western-heatwave,"Record-breaking March heatwave, intensified by climate change, continues to shatter records across the U.S.",,https://www.climatecentral.org/climate-shift-index-alert/March-record-breaking-western-heatwave,Climate Central,"03/24/2026, 06:48 PM, +0000 UTC",heat,2026-05-17T10:58:20.099239+00:00,,,,False,heat_event,,,,,,2026-05-17T11:10:44.592239+00:00
https://www.cbc.ca/news/climate/record-heat-dome-9.7139906,Record-breaking heat dome spreads across U.S.,,https://www.cbc.ca/news/climate/record-heat-dome-9.7139906,CBC,"03/24/2026, 07:00 AM, +0000 UTC",heat,2026-05-17T10:58:20.099239+00:00,,,,False,heat_dome,,,,,,2026-05-17T11:10:44.592239+00:00
https://www.pbs.org/newshour/science/basically-the-entire-u-s-is-going-to-be-hot-as-record-smashing-heat-spreads,'Basically the entire U.S. is going to be hot' as record-smashing heat spreads,,https://www.pbs.org/newshour/science/basically-the-entire-u-s-is-going-to-be-hot-as-record-smashing-heat-spreads,PBS,"03/24/2026, 07:00 AM, +0000 UTC",heat,2026-05-17T10:58:20.099239+00:00,,,,False,heat_event,,,,,,2026-05-17T11:10:44.592239+00:00
https://www.nbcnews.com/weather/heat/western-heat-wave-ends-records-duration-intensity-rcna265514,"As Western heat wave ends, scientists try to make sense of its length and intensity",,https://www.nbcnews.com/weather/heat/western-heat-wave-ends-records-duration-intensity-rcna265514,NBC News,"03/28/2026, 07:00 AM, +0000 UTC",heat,2026-05-17T10:58:20.099239+00:00,,,,False,heat_dome,,,,,,2026-05-17T11:10:44.592239+00:00
https://www.smdp.com/us-forecasts-blizzard-polar-vortex-heat-dome-and-atmospheric-river-all-at-once/,"US forecasts blizzard, polar vortex, heat dome and atmospheric river all at once",,https://www.smdp.com/us-forecasts-blizzard-polar-vortex-heat-dome-and-atmospheric-river-all-at-once/,Santa Monica Daily Press,"03/13/2026, 07:00 AM, +0000 UTC",heat,2026-05-17T10:58:20.099239+00:00,,,,False,heat_dome,,,,,,2026-05-17T11:10:44.592239+00:00
https://www.cnet.com/home/energy-and-utilities/historic-heat-dome-creeping-across-us-how-prepare/,A Historic Heat Dome Is Creeping Across the US. Here's How to Prepare,,https://www.cnet.com/home/energy-and-utilities/historic-heat-dome-creeping-across-us-how-prepare/,CNET,"03/24/2026, 07:00 AM, +0000 UTC",heat,2026-05-17T10:58:20.099239+00:00,,,,False,heat_dome,,,,,,2026-05-17T11:10:44.592239+00:00
https://www.nytimes.com/2026/03/14/weather/west-coast-heat-wave-la-phoenix.html,5 Things to Know About the Unusual March Heat Wave in the West,,https://www.nytimes.com/2026/03/14/weather/west-coast-heat-wave-la-phoenix.html,The New York Times,"03/14/2026, 07:00 AM, +0000 UTC",heat,2026-05-17T10:58:20.099239+00:00,,,,False,heat_dome,,,,,,2026-05-17T11:10:44.592239+00:00
https://www.newsweek.com/heat-dome-map-shows-states-set-for-hottest-spring-temperatures-11733473,Heat Dome Map Shows States Set For Hottest Spring Temperatures,,https://www.newsweek.com/heat-dome-map-shows-states-set-for-hottest-spring-temperatures-11733473,Newsweek,"03/25/2026, 07:00 AM, +0000 UTC",heat,2026-05-17T10:58:20.099239+00:00,,,,False,heat_dome,,,,,,2026-05-17T11:10:44.592239+00:00
https://www.yahoo.com/news/articles/april-weather-forecast-predicts-major-100310579.html,April weather forecast predicts 'major change' as heat dome moves,,https://www.yahoo.com/news/articles/april-weather-forecast-predicts-major-100310579.html,Yahoo,"03/28/2026, 07:00 AM, +0000 UTC",heat,2026-05-17T10:58:20.099239+00:00,,,,False,heat_dome,,,,,,2026-05-17T11:10:44.592239+00:00
https://www.theatlantic.com/science/2026/03/west-heat-wave/686457/,There’s No Way the American West Will Have a Normal Summer,,https://www.theatlantic.com/science/2026/03/west-heat-wave/686457/,The Atlantic,"03/19/2026, 07:00 AM, +0000 UTC",heat,2026-05-17T10:58:20.099239+00:00,,,,False,heat_event,,,,,,2026-05-17T11:10:44.592239+00:00
https://www.euronews.com/2026/03/20/pushing-extremes-to-new-levels-record-us-heat-dome-made-possible-by-climate-change,'Climate change in real time': US hit by record-shattering heatwave,,https://www.euronews.com/2026/03/20/pushing-extremes-to-new-levels-record-us-heat-dome-made-possible-by-climate-change,Euronews.com,"03/20/2026, 07:00 AM, +0000 UTC",heat,2026-05-17T10:58:20.099239+00:00,,,,False,heat_event,,,,,,2026-05-17T11:10:44.592239+00:00
https://www.thecooldown.com/outdoors/record-heat-wave-us-19-states/,Meteorologist issues warning as heat dome creeps across country: 'The entire US is going to be hot',,https://www.thecooldown.com/outdoors/record-heat-wave-us-19-states/,The Cool Down,"03/26/2026, 07:00 AM, +0000 UTC",heat,2026-05-17T10:58:20.099239+00:00,,,,False,heat_dome,,,,,,2026-05-17T11:10:44.592239+00:00
https://phys.org/news/2026-03-north-america-dome-left-winners.html,North America 'heat dome' left winners and losers: Study,,https://phys.org/news/2026-03-north-america-dome-left-winners.html,Phys.org,"03/15/2026, 07:00 AM, +0000 UTC",heat,2026-05-17T10:58:20.099239+00:00,,,,False,heat_dome,,,,,,2026-05-17T11:10:44.592239+00:00
https://www.aol.com/spring-2026-forecasts-warn-dreaded-100250712.html,New spring 2026 forecasts warn of the dreaded 'heat dome',,https://www.aol.com/spring-2026-forecasts-warn-dreaded-100250712.html,AOL.com,"03/22/2026, 07:00 AM, +0000 UTC",heat,2026-05-17T10:58:20.099239+00:00,,,,False,heat_dome,,,,,,2026-05-17T11:10:44.592239+00:00
https://www.cnn.com/2026/03/17/weather/heat-wave-west-records-climate-change,"Extraordinary, climate change-fueled heat wave envelops the West with mounting consequences",,https://www.cnn.com/2026/03/17/weather/heat-wave-west-records-climate-change,CNN,"03/17/2026, 07:00 AM, +0000 UTC",heat,2026-05-17T10:58:20.099239+00:00,,,,False,heat_dome,,,,,,2026-05-17T11:10:44.592239+00:00
https://pv-magazine-usa.com/2026/04/03/heat-dome-and-high-pressure-boost-southern-u-s-solar-as-polar-vortex-clouds-the-north/,Heat dome and high pressure boost southern U.S. solar as polar vortex clouds the north,,https://pv-magazine-usa.com/2026/04/03/heat-dome-and-high-pressure-boost-southern-u-s-solar-as-polar-vortex-clouds-the-north/,pv magazine USA,"04/03/2026, 07:00 AM, +0000 UTC",heat,2026-05-17T10:58:20.099239+00:00,,,,False,heat_dome,,,,,,2026-05-17T11:10:44.592239+00:00
https://www.spokesman.com/stories/2026/mar/12/a-record-heat-dome-is-about-to-hit-the-west-in-mar/,A record heat dome is about to hit the West — in March,,https://www.spokesman.com/stories/2026/mar/12/a-record-heat-dome-is-about-to-hit-the-west-in-mar/,The Spokesman-Review,"03/13/2026, 07:00 AM, +0000 UTC",heat,2026-05-17T10:58:20.099239+00:00,,,,False,heat_dome,,,,,,2026-05-17T11:10:44.592239+00:00
https://www.kktv.com/2026/03/17/heat-dome-sliding-what-does-that-mean/,Heat Dome sliding in: What does that mean?,,https://www.kktv.com/2026/03/17/heat-dome-sliding-what-does-that-mean/,KKTV,"03/17/2026, 07:00 AM, +0000 UTC",heat,2026-05-17T10:58:20.099239+00:00,,,,False,heat_dome,,,,,,2026-05-17T11:10:44.592239+00:00
https://www.msn.com/en-us/weather/topstories/historic-heat-dome-to-hit-14-states-with-triple-digit-temperatures/ss-AA1YLA99?ocid=EMMX,Historic heat dome to hit 14 states with triple-digit temperatures,,https://www.msn.com/en-us/weather/topstories/historic-heat-dome-to-hit-14-states-with-triple-digit-temperatures/ss-AA1YLA99?ocid=EMMX,MSN,"03/18/2026, 07:03 PM, +0000 UTC",heat,2026-05-17T10:58:20.099239+00:00,,,,False,heat_dome,,,,,,2026-05-17T11:10:44.592239+00:00
https://news.sky.com/story/us-suffers-hottest-march-day-ever-recorded-as-heat-dome-drives-up-temperatures-13522180,US suffers hottest March day ever recorded as heat dome drives up temperatures,,https://news.sky.com/story/us-suffers-hottest-march-day-ever-recorded-as-heat-dome-drives-up-temperatures-13522180,Sky News,"03/20/2026, 07:00 AM, +0000 UTC",heat,2026-05-17T10:58:20.099239+00:00,,,,False,heat_dome,,,,,,2026-05-17T11:10:44.592239+00:00
https://www.stl.news/historic-heat-dome-expanding-to-envelop-almost-the-entire-united-states/,Historic heat dome expanding to envelop almost the entire United States.,,https://www.stl.news/historic-heat-dome-expanding-to-envelop-almost-the-entire-united-states/,stl.news,"03/24/2026, 07:00 AM, +0000 UTC",heat,2026-05-17T10:58:20.099239+00:00,,,,False,heat_dome,,,,,,2026-05-17T11:10:44.592239+00:00
https://www.foxweather.com/weather-news/noaa-warmest-march-ever-recorded-across-lower-48-historic-western-heat-dome,NOAA: Warmest March ever recorded across Lower 48 driven by historic Western heat dome,,https://www.foxweather.com/weather-news/noaa-warmest-march-ever-recorded-across-lower-48-historic-western-heat-dome,FOX Weather,"04/10/2026, 07:00 AM, +0000 UTC",heat,2026-05-17T10:58:20.099239+00:00,,,,False,heat_dome,,,,,,2026-05-17T11:10:44.592239+00:00
https://www.iheart.com/content/2026-03-13-all-50-us-states-could-face-extreme-weather-including-blizzard-heat-dome/,"All 50 US States Could Face Extreme Weather Including Blizzard, Heat Dome",,https://www.iheart.com/content/2026-03-13-all-50-us-states-could-face-extreme-weather-including-blizzard-heat-dome/,iHeart,"03/13/2026, 07:00 AM, +0000 UTC",heat,2026-05-17T10:58:20.099239+00:00,,,,False,heat_dome,,,,,,2026-05-17T11:10:44.592239+00:00
https://globalnews.ca/news/11729307/us-weather-blizzard-polar-vortex-heat-dome-atmospheric-river/,"A blizzard, polar vortex, heat dome and atmospheric river: U.S. faces weather chaos - National",,https://globalnews.ca/news/11729307/us-weather-blizzard-polar-vortex-heat-dome-atmospheric-river/,Global News,"03/13/2026, 07:00 AM, +0000 UTC",heat,2026-05-17T10:58:20.099239+00:00,,,,False,heat_dome,,,,,,2026-05-17T11:10:44.592239+00:00
https://www.mensjournal.com/news/excessive-heat-warning-issued-as-100-degree-temperatures-record-march-highs-forecast-this-week,"Excessive Heat Warning Issued as 100-Degree Temperatures, Record March Highs Forecast This Week",,https://www.mensjournal.com/news/excessive-heat-warning-issued-as-100-degree-temperatures-record-march-highs-forecast-this-week,Men's Journal,"03/11/2026, 07:00 AM, +0000 UTC",heat,2026-05-17T10:58:20.099239+00:00,,,,False,heat_warning,,,,,,2026-05-17T11:10:44.592239+00:00
https://mavensnotebook.com/2026/03/12/daily-digest-3-12-a-record-heat-dome-is-about-to-hit-the-west-as-signs-of-strong-el-nino-emerge-water-board-to-release-new-rule-to-limit-water-pollution-from-dairies-the-mutibenefit-land-repurposi/,"DAILY DIGEST, 3/12: A record heat dome is about to hit the West as signs of strong El Niño emerge; Water Board to release new rule to limit water pollution from dairies; The Mutibenefit Land Repurposing Program’s 2025 progress report; Pacific Fishery Mana",,https://mavensnotebook.com/2026/03/12/daily-digest-3-12-a-record-heat-dome-is-about-to-hit-the-west-as-signs-of-strong-el-nino-emerge-water-board-to-release-new-rule-to-limit-water-pollution-from-dairies-the-mutibenefit-land-repurposi/,Maven's Notebook,"03/12/2026, 07:00 AM, +0000 UTC",heat,2026-05-17T10:58:20.099239+00:00,,,,False,heat_dome,,,,,,2026-05-17T11:10:44.592239+00:00
https://www.severe-weather.eu/global-weather/christmas-2025-forecast-warmest-on-record-holidays-historic-heat-dome-united-states-mk/,Christmas 2025 Forecast: Warmest Holidays since the 1950s under a Historic Heat Dome,,https://www.severe-weather.eu/global-weather/christmas-2025-forecast-warmest-on-record-holidays-historic-heat-dome-united-states-mk/,Severe Weather Europe,"12/21/2025, 08:00 AM, +0000 UTC",heat,2026-05-17T10:58:20.099239+00:00,,,,False,heat_dome,,,,,,2026-05-17T11:10:44.592239+00:00
https://www.france24.com/en/live-news/20260311-north-america-heat-dome-left-winners-and-losers-study,North America 'heat dome' left winners and losers: study,,https://www.france24.com/en/live-news/20260311-north-america-heat-dome-left-winners-and-losers-study,France 24,"03/11/2026, 07:00 AM, +0000 UTC",heat,2026-05-17T10:58:20.099239+00:00,,,,False,heat_dome,,,,,,2026-05-17T11:10:44.592239+00:00
https://www.deseret.com/environment/2026/03/13/massive-heat-dome-over-the-west/,‘Unprecedented’ heat to reach most of the West starting next week,,https://www.deseret.com/environment/2026/03/13/massive-heat-dome-over-the-west/,Deseret News,"03/13/2026, 07:00 AM, +0000 UTC",heat,2026-05-17T10:58:20.099239+00:00,,,,False,heat_event,,,,,,2026-05-17T11:10:44.592239+00:00
https://www.greenmatters.com/pn/record-breaking-march-heat-dome-to-hit-west-coast-soon-these-cities-will-face-the-worst-of-it,Record-Breaking March ‘Heat Dome’ To Hit West Coast Soon — These Cities Will Face The Worst of It,,https://www.greenmatters.com/pn/record-breaking-march-heat-dome-to-hit-west-coast-soon-these-cities-will-face-the-worst-of-it,Green Matters,"03/13/2026, 07:00 AM, +0000 UTC",heat,2026-05-17T10:58:20.099239+00:00,,,,False,heat_dome,,,,,,2026-05-17T11:10:44.592239+00:00
https://www.yahoo.com/news/articles/march-heat-dome-raises-hot-144912887.html,"March heat dome raises hot car danger, shuts hiking trails and threatens flower blooms across the West",,https://www.yahoo.com/news/articles/march-heat-dome-raises-hot-144912887.html,Yahoo,"03/20/2026, 07:00 AM, +0000 UTC",heat,2026-05-17T10:58:20.099239+00:00,,,,False,heat_dome,,,,,,2026-05-17T11:10:44.592239+00:00
https://rollingout.com/2026/03/22/heat-dome-rewrites-march-history/,Heat Dome Rewrites March History in 11 States,,https://rollingout.com/2026/03/22/heat-dome-rewrites-march-history/,Rolling Out,"03/22/2026, 07:00 AM, +0000 UTC",heat,2026-05-17T10:58:20.099239+00:00,,,,False,heat_dome,,,,,,2026-05-17T11:10:44.592239+00:00
https://www.travelandtourworld.com/news/article/us-heat-dome-explosion-70-million-face-record-breaking-march-scorcher-as-temperatures-smash-100f-barrier/,US Heat Dome Explosion: 70 Million Face Record-Breaking March Scorcher as Temperatures Smash 100°F Barrier,,https://www.travelandtourworld.com/news/article/us-heat-dome-explosion-70-million-face-record-breaking-march-scorcher-as-temperatures-smash-100f-barrier/,Travel And Tour World,"03/19/2026, 07:00 AM, +0000 UTC",heat,2026-05-17T10:58:20.099239+00:00,,,,False,heat_dome,,,,,,2026-05-17T11:10:44.592239+00:00
https://ca.news.yahoo.com/heat-dome-burns-off-mountain-080000873.html,"Heat dome burns off mountain snow in western U.S., flashing warning for fire season",,https://ca.news.yahoo.com/heat-dome-burns-off-mountain-080000873.html,Yahoo News Canada,"03/31/2026, 07:00 AM, +0000 UTC",heat,2026-05-17T10:58:20.099239+00:00,,,,False,heat_dome,,,,,,2026-05-17T11:10:44.592239+00:00
https://www.aol.com/wests-record-shattering-heat-wave-160746066.html,The West's record-shattering heat wave isn't over as heat dome shifts into the Plains,,https://www.aol.com/wests-record-shattering-heat-wave-160746066.html,AOL.com,"03/22/2026, 07:00 AM, +0000 UTC",heat,2026-05-17T10:58:20.099239+00:00,,,,False,heat_dome,,,,,,2026-05-17T11:10:44.592239+00:00
https://www.cjonline.com/story/news/state/2025/12/22/heat-dome-expected-to-obliterate-kansas-christmas-temperature-records-topeka/87873232007/,Topeka expected to see record-breaking temperatures this Christmas,,https://www.cjonline.com/story/news/state/2025/12/22/heat-dome-expected-to-obliterate-kansas-christmas-temperature-records-topeka/87873232007/,The Topeka Capital-Journal,"12/22/2025, 08:00 AM, +0000 UTC",heat,2026-05-17T10:58:20.099239+00:00,,,,False,heat_event,,,,,,2026-05-17T11:10:44.592239+00:00
https://www.sunherald.com/news/local/article315167447.html,"Record-breaking heat spreads across US, experts say. How hot could MS Coast get?",,https://www.sunherald.com/news/local/article315167447.html,Biloxi Sun Herald,"03/24/2026, 07:00 AM, +0000 UTC",heat,2026-05-17T10:58:20.099239+00:00,,,,False,heat_event,,,,,,2026-05-17T11:10:44.592239+00:00
https://www.cbsnews.com/news/maps-us-heat-advisory-high-temperature-dome-moves-east/,"Maps show U.S. heat advisories, high temperatures as heat dome moves east",,https://www.cbsnews.com/news/maps-us-heat-advisory-high-temperature-dome-moves-east/,CBS News,"07/25/2025, 07:00 AM, +0000 UTC",heat,2026-05-17T10:58:20.099239+00:00,,,,False,heat_dome,,,,,,2026-05-17T11:10:44.592239+00:00
https://news.oregonstate.edu/news/study-paints-detailed-picture-forest-canopy-damage-caused-%E2%80%98heat-dome%E2%80%99,Study paints detailed picture of forest canopy damage caused by ‘heat dome’,,https://news.oregonstate.edu/news/study-paints-detailed-picture-forest-canopy-damage-caused-%E2%80%98heat-dome%E2%80%99,Oregon State University,"11/04/2025, 08:00 AM, +0000 UTC",heat,2026-05-17T10:58:20.099239+00:00,,,,False,heat_dome,,,,,,2026-05-17T11:10:44.592239+00:00
https://yaleclimateconnections.org/2025/08/is-heat-dome-overhyped-why-some-meteorologists-dislike-this-term/,Is ‘heat dome’ overhyped? Why some meteorologists dislike this term,,https://yaleclimateconnections.org/2025/08/is-heat-dome-overhyped-why-some-meteorologists-dislike-this-term/,Yale Climate Connections,"08/01/2025, 07:00 AM, +0000 UTC",heat,2026-05-17T10:58:20.099239+00:00,,,,False,heat_dome,,,,,,2026-05-17T11:10:44.592239+00:00
https://www.scientificamerican.com/article/heat-domes-extreme-heat-and-humidity-triggers-alerts-across-eastern-u-s/,A Massive Heat Dome Is Cooking the Eastern U.S.,,https://www.scientificamerican.com/article/heat-domes-extreme-heat-and-humidity-triggers-alerts-across-eastern-u-s/,Scientific American,"07/23/2025, 07:00 AM, +0000 UTC",heat,2026-05-17T10:58:20.099239+00:00,,,,False,heat_dome,,,,,,2026-05-17T11:10:44.592239+00:00
https://www.foxweather.com/weather-news/heat-dome-southeast,Life-threatening heat dome broils millions across eastern US as records tumble,,https://www.foxweather.com/weather-news/heat-dome-southeast,FOX Weather,"07/29/2025, 07:00 AM, +0000 UTC",heat,2026-05-17T10:58:20.099239+00:00,,,,False,heat_dome,,,,,,2026-05-17T11:10:44.592239+00:00
https://www.nesdis.noaa.gov/news/noaa-satellites-monitor-record-breaking-heat-wave,NOAA Satellites Monitor Record-Breaking Heat Wave,,https://www.nesdis.noaa.gov/news/noaa-satellites-monitor-record-breaking-heat-wave,nesdis.noaa.gov,"06/27/2025, 07:00 AM, +0000 UTC",heat,2026-05-17T10:58:20.099239+00:00,,,,False,heat_dome,,,,,,2026-05-17T11:10:44.592239+00:00
https://grist.org/extreme-heat/the-science-behind-the-heat-dome-a-mosh-pit-of-molecules/,The science behind the heat dome — ‘a mosh pit’ of molecules,,https://grist.org/extreme-heat/the-science-behind-the-heat-dome-a-mosh-pit-of-molecules/,grist.org,"07/22/2025, 07:00 AM, +0000 UTC",heat,2026-05-17T10:58:20.099239+00:00,,,,False,heat_dome,,,,,,2026-05-17T11:10:44.592239+00:00
https://www.scientificamerican.com/article/tampa-breaks-heat-record-as-heat-dome-bakes-eastern-u-s/,Scorching Heat Dome Sends Tampa to 100 Degrees F for the First Time,,https://www.scientificamerican.com/article/tampa-breaks-heat-record-as-heat-dome-bakes-eastern-u-s/,Scientific American,"07/28/2025, 07:00 AM, +0000 UTC",heat,2026-05-17T10:58:20.099239+00:00,,,,False,heat_dome,,,,,,2026-05-17T11:10:44.592239+00:00
https://www.severe-weather.eu/global-weather/heat-dome-heatwave-united-states-canada-sweltering-hot-weather-july-2025-mk/,"Heat Dome returns over east central U.S. next week, expands west and north into Canada through the end of July",,https://www.severe-weather.eu/global-weather/heat-dome-heatwave-united-states-canada-sweltering-hot-weather-july-2025-mk/,Severe Weather Europe,"07/19/2025, 07:00 AM, +0000 UTC",heat,2026-05-17T10:58:20.099239+00:00,,,,False,heat_dome,,,,,,2026-05-17T11:10:44.592239+00:00
https://www.accuweather.com/en/weather-forecasts/building-western-us-heat-dome-may-set-records-cause-wildfires-to-surge/1801605,"Building western US heat dome may set records, cause wildfires to surge",,https://www.accuweather.com/en/weather-forecasts/building-western-us-heat-dome-may-set-records-cause-wildfires-to-surge/1801605,AccuWeather,"08/02/2025, 06:16 PM, +0000 UTC",heat,2026-05-17T10:58:20.099239+00:00,,,,False,heat_dome,,,,,,2026-05-17T11:10:44.592239+00:00
https://www.pbs.org/newshour/nation/eastern-half-of-u-s-bakes-under-heat-dome-with-more-days-of-dangerous-temperatures-ahead,"Eastern half of U.S. bakes under heat dome, with more days of dangerous temperatures ahead",,https://www.pbs.org/newshour/nation/eastern-half-of-u-s-bakes-under-heat-dome-with-more-days-of-dangerous-temperatures-ahead,PBS,"06/22/2025, 07:00 AM, +0000 UTC",heat,2026-05-17T10:58:20.099239+00:00,,,,False,heat_dome,,,,,,2026-05-17T11:10:44.592239+00:00
https://time.com/7296973/more-heat-domes-climate-change/,Is Climate Change Making Heat Domes More Likely?,,https://time.com/7296973/more-heat-domes-climate-change/,Time Magazine,"06/23/2025, 07:00 AM, +0000 UTC",heat,2026-05-17T10:58:20.099239+00:00,,,,False,heat_dome,,,,,,2026-05-17T11:10:44.592239+00:00
https://www.usatoday.com/story/news/nation/2025/07/21/heat-dome-extreme-temperatures/85304631007/,Heat dome to push extreme temperatures across much of US this week,,https://www.usatoday.com/story/news/nation/2025/07/21/heat-dome-extreme-temperatures/85304631007/,USA Today,"07/21/2025, 07:00 AM, +0000 UTC",heat,2026-05-17T10:58:20.099239+00:00,,,,False,heat_dome,,,,,,2026-05-17T11:10:44.592239+00:00
https://www.wbur.org/news/2025/08/11/boston-heat-emergency-air-quality-alert,Boston is under its third heat emergency of the summer,,https://www.wbur.org/news/2025/08/11/boston-heat-emergency-air-quality-alert,WBUR,"08/12/2025, 07:00 AM, +0000 UTC",heat,2026-05-17T10:58:20.099239+00:00,,,,False,heat_emergency,,,,,,2026-05-17T11:10:44.592239+00:00
https://watchers.news/2025/06/20/extreme-heat-alerts-central-eastern-usa-heat-dome/,"Extreme heat alerts issued for central, eastern U.S. as heat dome builds June 20 onwards",,https://watchers.news/2025/06/20/extreme-heat-alerts-central-eastern-usa-heat-dome/,The Watchers - Watching the world evolve and transform,"06/20/2025, 07:00 AM, +0000 UTC",heat,2026-05-17T10:58:20.099239+00:00,,,,False,heat_dome,,,,,,2026-05-17T11:10:44.592239+00:00
https://www.foxweather.com/weather-news/heat-dome-ring-fire-storms-weather-pattern-us-forecast,Life-threatening heat dome intensifies as ring of fire storms rumble across central US,,https://www.foxweather.com/weather-news/heat-dome-ring-fire-storms-weather-pattern-us-forecast,FOX Weather,"07/21/2025, 07:00 AM, +0000 UTC",heat,2026-05-17T10:58:20.099239+00:00,,,,False,heat_dome,,,,,,2026-05-17T11:10:44.592239+00:00
https://www.nbcnews.com/science/science-news/heat-dome-causes-opressive-temperatures-explainer-rcna214939,Why do heat domes bring oppressive temperatures?,,https://www.nbcnews.com/science/science-news/heat-dome-causes-opressive-temperatures-explainer-rcna214939,NBC News,"06/26/2025, 07:00 AM, +0000 UTC",heat,2026-05-17T10:58:20.099239+00:00,,,,False,heat_dome,,,,,,2026-05-17T11:10:44.592239+00:00
https://www.foxweather.com/weather-news/heat-dome-temperature-records-south-central-east,Severe storms rumble through Northeast heat dome with reports of damaging winds,,https://www.foxweather.com/weather-news/heat-dome-temperature-records-south-central-east,FOX Weather,"07/25/2025, 07:00 AM, +0000 UTC",heat,2026-05-17T10:58:20.099239+00:00,,,,False,heat_dome,,,,,,2026-05-17T11:10:44.592239+00:00
https://www.axios.com/2025/07/22/heat-wave-dome-corn-sweat-forecast,"A heat dome and ""corn sweat"" are driving this week's dangerous heat wave",,https://www.axios.com/2025/07/22/heat-wave-dome-corn-sweat-forecast,Axios,"07/22/2025, 07:00 AM, +0000 UTC",heat,2026-05-17T10:58:20.099239+00:00,,,,False,heat_dome,,,,,,2026-05-17T11:10:44.592239+00:00
https://www.usatoday.com/story/news/nation/2025/07/22/heat-dome-weather-hot-temperatures/85319399007/,"Heat dome is scorching the South, moving toward the East: What you can expect",,https://www.usatoday.com/story/news/nation/2025/07/22/heat-dome-weather-hot-temperatures/85319399007/,USA Today,"07/22/2025, 07:00 AM, +0000 UTC",heat,2026-05-17T10:58:20.099239+00:00,,,,False,heat_dome,,,,,,2026-05-17T11:10:44.592239+00:00
https://www.theguardian.com/us-news/2025/jun/20/heat-dome-warning-central-eastern-us,Millions of people across central and eastern US under ‘heat dome’ warning,,https://www.theguardian.com/us-news/2025/jun/20/heat-dome-warning-central-eastern-us,The Guardian,"06/20/2025, 07:00 AM, +0000 UTC",heat,2026-05-17T10:58:20.099239+00:00,,,,False,heat_dome,,,,,,2026-05-17T11:10:44.592239+00:00
https://www.accuweather.com/en/weather-forecasts/100-degree-heat-dome-to-set-up-shop-over-southern-us/1796367,100-degree heat dome to set up shop over southern US,,https://www.accuweather.com/en/weather-forecasts/100-degree-heat-dome-to-set-up-shop-over-southern-us/1796367,AccuWeather,"07/18/2025, 05:22 PM, +0000 UTC",heat,2026-05-17T10:58:20.099239+00:00,,,,False,heat_dome,,,,,,2026-05-17T11:10:44.592239+00:00
https://watchers.news/2025/06/23/record-breaking-heat-grips-central-eastern-usa-heat-dome-intensifies/,Record-breaking heat grips central and eastern U.S. as heat dome intensifies,,https://watchers.news/2025/06/23/record-breaking-heat-grips-central-eastern-usa-heat-dome-intensifies/,The Watchers - Watching the world evolve and transform,"06/23/2025, 07:00 AM, +0000 UTC",heat,2026-05-17T10:58:20.099239+00:00,,,,False,heat_dome,,,,,,2026-05-17T11:10:44.592239+00:00
https://www.foxweather.com/weather-news/heat-wave-dome-northeast-mid-atlantic-new-england-summer-2025,Century-old temperature records tumble as heat dome bakes millions in Northeast,,https://www.foxweather.com/weather-news/heat-wave-dome-northeast-mid-atlantic-new-england-summer-2025,FOX Weather,"06/23/2025, 07:00 AM, +0000 UTC",heat,2026-05-17T10:58:20.099239+00:00,,,,False,heat_dome,,,,,,2026-05-17T11:10:44.592239+00:00
https://www.severe-weather.eu/global-weather/heat-dome-intense-heatwave-summer-2025-united-states-mk/,"Heat Dome develops over the U.S. by the weekend, intensifying a heatwave into the next week",,https://www.severe-weather.eu/global-weather/heat-dome-intense-heatwave-summer-2025-united-states-mk/,Severe Weather Europe,"06/19/2025, 07:00 AM, +0000 UTC",heat,2026-05-17T10:58:20.099239+00:00,,,,False,heat_dome,,,,,,2026-05-17T11:10:44.592239+00:00
https://www.yahoo.com/news/articles/triple-digit-heat-dome-set-034500345.html,Triple-digit heat dome set to break records across 10 states as the West braces for 117 degrees,,https://www.yahoo.com/news/articles/triple-digit-heat-dome-set-034500345.html,Yahoo,"05/13/2026, 03:45 AM, +0000 UTC",heat,2026-05-18T12:59:57.924593+00:00,,,,False,heat_dome,,,,,,2026-05-18T13:12:03.069077+00:00
https://www.aspenpublicradio.org/environment/2026-03-16/heat-dome-to-bring-record-breaking-temperatures-across-the-west,Heat dome to bring record-breaking temperatures across the West,,https://www.aspenpublicradio.org/environment/2026-03-16/heat-dome-to-bring-record-breaking-temperatures-across-the-west,Aspen Public Radio,"03/16/2026, 07:00 AM, +0000 UTC",heat,2026-05-18T12:59:57.924593+00:00,,,,False,heat_dome,,,,,,2026-05-18T13:12:03.069077+00:00
https://news.cuanschutz.edu/news-stories/heat-dome-grips-the-west-what-is-it-and-how-can-it-affect-health,"Heat Dome Grips the West: What Is It, and How Can It Affect Health?",,https://news.cuanschutz.edu/news-stories/heat-dome-grips-the-west-what-is-it-and-how-can-it-affect-health,CU Anschutz newsroom,"03/18/2026, 07:00 AM, +0000 UTC",heat,2026-05-18T12:59:57.924593+00:00,,,,False,heat_dome,,,,,,2026-05-18T13:12:03.069077+00:00
https://www.cbc.ca/news/climate/record-heat-dome-9.7139906,Record-breaking heat dome spreads across U.S.,,https://www.cbc.ca/news/climate/record-heat-dome-9.7139906,CBC,"03/24/2026, 07:00 AM, +0000 UTC",heat,2026-05-18T12:59:57.924593+00:00,,,,False,heat_dome,,,,,,2026-05-18T13:12:03.069077+00:00
https://www.pbs.org/newshour/science/basically-the-entire-u-s-is-going-to-be-hot-as-record-smashing-heat-spreads,'Basically the entire U.S. is going to be hot' as record-smashing heat spreads,,https://www.pbs.org/newshour/science/basically-the-entire-u-s-is-going-to-be-hot-as-record-smashing-heat-spreads,PBS,"03/24/2026, 07:00 AM, +0000 UTC",heat,2026-05-18T12:59:57.924593+00:00,,,,False,heat_event,,,,,,2026-05-18T13:12:03.069077+00:00
https://www.nbcnews.com/weather/heat/western-heat-wave-ends-records-duration-intensity-rcna265514,"As Western heat wave ends, scientists try to make sense of its length and intensity",,https://www.nbcnews.com/weather/heat/western-heat-wave-ends-records-duration-intensity-rcna265514,NBC News,"03/28/2026, 07:00 AM, +0000 UTC",heat,2026-05-18T12:59:57.924593+00:00,,,,False,heat_dome,,,,,,2026-05-18T13:12:03.069077+00:00
https://www.smdp.com/us-forecasts-blizzard-polar-vortex-heat-dome-and-atmospheric-river-all-at-once/,"US forecasts blizzard, polar vortex, heat dome and atmospheric river all at once",,https://www.smdp.com/us-forecasts-blizzard-polar-vortex-heat-dome-and-atmospheric-river-all-at-once/,Santa Monica Daily Press,"03/13/2026, 07:00 AM, +0000 UTC",heat,2026-05-18T12:59:57.924593+00:00,,,,False,heat_dome,,,,,,2026-05-18T13:12:03.069077+00:00
https://www.cnet.com/home/energy-and-utilities/historic-heat-dome-creeping-across-us-how-prepare/,A Historic Heat Dome Is Creeping Across the US. Here's How to Prepare,,https://www.cnet.com/home/energy-and-utilities/historic-heat-dome-creeping-across-us-how-prepare/,CNET,"03/24/2026, 07:00 AM, +0000 UTC",heat,2026-05-18T12:59:57.924593+00:00,,,,False,heat_dome,,,,,,2026-05-18T13:12:03.069077+00:00
https://www.nbcnews.com/weather/heat/blistering-heat-wave-across-western-us-rcna264506,The West's record-shattering heat wave isn't over as heat dome shifts into the Plains,,https://www.nbcnews.com/weather/heat/blistering-heat-wave-across-western-us-rcna264506,NBC News,"03/22/2026, 07:00 AM, +0000 UTC",heat,2026-05-18T12:59:57.924593+00:00,,,,False,heat_dome,,,,,,2026-05-18T13:12:03.069077+00:00
https://www.newsweek.com/heat-dome-map-shows-states-set-for-hottest-spring-temperatures-11733473,Heat Dome Map Shows States Set For Hottest Spring Temperatures,,https://www.newsweek.com/heat-dome-map-shows-states-set-for-hottest-spring-temperatures-11733473,Newsweek,"03/25/2026, 07:00 AM, +0000 UTC",heat,2026-05-18T12:59:57.924593+00:00,,,,False,heat_dome,,,,,,2026-05-18T13:12:03.069077+00:00
https://www.yahoo.com/news/articles/april-weather-forecast-predicts-major-100310579.html,April weather forecast predicts 'major change' as heat dome moves,,https://www.yahoo.com/news/articles/april-weather-forecast-predicts-major-100310579.html,Yahoo,"03/28/2026, 07:00 AM, +0000 UTC",heat,2026-05-18T12:59:57.924593+00:00,,,,False,heat_dome,,,,,,2026-05-18T13:12:03.069077+00:00
https://www.theatlantic.com/science/2026/03/west-heat-wave/686457/,There’s No Way the American West Will Have a Normal Summer,,https://www.theatlantic.com/science/2026/03/west-heat-wave/686457/,The Atlantic,"03/19/2026, 07:00 AM, +0000 UTC",heat,2026-05-18T12:59:57.924593+00:00,,,,False,heat_event,,,,,,2026-05-18T13:12:03.069077+00:00
https://www.euronews.com/2026/03/20/pushing-extremes-to-new-levels-record-us-heat-dome-made-possible-by-climate-change,'Climate change in real time': US hit by record-shattering heatwave,,https://www.euronews.com/2026/03/20/pushing-extremes-to-new-levels-record-us-heat-dome-made-possible-by-climate-change,Euronews,"03/20/2026, 07:00 AM, +0000 UTC",heat,2026-05-18T12:59:57.924593+00:00,,,,False,heat_event,,,,,,2026-05-18T13:12:03.069077+00:00
https://www.newsweek.com/us-weather-prediction-spring-2026-heat-dome-11717091,US Weather Prediction for Spring 2026 Warns of ‘Heat Dome’,,https://www.newsweek.com/us-weather-prediction-spring-2026-heat-dome-11717091,Newsweek,"03/22/2026, 07:00 AM, +0000 UTC",heat,2026-05-18T12:59:57.924593+00:00,,,,False,heat_dome,,,,,,2026-05-18T13:12:03.069077+00:00
https://www.aol.com/spring-2026-forecasts-warn-dreaded-100250712.html,New spring 2026 forecasts warn of the dreaded 'heat dome',,https://www.aol.com/spring-2026-forecasts-warn-dreaded-100250712.html,AOL.com,"03/22/2026, 07:00 AM, +0000 UTC",heat,2026-05-18T12:59:57.924593+00:00,,,,False,heat_dome,,,,,,2026-05-18T13:12:03.069077+00:00
https://phys.org/news/2026-03-north-america-dome-left-winners.html,North America 'heat dome' left winners and losers: Study,,https://phys.org/news/2026-03-north-america-dome-left-winners.html,Phys.org,"03/15/2026, 07:00 AM, +0000 UTC",heat,2026-05-18T12:59:57.924593+00:00,,,,False,heat_dome,,,,,,2026-05-18T13:12:03.069077+00:00
https://wpde.com/weather/abc-15-weather-authority-blog/hail-ice-stones-from-the-sky,The heat dome in the west,,https://wpde.com/weather/abc-15-weather-authority-blog/hail-ice-stones-from-the-sky,WPDE,"03/23/2026, 07:00 AM, +0000 UTC",heat,2026-05-18T12:59:57.924593+00:00,,,,False,heat_dome,,,,,,2026-05-18T13:12:03.069077+00:00
https://pv-magazine-usa.com/2026/04/03/heat-dome-and-high-pressure-boost-southern-u-s-solar-as-polar-vortex-clouds-the-north/,Heat dome and high pressure boost southern U.S. solar as polar vortex clouds the north,,https://pv-magazine-usa.com/2026/04/03/heat-dome-and-high-pressure-boost-southern-u-s-solar-as-polar-vortex-clouds-the-north/,pv magazine USA,"04/03/2026, 07:00 AM, +0000 UTC",heat,2026-05-18T12:59:57.924593+00:00,,,,False,heat_dome,,,,,,2026-05-18T13:12:03.069077+00:00
https://www.yahoo.com/news/articles/meteorologist-issues-warning-heat-dome-040000429.html,Meteorologist issues warning as heat dome creeps across country: 'The entire US is going to be hot',,https://www.yahoo.com/news/articles/meteorologist-issues-warning-heat-dome-040000429.html,Yahoo,"03/25/2026, 07:00 AM, +0000 UTC",heat,2026-05-18T12:59:57.924593+00:00,,,,False,heat_dome,,,,,,2026-05-18T13:12:03.069077+00:00
https://www.spokesman.com/stories/2026/mar/12/a-record-heat-dome-is-about-to-hit-the-west-in-mar/,A record heat dome is about to hit the West — in March,,https://www.spokesman.com/stories/2026/mar/12/a-record-heat-dome-is-about-to-hit-the-west-in-mar/,The Spokesman-Review,"03/13/2026, 07:00 AM, +0000 UTC",heat,2026-05-18T12:59:57.924593+00:00,,,,False,heat_dome,,,,,,2026-05-18T13:12:03.069077+00:00
https://www.kktv.com/2026/03/17/heat-dome-sliding-what-does-that-mean/,Heat Dome sliding in: What does that mean?,,https://www.kktv.com/2026/03/17/heat-dome-sliding-what-does-that-mean/,KKTV,"03/17/2026, 07:00 AM, +0000 UTC",heat,2026-05-18T12:59:57.924593+00:00,,,,False,heat_dome,,,,,,2026-05-18T13:12:03.069077+00:00
https://news.sky.com/story/us-suffers-hottest-march-day-ever-recorded-as-heat-dome-drives-up-temperatures-13522180,US suffers hottest March day ever recorded as heat dome drives up temperatures,,https://news.sky.com/story/us-suffers-hottest-march-day-ever-recorded-as-heat-dome-drives-up-temperatures-13522180,Sky News,"03/20/2026, 07:00 AM, +0000 UTC",heat,2026-05-18T12:59:57.924593+00:00,,,,False,heat_dome,,,,,,2026-05-18T13:12:03.069077+00:00
https://www.stl.news/historic-heat-dome-expanding-to-envelop-almost-the-entire-united-states/,Historic heat dome expanding to envelop almost the entire United States.,,https://www.stl.news/historic-heat-dome-expanding-to-envelop-almost-the-entire-united-states/,stl.news,"03/24/2026, 07:00 AM, +0000 UTC",heat,2026-05-18T12:59:57.924593+00:00,,,,False,heat_dome,,,,,,2026-05-18T13:12:03.069077+00:00
https://country.iheart.com/content/2026-03-13-all-50-us-states-could-face-extreme-weather-including-blizzard-heat-dome/,"All 50 US States Could Face Extreme Weather Including Blizzard, Heat Dome",,https://country.iheart.com/content/2026-03-13-all-50-us-states-could-face-extreme-weather-including-blizzard-heat-dome/,iHeart,"03/13/2026, 07:00 AM, +0000 UTC",heat,2026-05-18T12:59:57.924593+00:00,,,,False,heat_dome,,,,,,2026-05-18T13:12:03.069077+00:00
https://www.mensjournal.com/news/excessive-heat-warning-issued-as-100-degree-temperatures-record-march-highs-forecast-this-week,"Excessive Heat Warning Issued as 100-Degree Temperatures, Record March Highs Forecast This Week",,https://www.mensjournal.com/news/excessive-heat-warning-issued-as-100-degree-temperatures-record-march-highs-forecast-this-week,Men's Journal,"03/11/2026, 07:00 AM, +0000 UTC",heat,2026-05-18T12:59:57.924593+00:00,,,,False,heat_warning,,,,,,2026-05-18T13:12:03.069077+00:00
https://globalnews.ca/news/11729307/us-weather-blizzard-polar-vortex-heat-dome-atmospheric-river/,"A blizzard, polar vortex, heat dome and atmospheric river: U.S. faces weather chaos - National",,https://globalnews.ca/news/11729307/us-weather-blizzard-polar-vortex-heat-dome-atmospheric-river/,Global News,"03/13/2026, 07:00 AM, +0000 UTC",heat,2026-05-18T12:59:57.924593+00:00,,,,False,heat_dome,,,,,,2026-05-18T13:12:03.069077+00:00
https://mavensnotebook.com/2026/03/12/daily-digest-3-12-a-record-heat-dome-is-about-to-hit-the-west-as-signs-of-strong-el-nino-emerge-water-board-to-release-new-rule-to-limit-water-pollution-from-dairies-the-mutibenefit-land-repurposi/,"DAILY DIGEST, 3/12: A record heat dome is about to hit the West as signs of strong El Niño emerge; Water Board to release new rule to limit water pollution from dairies; The Mutibenefit Land Repurposing Program’s 2025 progress report; Pacific Fishery Mana",,https://mavensnotebook.com/2026/03/12/daily-digest-3-12-a-record-heat-dome-is-about-to-hit-the-west-as-signs-of-strong-el-nino-emerge-water-board-to-release-new-rule-to-limit-water-pollution-from-dairies-the-mutibenefit-land-repurposi/,Maven's Notebook,"03/12/2026, 07:00 AM, +0000 UTC",heat,2026-05-18T12:59:57.924593+00:00,,,,False,heat_dome,,,,,,2026-05-18T13:12:03.069077+00:00
https://www.severe-weather.eu/global-weather/christmas-2025-forecast-warmest-on-record-holidays-historic-heat-dome-united-states-mk/,Christmas 2025 Forecast: Warmest Holidays since the 1950s under a Historic Heat Dome,,https://www.severe-weather.eu/global-weather/christmas-2025-forecast-warmest-on-record-holidays-historic-heat-dome-united-states-mk/,Severe Weather Europe,"12/21/2025, 08:00 AM, +0000 UTC",heat,2026-05-18T12:59:57.924593+00:00,,,,False,heat_dome,,,,,,2026-05-18T13:12:03.069077+00:00
https://www.france24.com/en/live-news/20260311-north-america-heat-dome-left-winners-and-losers-study,North America 'heat dome' left winners and losers: study,,https://www.france24.com/en/live-news/20260311-north-america-heat-dome-left-winners-and-losers-study,France 24,"03/11/2026, 07:00 AM, +0000 UTC",heat,2026-05-18T12:59:57.924593+00:00,,,,False,heat_dome,,,,,,2026-05-18T13:12:03.069077+00:00
https://www.deseret.com/environment/2026/03/13/massive-heat-dome-over-the-west/,‘Unprecedented’ heat to reach most of the West starting next week,,https://www.deseret.com/environment/2026/03/13/massive-heat-dome-over-the-west/,Deseret News,"03/13/2026, 07:00 AM, +0000 UTC",heat,2026-05-18T12:59:57.924593+00:00,,,,False,heat_event,,,,,,2026-05-18T13:12:03.069077+00:00
https://www.greenmatters.com/pn/record-breaking-march-heat-dome-to-hit-west-coast-soon-these-cities-will-face-the-worst-of-it,Record-Breaking March ‘Heat Dome’ To Hit West Coast Soon — These Cities Will Face The Worst of It,,https://www.greenmatters.com/pn/record-breaking-march-heat-dome-to-hit-west-coast-soon-these-cities-will-face-the-worst-of-it,Green Matters,"03/13/2026, 07:00 AM, +0000 UTC",heat,2026-05-18T12:59:57.924593+00:00,,,,False,heat_dome,,,,,,2026-05-18T13:12:03.069077+00:00
https://www.travelandtourworld.com/news/article/us-heat-dome-explosion-70-million-face-record-breaking-march-scorcher-as-temperatures-smash-100f-barrier/,US Heat Dome Explosion: 70 Million Face Record-Breaking March Scorcher as Temperatures Smash 100°F Barrier,,https://www.travelandtourworld.com/news/article/us-heat-dome-explosion-70-million-face-record-breaking-march-scorcher-as-temperatures-smash-100f-barrier/,Travel And Tour World,"03/19/2026, 07:00 AM, +0000 UTC",heat,2026-05-18T12:59:57.924593+00:00,,,,False,heat_dome,,,,,,2026-05-18T13:12:03.069077+00:00
https://www.aol.com/wests-record-shattering-heat-wave-160746066.html,The West's record-shattering heat wave isn't over as heat dome shifts into the Plains,,https://www.aol.com/wests-record-shattering-heat-wave-160746066.html,AOL.com,"03/22/2026, 07:00 AM, +0000 UTC",heat,2026-05-18T12:59:57.924593+00:00,,,,False,heat_dome,,,,,,2026-05-18T13:12:03.069077+00:00
https://www.cjonline.com/story/news/state/2025/12/22/heat-dome-expected-to-obliterate-kansas-christmas-temperature-records-topeka/87873232007/,Topeka expected to see record-breaking temperatures this Christmas,,https://www.cjonline.com/story/news/state/2025/12/22/heat-dome-expected-to-obliterate-kansas-christmas-temperature-records-topeka/87873232007/,The Topeka Capital-Journal,"12/22/2025, 08:00 AM, +0000 UTC",heat,2026-05-18T12:59:57.924593+00:00,,,,False,heat_event,,,,,,2026-05-18T13:12:03.069077+00:00
https://science.nasa.gov/earth/earth-observatory/heat-scorches-us-southwest-152914/,Heat Scorches U.S. Southwest,,https://science.nasa.gov/earth/earth-observatory/heat-scorches-us-southwest-152914/,NASA Science (.gov),"12/01/2025, 10:52 PM, +0000 UTC",heat,2026-05-18T12:59:57.924593+00:00,Southwest,Southwest,region,True,heat_event,,,,34.048928,-111.093731,2026-05-18T13:12:03.069077+00:00
https://www.sunherald.com/news/local/article315167447.html,"Record-breaking heat spreads across US, experts say. How hot could MS Coast get?",,https://www.sunherald.com/news/local/article315167447.html,Biloxi Sun Herald,"03/24/2026, 07:00 AM, +0000 UTC",heat,2026-05-18T12:59:57.924593+00:00,,,,False,heat_event,,,,,,2026-05-18T13:12:03.069077+00:00
https://www.cbsnews.com/news/maps-us-heat-advisory-high-temperature-dome-moves-east/,"Maps show U.S. heat advisories, high temperatures as heat dome moves east",,https://www.cbsnews.com/news/maps-us-heat-advisory-high-temperature-dome-moves-east/,CBS News,"07/25/2025, 07:00 AM, +0000 UTC",heat,2026-05-18T12:59:57.924593+00:00,,,,False,heat_dome,,,,,,2026-05-18T13:12:03.069077+00:00
https://www.climatecentral.org/climate-shift-index-alert/central-eastern-us-june-2025,Almost half of the U.S. affected by climate change-driven heat wave,,https://www.climatecentral.org/climate-shift-index-alert/central-eastern-us-june-2025,Climate Central,"06/20/2025, 07:00 AM, +0000 UTC",heat,2026-05-18T12:59:57.924593+00:00,,,,False,heat_dome,,,,,,2026-05-18T13:12:03.069077+00:00
https://www.scientificamerican.com/article/heat-domes-extreme-heat-and-humidity-triggers-alerts-across-eastern-u-s/,A Massive Heat Dome Is Cooking the Eastern U.S.,,https://www.scientificamerican.com/article/heat-domes-extreme-heat-and-humidity-triggers-alerts-across-eastern-u-s/,Scientific American,"07/23/2025, 07:00 AM, +0000 UTC",heat,2026-05-18T12:59:57.924593+00:00,,,,False,heat_dome,,,,,,2026-05-18T13:12:03.069077+00:00
https://www.foxweather.com/weather-news/heat-dome-southeast,Life-threatening heat dome broils millions across eastern US as records tumble,,https://www.foxweather.com/weather-news/heat-dome-southeast,FOX Weather,"07/29/2025, 07:00 AM, +0000 UTC",heat,2026-05-18T12:59:57.924593+00:00,,,,False,heat_dome,,,,,,2026-05-18T13:12:03.069077+00:00
https://www.scientificamerican.com/article/tampa-breaks-heat-record-as-heat-dome-bakes-eastern-u-s/,Scorching Heat Dome Sends Tampa to 100 Degrees F for the First Time,,https://www.scientificamerican.com/article/tampa-breaks-heat-record-as-heat-dome-bakes-eastern-u-s/,Scientific American,"07/28/2025, 07:00 AM, +0000 UTC",heat,2026-05-18T12:59:57.924593+00:00,,,,False,heat_dome,,,,,,2026-05-18T13:12:03.069077+00:00
https://www.severe-weather.eu/global-weather/heat-dome-heatwave-united-states-canada-sweltering-hot-weather-july-2025-mk/,"Heat Dome returns over east central U.S. next week, expands west and north into Canada through the end of July",,https://www.severe-weather.eu/global-weather/heat-dome-heatwave-united-states-canada-sweltering-hot-weather-july-2025-mk/,Severe Weather Europe,"07/19/2025, 07:00 AM, +0000 UTC",heat,2026-05-18T12:59:57.924593+00:00,,,,False,heat_dome,,,,,,2026-05-18T13:12:03.069077+00:00
https://grist.org/extreme-heat/the-science-behind-the-heat-dome-a-mosh-pit-of-molecules/,The science behind the heat dome — ‘a mosh pit’ of molecules,,https://grist.org/extreme-heat/the-science-behind-the-heat-dome-a-mosh-pit-of-molecules/,grist.org,"07/22/2025, 07:00 AM, +0000 UTC",heat,2026-05-18T12:59:57.924593+00:00,,,,False,heat_dome,,,,,,2026-05-18T13:12:03.069077+00:00
https://www.accuweather.com/en/weather-forecasts/building-western-us-heat-dome-may-set-records-cause-wildfires-to-surge/1801605,"Building western US heat dome may set records, cause wildfires to surge",,https://www.accuweather.com/en/weather-forecasts/building-western-us-heat-dome-may-set-records-cause-wildfires-to-surge/1801605,AccuWeather,"08/02/2025, 06:16 PM, +0000 UTC",heat,2026-05-18T12:59:57.924593+00:00,,,,False,heat_dome,,,,,,2026-05-18T13:12:03.069077+00:00
https://www.pbs.org/newshour/nation/eastern-half-of-u-s-bakes-under-heat-dome-with-more-days-of-dangerous-temperatures-ahead,"Eastern half of U.S. bakes under heat dome, with more days of dangerous temperatures ahead",,https://www.pbs.org/newshour/nation/eastern-half-of-u-s-bakes-under-heat-dome-with-more-days-of-dangerous-temperatures-ahead,PBS,"06/22/2025, 07:00 AM, +0000 UTC",heat,2026-05-18T12:59:57.924593+00:00,,,,False,heat_dome,,,,,,2026-05-18T13:12:03.069077+00:00
https://www.cbsnews.com/news/heat-wave-forecast-us-maps-this-week/,When will the heat wave end? Maps show forecast across the U.S.,,https://www.cbsnews.com/news/heat-wave-forecast-us-maps-this-week/,CBS News,"06/26/2025, 07:00 AM, +0000 UTC",heat,2026-05-18T12:59:57.924593+00:00,,,,False,heat_dome,,,,,,2026-05-18T13:12:03.069077+00:00
https://www.accuweather.com/en/weather-news/heat-advisory/1797625,100 million to swelter daily in massive US heat dome,,https://www.accuweather.com/en/weather-news/heat-advisory/1797625,AccuWeather,"07/22/2025, 07:00 AM, +0000 UTC",heat,2026-05-18T12:59:57.924593+00:00,,,,False,heat_dome,,,,,,2026-05-18T13:12:03.069077+00:00
https://www.usatoday.com/story/news/nation/2025/07/21/heat-dome-extreme-temperatures/85304631007/,Heat dome to push extreme temperatures across much of US this week,,https://www.usatoday.com/story/news/nation/2025/07/21/heat-dome-extreme-temperatures/85304631007/,USA Today,"07/21/2025, 07:00 AM, +0000 UTC",heat,2026-05-18T12:59:57.924593+00:00,,,,False,heat_dome,,,,,,2026-05-18T13:12:03.069077+00:00
https://watchers.news/2025/06/20/extreme-heat-alerts-central-eastern-usa-heat-dome/,"Extreme heat alerts issued for central, eastern U.S. as heat dome builds June 20 onwards",,https://watchers.news/2025/06/20/extreme-heat-alerts-central-eastern-usa-heat-dome/,The Watchers - Watching the world evolve and transform,"06/20/2025, 07:00 AM, +0000 UTC",heat,2026-05-18T12:59:57.924593+00:00,,,,False,heat_dome,,,,,,2026-05-18T13:12:03.069077+00:00
https://www.nbcnews.com/science/science-news/heat-dome-causes-opressive-temperatures-explainer-rcna214939,Why do heat domes bring oppressive temperatures?,,https://www.nbcnews.com/science/science-news/heat-dome-causes-opressive-temperatures-explainer-rcna214939,NBC News,"06/26/2025, 07:00 AM, +0000 UTC",heat,2026-05-18T12:59:57.924593+00:00,,,,False,heat_dome,,,,,,2026-05-18T13:12:03.069077+00:00
https://www.foxweather.com/weather-news/heat-dome-temperature-records-south-central-east,Severe storms rumble through Northeast heat dome with reports of damaging winds,,https://www.foxweather.com/weather-news/heat-dome-temperature-records-south-central-east,FOX Weather,"07/25/2025, 07:00 AM, +0000 UTC",heat,2026-05-18T12:59:57.924593+00:00,,,,False,heat_dome,,,,,,2026-05-18T13:12:03.069077+00:00
https://www.foxweather.com/weather-news/heat-dome-ring-fire-storms-weather-pattern-us-forecast,Life-threatening heat dome intensifies as ring of fire storms rumble across central US,,https://www.foxweather.com/weather-news/heat-dome-ring-fire-storms-weather-pattern-us-forecast,FOX Weather,"07/21/2025, 07:00 AM, +0000 UTC",heat,2026-05-18T12:59:57.924593+00:00,,,,False,heat_dome,,,,,,2026-05-18T13:12:03.069077+00:00
https://www.axios.com/2025/07/22/heat-wave-dome-corn-sweat-forecast,"A heat dome and ""corn sweat"" are driving this week's dangerous heat wave",,https://www.axios.com/2025/07/22/heat-wave-dome-corn-sweat-forecast,Axios,"07/22/2025, 07:00 AM, +0000 UTC",heat,2026-05-18T12:59:57.924593+00:00,,,,False,heat_dome,,,,,,2026-05-18T13:12:03.069077+00:00
https://www.usatoday.com/story/news/nation/2025/07/22/heat-dome-weather-hot-temperatures/85319399007/,"Heat dome is scorching the South, moving toward the East: What you can expect",,https://www.usatoday.com/story/news/nation/2025/07/22/heat-dome-weather-hot-temperatures/85319399007/,USA Today,"07/22/2025, 07:00 AM, +0000 UTC",heat,2026-05-18T12:59:57.924593+00:00,,,,False,heat_dome,,,,,,2026-05-18T13:12:03.069077+00:00
https://www.theguardian.com/us-news/2025/jun/20/heat-dome-warning-central-eastern-us,Millions of people across central and eastern US under ‘heat dome’ warning,,https://www.theguardian.com/us-news/2025/jun/20/heat-dome-warning-central-eastern-us,The Guardian,"06/20/2025, 07:00 AM, +0000 UTC",heat,2026-05-18T12:59:57.924593+00:00,,,,False,heat_dome,,,,,,2026-05-18T13:12:03.069077+00:00
https://www.accuweather.com/en/weather-forecasts/100-degree-heat-dome-to-set-up-shop-over-southern-us/1796367,100-degree heat dome to set up shop over southern US,,https://www.accuweather.com/en/weather-forecasts/100-degree-heat-dome-to-set-up-shop-over-southern-us/1796367,AccuWeather,"07/18/2025, 05:22 PM, +0000 UTC",heat,2026-05-18T12:59:57.924593+00:00,,,,False,heat_dome,,,,,,2026-05-18T13:12:03.069077+00:00
https://www.npr.org/2024/06/06/nx-s1-4992288/heat-dome-high-temperatures-western-us,A heat dome can bring dangerously high temperatures. What is it?,,https://www.npr.org/2024/06/06/nx-s1-4992288/heat-dome-high-temperatures-western-us,NPR,"06/06/2024, 07:00 AM, +0000 UTC",heat,2026-05-18T12:59:57.924593+00:00,,,,False,heat_dome,,,,,,2026-05-18T13:12:03.069077+00:00
https://watchers.news/2025/06/23/record-breaking-heat-grips-central-eastern-usa-heat-dome-intensifies/,Record-breaking heat grips central and eastern U.S. as heat dome intensifies,,https://watchers.news/2025/06/23/record-breaking-heat-grips-central-eastern-usa-heat-dome-intensifies/,The Watchers - Watching the world evolve and transform,"06/23/2025, 07:00 AM, +0000 UTC",heat,2026-05-18T12:59:57.924593+00:00,,,,False,heat_dome,,,,,,2026-05-18T13:12:03.069077+00:00
https://www.foxweather.com/weather-news/heat-wave-dome-northeast-mid-atlantic-new-england-summer-2025,Century-old temperature records tumble as heat dome bakes millions in Northeast,,https://www.foxweather.com/weather-news/heat-wave-dome-northeast-mid-atlantic-new-england-summer-2025,FOX Weather,"06/23/2025, 07:00 AM, +0000 UTC",heat,2026-05-18T12:59:57.924593+00:00,,,,False,heat_dome,,,,,,2026-05-18T13:12:03.069077+00:00
https://www.severe-weather.eu/global-weather/heat-dome-intense-heatwave-summer-2025-united-states-mk/,"Heat Dome develops over the U.S. by the weekend, intensifying a heatwave into the next week",,https://www.severe-weather.eu/global-weather/heat-dome-intense-heatwave-summer-2025-united-states-mk/,Severe Weather Europe,"06/19/2025, 07:00 AM, +0000 UTC",heat,2026-05-18T12:59:57.924593+00:00,,,,False,heat_dome,,,,,,2026-05-18T13:12:03.069077+00:00
https://www.cnn.com/2025/06/24/weather/heat-dome-east-coast-climate,Tuesday was the hottest day in over a decade for parts of the East Coast. When will this extreme heat wave end?,,https://www.cnn.com/2025/06/24/weather/heat-dome-east-coast-climate,CNN,"06/24/2025, 07:00 AM, +0000 UTC",heat,2026-05-18T12:59:57.924593+00:00,,,,False,heat_dome,,,,,,2026-05-18T13:12:03.069077+00:00
https://www.foxweather.com/weather-news/heat-dome-northeast-records-june-2025,Heat dome baking much of US set to shatter centuries-old heat records across Northeast,,https://www.foxweather.com/weather-news/heat-dome-northeast-records-june-2025,FOX Weather,"06/20/2025, 07:00 AM, +0000 UTC",heat,2026-05-18T12:59:57.924593+00:00,,,,False,heat_dome,,,,,,2026-05-18T13:12:03.069077+00:00
https://www.bbc.com/news/articles/cqlle2v2dpxo,Heat dome brings dangerous weather to western US,,https://www.bbc.com/news/articles/cqlle2v2dpxo,BBC,"06/04/2024, 07:00 AM, +0000 UTC",heat,2026-05-18T12:59:57.924593+00:00,,,,False,heat_dome,,,,,,2026-05-18T13:12:03.069077+00:00
https://www.nbcnews.com/weather/heat/eastern-half-us-sweltering-dangerous-heat-wave-expected-last-midweek-rcna214385,"Eastern half of U.S. sweltering again, with dangerous heat wave expected to last until midweek",,https://www.nbcnews.com/weather/heat/eastern-half-us-sweltering-dangerous-heat-wave-expected-last-midweek-rcna214385,NBC News,"06/22/2025, 07:00 AM, +0000 UTC",heat,2026-05-18T12:59:57.924593+00:00,,,,False,heat_dome,,,,,,2026-05-18T13:12:03.069077+00:00
https://mynorthwest.com/pacific-northwest-weather/pnw-heat-dome/4102651,PNW reflects on anniversary of historic Heat Dome as summer weather kicks off,,https://mynorthwest.com/pacific-northwest-weather/pnw-heat-dome/4102651,MyNorthwest.com,"06/24/2025, 07:00 AM, +0000 UTC",heat,2026-05-18T12:59:57.924593+00:00,,,,False,heat_dome,,,,,,2026-05-18T13:12:03.069077+00:00
https://www.inquirer.com/weather/philadelphia-weather-heat-dome-forecast-20250728.html,"A heat dome is blanketing Philly, but a break is on the horizon",,https://www.inquirer.com/weather/philadelphia-weather-heat-dome-forecast-20250728.html,Inquirer.com,"07/28/2025, 07:00 AM, +0000 UTC",heat,2026-05-18T12:59:57.924593+00:00,philadelphia,"philadelphia, Pennsylvania",state,True,heat_dome,,,,40.590752,-77.209755,2026-05-18T13:12:03.069077+00:00
https://www.aol.com/wests-record-shattering-heat-wave-160746066.html,The West's record-shattering heat wave isn't over as heat dome shifts into the Plains,,https://www.aol.com/wests-record-shattering-heat-wave-160746066.html,AOL.com,"05/18/2026, 03:21 PM, +0000 UTC",heat,2026-05-19T12:34:10.102898+00:00,,,,False,heat_dome,,,,,,2026-05-19T12:46:51.305839+00:00
https://www.nytimes.com/article/heat-wave-cause.html,What to Know About Heat Waves and Domes,,https://www.nytimes.com/article/heat-wave-cause.html,The New York Times,"04/20/2026, 07:00 AM, +0000 UTC",heat,2026-05-19T12:34:10.102898+00:00,,,,False,heat_dome,,,,,,2026-05-19T12:46:51.305839+00:00
https://www.aspenpublicradio.org/environment/2026-03-16/heat-dome-to-bring-record-breaking-temperatures-across-the-west,Heat dome to bring record-breaking temperatures across the West,,https://www.aspenpublicradio.org/environment/2026-03-16/heat-dome-to-bring-record-breaking-temperatures-across-the-west,Aspen Public Radio,"03/16/2026, 07:00 AM, +0000 UTC",heat,2026-05-19T12:34:10.102898+00:00,,,,False,heat_dome,,,,,,2026-05-19T12:46:51.305839+00:00
https://www.cbc.ca/news/climate/record-heat-dome-9.7139906,Record-breaking heat dome spreads across U.S.,,https://www.cbc.ca/news/climate/record-heat-dome-9.7139906,CBC,"03/24/2026, 07:00 AM, +0000 UTC",heat,2026-05-19T12:34:10.102898+00:00,,,,False,heat_dome,,,,,,2026-05-19T12:46:51.305839+00:00
https://news.cuanschutz.edu/news-stories/heat-dome-grips-the-west-what-is-it-and-how-can-it-affect-health,"Heat Dome Grips the West: What Is It, and How Can It Affect Health?",,https://news.cuanschutz.edu/news-stories/heat-dome-grips-the-west-what-is-it-and-how-can-it-affect-health,University of Colorado Anschutz,"03/18/2026, 07:00 AM, +0000 UTC",heat,2026-05-19T12:34:10.102898+00:00,,,,False,heat_dome,,,,,,2026-05-19T12:46:51.305839+00:00
https://www.yahoo.com/news/articles/triple-digit-heat-dome-set-034500345.html,Triple-digit heat dome set to break records across 10 states as the West braces for 117 degrees,,https://www.yahoo.com/news/articles/triple-digit-heat-dome-set-034500345.html,Yahoo,"05/13/2026, 03:45 AM, +0000 UTC",heat,2026-05-19T12:34:10.102898+00:00,,,,False,heat_dome,,,,,,2026-05-19T12:46:51.305839+00:00
https://www.climatecentral.org/climate-shift-index-alert/March-record-breaking-western-heatwave,"Record-breaking March heatwave, intensified by climate change, continues to shatter records across the U.S.",,https://www.climatecentral.org/climate-shift-index-alert/March-record-breaking-western-heatwave,Climate Central,"03/24/2026, 06:48 PM, +0000 UTC",heat,2026-05-19T12:34:10.102898+00:00,,,,False,heat_event,,,,,,2026-05-19T12:46:51.305839+00:00
https://www.cbsnews.com/news/maps-us-heat-advisory-high-temperature-dome-moves-east/,"Maps show U.S. heat advisories, high temperatures as heat dome moves east",,https://www.cbsnews.com/news/maps-us-heat-advisory-high-temperature-dome-moves-east/,CBS News,"07/25/2025, 07:00 AM, +0000 UTC",heat,2026-05-19T12:34:10.102898+00:00,,,,False,heat_dome,,,,,,2026-05-19T12:46:51.305839+00:00
https://www.smdp.com/us-forecasts-blizzard-polar-vortex-heat-dome-and-atmospheric-river-all-at-once/,"US forecasts blizzard, polar vortex, heat dome and atmospheric river all at once",,https://www.smdp.com/us-forecasts-blizzard-polar-vortex-heat-dome-and-atmospheric-river-all-at-once/,Santa Monica Daily Press,"03/13/2026, 07:00 AM, +0000 UTC",heat,2026-05-19T12:34:10.102898+00:00,,,,False,heat_dome,,,,,,2026-05-19T12:46:51.305839+00:00
https://www.pbs.org/newshour/science/basically-the-entire-u-s-is-going-to-be-hot-as-record-smashing-heat-spreads,'Basically the entire U.S. is going to be hot' as record-smashing heat spreads,,https://www.pbs.org/newshour/science/basically-the-entire-u-s-is-going-to-be-hot-as-record-smashing-heat-spreads,PBS,"03/24/2026, 07:00 AM, +0000 UTC",heat,2026-05-19T12:34:10.102898+00:00,,,,False,heat_event,,,,,,2026-05-19T12:46:51.305839+00:00
https://www.nbcnews.com/weather/heat/western-heat-wave-ends-records-duration-intensity-rcna265514,"As Western heat wave ends, scientists try to make sense of its length and intensity",,https://www.nbcnews.com/weather/heat/western-heat-wave-ends-records-duration-intensity-rcna265514,NBC News,"03/28/2026, 07:00 AM, +0000 UTC",heat,2026-05-19T12:34:10.102898+00:00,,,,False,heat_dome,,,,,,2026-05-19T12:46:51.305839+00:00
https://www.nytimes.com/article/what-is-heat-dome.html,A Short Guide to Understanding Heat Domes,,https://www.nytimes.com/article/what-is-heat-dome.html,The New York Times,"03/13/2026, 07:00 AM, +0000 UTC",heat,2026-05-19T12:34:10.102898+00:00,,,,False,heat_dome,,,,,,2026-05-19T12:46:51.305839+00:00
https://www.cnet.com/home/energy-and-utilities/historic-heat-dome-creeping-across-us-how-prepare/,A Historic Heat Dome Is Creeping Across the US. Here's How to Prepare,,https://www.cnet.com/home/energy-and-utilities/historic-heat-dome-creeping-across-us-how-prepare/,CNET,"03/24/2026, 07:00 AM, +0000 UTC",heat,2026-05-19T12:34:10.102898+00:00,,,,False,heat_dome,,,,,,2026-05-19T12:46:51.305839+00:00
https://www.nytimes.com/2026/03/14/weather/west-coast-heat-wave-la-phoenix.html,5 Things to Know About the Unusual March Heat Wave in the West,,https://www.nytimes.com/2026/03/14/weather/west-coast-heat-wave-la-phoenix.html,The New York Times,"03/14/2026, 07:00 AM, +0000 UTC",heat,2026-05-19T12:34:10.102898+00:00,,,,False,heat_dome,,,,,,2026-05-19T12:46:51.305839+00:00
https://www.theatlantic.com/science/2026/03/west-heat-wave/686457/,There’s No Way the American West Will Have a Normal Summer,,https://www.theatlantic.com/science/2026/03/west-heat-wave/686457/,The Atlantic,"03/19/2026, 07:00 AM, +0000 UTC",heat,2026-05-19T12:34:10.102898+00:00,,,,False,heat_event,,,,,,2026-05-19T12:46:51.305839+00:00
https://www.newsweek.com/us-weather-prediction-spring-2026-heat-dome-11717091,US Weather Prediction for Spring 2026 Warns of ‘Heat Dome’,,https://www.newsweek.com/us-weather-prediction-spring-2026-heat-dome-11717091,Newsweek,"03/22/2026, 07:00 AM, +0000 UTC",heat,2026-05-19T12:34:10.102898+00:00,,,,False,heat_dome,,,,,,2026-05-19T12:46:51.305839+00:00
https://kube933.iheart.com/content/2026-03-13-all-50-us-states-could-face-extreme-weather-including-blizzard-heat-dome/,"All 50 US States Could Face Extreme Weather Including Blizzard, Heat Dome",,https://kube933.iheart.com/content/2026-03-13-all-50-us-states-could-face-extreme-weather-including-blizzard-heat-dome/,KUBE 93.3,"03/13/2026, 07:00 AM, +0000 UTC",heat,2026-05-19T12:34:10.102898+00:00,,,,False,heat_dome,,,,,,2026-05-19T12:46:51.305839+00:00
https://www.euronews.com/2026/03/20/pushing-extremes-to-new-levels-record-us-heat-dome-made-possible-by-climate-change,'Climate change in real time': US hit by record-shattering heatwave,,https://www.euronews.com/2026/03/20/pushing-extremes-to-new-levels-record-us-heat-dome-made-possible-by-climate-change,Euronews.com,"03/20/2026, 07:00 AM, +0000 UTC",heat,2026-05-19T12:34:10.102898+00:00,,,,False,heat_event,,,,,,2026-05-19T12:46:51.305839+00:00
https://www.aol.com/spring-2026-forecasts-warn-dreaded-100250712.html,New spring 2026 forecasts warn of the dreaded 'heat dome',,https://www.aol.com/spring-2026-forecasts-warn-dreaded-100250712.html,AOL.com,"03/22/2026, 07:00 AM, +0000 UTC",heat,2026-05-19T12:34:10.102898+00:00,,,,False,heat_dome,,,,,,2026-05-19T12:46:51.305839+00:00
https://pv-magazine-usa.com/2026/04/03/heat-dome-and-high-pressure-boost-southern-u-s-solar-as-polar-vortex-clouds-the-north/,Heat dome and high pressure boost southern U.S. solar as polar vortex clouds the north,,https://pv-magazine-usa.com/2026/04/03/heat-dome-and-high-pressure-boost-southern-u-s-solar-as-polar-vortex-clouds-the-north/,pv magazine USA,"04/03/2026, 07:00 AM, +0000 UTC",heat,2026-05-19T12:34:10.102898+00:00,,,,False,heat_dome,,,,,,2026-05-19T12:46:51.305839+00:00
https://yaleclimateconnections.org/2025/08/is-heat-dome-overhyped-why-some-meteorologists-dislike-this-term/,Is ‘heat dome’ overhyped? Why some meteorologists dislike this term,,https://yaleclimateconnections.org/2025/08/is-heat-dome-overhyped-why-some-meteorologists-dislike-this-term/,Yale Climate Connections,"08/01/2025, 07:00 AM, +0000 UTC",heat,2026-05-19T12:34:10.102898+00:00,,,,False,heat_dome,,,,,,2026-05-19T12:46:51.305839+00:00
https://www.usatoday.com/story/news/weather/2026/03/28/april-weather-forecast-heat-dome/89347353007/,April weather forecast predicts 'major change' as heat dome moves,,https://www.usatoday.com/story/news/weather/2026/03/28/april-weather-forecast-heat-dome/89347353007/,USA Today,"03/28/2026, 07:00 AM, +0000 UTC",heat,2026-05-19T12:34:10.102898+00:00,,,,False,heat_dome,,,,,,2026-05-19T12:46:51.305839+00:00
https://phys.org/news/2026-03-north-america-dome-left-winners.html,North America 'heat dome' left winners and losers: Study,,https://phys.org/news/2026-03-north-america-dome-left-winners.html,Phys.org,"03/15/2026, 07:00 AM, +0000 UTC",heat,2026-05-19T12:34:10.102898+00:00,,,,False,heat_dome,,,,,,2026-05-19T12:46:51.305839+00:00
https://www.severe-weather.eu/global-weather/christmas-2025-forecast-warmest-on-record-holidays-historic-heat-dome-united-states-mk/,Christmas 2025 Forecast: Warmest Holidays since the 1950s under a Historic Heat Dome,,https://www.severe-weather.eu/global-weather/christmas-2025-forecast-warmest-on-record-holidays-historic-heat-dome-united-states-mk/,Severe Weather Europe,"12/21/2025, 08:00 AM, +0000 UTC",heat,2026-05-19T12:34:10.102898+00:00,,,,False,heat_dome,,,,,,2026-05-19T12:46:51.305839+00:00
https://www.yahoo.com/news/articles/meteorologist-issues-warning-heat-dome-040000429.html,Meteorologist issues warning as heat dome creeps across country: 'The entire US is going to be hot',,https://www.yahoo.com/news/articles/meteorologist-issues-warning-heat-dome-040000429.html,Yahoo,"03/25/2026, 07:00 AM, +0000 UTC",heat,2026-05-19T12:34:10.102898+00:00,,,,False,heat_dome,,,,,,2026-05-19T12:46:51.305839+00:00
https://www.spokesman.com/stories/2026/mar/12/a-record-heat-dome-is-about-to-hit-the-west-in-mar/,A record heat dome is about to hit the West — in March,,https://www.spokesman.com/stories/2026/mar/12/a-record-heat-dome-is-about-to-hit-the-west-in-mar/,The Spokesman-Review,"03/13/2026, 07:00 AM, +0000 UTC",heat,2026-05-19T12:34:10.102898+00:00,,,,False,heat_dome,,,,,,2026-05-19T12:46:51.305839+00:00
https://grist.org/extreme-heat/the-science-behind-the-heat-dome-a-mosh-pit-of-molecules/,The science behind the heat dome — ‘a mosh pit’ of molecules,,https://grist.org/extreme-heat/the-science-behind-the-heat-dome-a-mosh-pit-of-molecules/,grist.org,"07/22/2025, 07:00 AM, +0000 UTC",heat,2026-05-19T12:34:10.102898+00:00,,,,False,heat_dome,,,,,,2026-05-19T12:46:51.305839+00:00
https://www.scientificamerican.com/article/heat-domes-extreme-heat-and-humidity-triggers-alerts-across-eastern-u-s/,A Massive Heat Dome Is Cooking the Eastern U.S.,,https://www.scientificamerican.com/article/heat-domes-extreme-heat-and-humidity-triggers-alerts-across-eastern-u-s/,Scientific American,"07/23/2025, 07:00 AM, +0000 UTC",heat,2026-05-19T12:34:10.102898+00:00,,,,False,heat_dome,,,,,,2026-05-19T12:46:51.305839+00:00
https://www.foxweather.com/weather-news/heat-dome-southeast,Life-threatening heat dome broils millions across eastern US as records tumble,,https://www.foxweather.com/weather-news/heat-dome-southeast,FOX Weather,"07/29/2025, 07:00 AM, +0000 UTC",heat,2026-05-19T12:34:10.102898+00:00,,,,False,heat_dome,,,,,,2026-05-19T12:46:51.305839+00:00
https://www.kktv.com/2026/03/17/heat-dome-sliding-what-does-that-mean/,Heat Dome sliding in: What does that mean?,,https://www.kktv.com/2026/03/17/heat-dome-sliding-what-does-that-mean/,KKTV,"03/17/2026, 07:00 AM, +0000 UTC",heat,2026-05-19T12:34:10.102898+00:00,,,,False,heat_dome,,,,,,2026-05-19T12:46:51.305839+00:00
https://www.yahoo.com/news/articles/wests-record-shattering-heat-wave-160746356.html,The West's record-shattering heat wave isn't over as heat dome shifts into the Plains,,https://www.yahoo.com/news/articles/wests-record-shattering-heat-wave-160746356.html,Yahoo,"03/22/2026, 07:00 AM, +0000 UTC",heat,2026-05-19T12:34:10.102898+00:00,,,,False,heat_dome,,,,,,2026-05-19T12:46:51.305839+00:00
https://news.sky.com/story/us-suffers-hottest-march-day-ever-recorded-as-heat-dome-drives-up-temperatures-13522180,US suffers hottest March day ever recorded as heat dome drives up temperatures,,https://news.sky.com/story/us-suffers-hottest-march-day-ever-recorded-as-heat-dome-drives-up-temperatures-13522180,Sky News,"03/20/2026, 07:00 AM, +0000 UTC",heat,2026-05-19T12:34:10.102898+00:00,,,,False,heat_dome,,,,,,2026-05-19T12:46:51.305839+00:00
https://globalnews.ca/news/11729307/us-weather-blizzard-polar-vortex-heat-dome-atmospheric-river/,"A blizzard, polar vortex, heat dome and atmospheric river: U.S. faces weather chaos - National",,https://globalnews.ca/news/11729307/us-weather-blizzard-polar-vortex-heat-dome-atmospheric-river/,Global News,"03/13/2026, 07:00 AM, +0000 UTC",heat,2026-05-19T12:34:10.102898+00:00,,,,False,heat_dome,,,,,,2026-05-19T12:46:51.305839+00:00
https://www.mensjournal.com/news/excessive-heat-warning-issued-as-100-degree-temperatures-record-march-highs-forecast-this-week,"Excessive Heat Warning Issued as 100-Degree Temperatures, Record March Highs Forecast This Week",,https://www.mensjournal.com/news/excessive-heat-warning-issued-as-100-degree-temperatures-record-march-highs-forecast-this-week,Men's Journal,"03/11/2026, 07:00 AM, +0000 UTC",heat,2026-05-19T12:34:10.102898+00:00,,,,False,heat_warning,,,,,,2026-05-19T12:46:51.305839+00:00
https://www.severe-weather.eu/global-weather/heat-dome-heatwave-united-states-canada-sweltering-hot-weather-july-2025-mk/,"Heat Dome returns over east central U.S. next week, expands west and north into Canada through the end of July",,https://www.severe-weather.eu/global-weather/heat-dome-heatwave-united-states-canada-sweltering-hot-weather-july-2025-mk/,Severe Weather Europe,"07/19/2025, 07:00 AM, +0000 UTC",heat,2026-05-19T12:34:10.102898+00:00,,,,False,heat_dome,,,,,,2026-05-19T12:46:51.305839+00:00
https://www.scientificamerican.com/article/tampa-breaks-heat-record-as-heat-dome-bakes-eastern-u-s/,Scorching Heat Dome Sends Tampa to 100 Degrees F for the First Time,,https://www.scientificamerican.com/article/tampa-breaks-heat-record-as-heat-dome-bakes-eastern-u-s/,Scientific American,"07/28/2025, 07:00 AM, +0000 UTC",heat,2026-05-19T12:34:10.102898+00:00,,,,False,heat_dome,,,,,,2026-05-19T12:46:51.305839+00:00
https://phys.org/news/2026-03-weather-nuts-blizzard-polar-vortex.html,"US weather to go nuts with blizzard, polar vortex, heat dome, atmospheric river all at once",,https://phys.org/news/2026-03-weather-nuts-blizzard-polar-vortex.html,Phys.org,"03/13/2026, 07:00 AM, +0000 UTC",heat,2026-05-19T12:34:10.102898+00:00,,,,False,heat_dome,,,,,,2026-05-19T12:46:51.305839+00:00
https://www.nationalgeographic.com/environment/article/what-is-heat-dome,What is a heat dome? The climate phenomenon behind record heat,,https://www.nationalgeographic.com/environment/article/what-is-heat-dome,National Geographic,"06/23/2025, 07:00 AM, +0000 UTC",heat,2026-05-19T12:34:10.102898+00:00,,,,False,heat_dome,,,,,,2026-05-19T12:46:51.305839+00:00
https://www.stl.news/historic-heat-dome-expanding-to-envelop-almost-the-entire-united-states/,Historic heat dome expanding to envelop almost the entire United States.,,https://www.stl.news/historic-heat-dome-expanding-to-envelop-almost-the-entire-united-states/,stl.news,"03/24/2026, 07:00 AM, +0000 UTC",heat,2026-05-19T12:34:10.102898+00:00,,,,False,heat_dome,,,,,,2026-05-19T12:46:51.305839+00:00
https://www.accuweather.com/en/weather-forecasts/building-western-us-heat-dome-may-set-records-cause-wildfires-to-surge/1801605,"Building western US heat dome may set records, cause wildfires to surge",,https://www.accuweather.com/en/weather-forecasts/building-western-us-heat-dome-may-set-records-cause-wildfires-to-surge/1801605,AccuWeather,"08/02/2025, 06:16 PM, +0000 UTC",heat,2026-05-19T12:34:10.102898+00:00,,,,False,heat_dome,,,,,,2026-05-19T12:46:51.305839+00:00
https://mavensnotebook.com/2026/03/12/daily-digest-3-12-a-record-heat-dome-is-about-to-hit-the-west-as-signs-of-strong-el-nino-emerge-water-board-to-release-new-rule-to-limit-water-pollution-from-dairies-the-mutibenefit-land-repurposi/,"DAILY DIGEST, 3/12: A record heat dome is about to hit the West as signs of strong El Niño emerge; Water Board to release new rule to limit water pollution from dairies; The Mutibenefit Land Repurposing Program’s 2025 progress report; Pacific Fishery Mana",,https://mavensnotebook.com/2026/03/12/daily-digest-3-12-a-record-heat-dome-is-about-to-hit-the-west-as-signs-of-strong-el-nino-emerge-water-board-to-release-new-rule-to-limit-water-pollution-from-dairies-the-mutibenefit-land-repurposi/,Maven's Notebook,"03/12/2026, 07:00 AM, +0000 UTC",heat,2026-05-19T12:34:10.102898+00:00,,,,False,heat_dome,,,,,,2026-05-19T12:46:51.305839+00:00
https://www.wbur.org/news/2025/08/11/boston-heat-emergency-air-quality-alert,Boston is under its third heat emergency of the summer,,https://www.wbur.org/news/2025/08/11/boston-heat-emergency-air-quality-alert,WBUR,"08/12/2025, 07:00 AM, +0000 UTC",heat,2026-05-19T12:34:10.102898+00:00,,,,False,heat_emergency,,,,,,2026-05-19T12:46:51.305839+00:00
https://www.usatoday.com/story/news/nation/2025/07/21/heat-dome-extreme-temperatures/85304631007/,Heat dome to push extreme temperatures across much of US this week,,https://www.usatoday.com/story/news/nation/2025/07/21/heat-dome-extreme-temperatures/85304631007/,USA Today,"07/21/2025, 07:00 AM, +0000 UTC",heat,2026-05-19T12:34:10.102898+00:00,,,,False,heat_dome,,,,,,2026-05-19T12:46:51.305839+00:00
https://www.france24.com/en/live-news/20260311-north-america-heat-dome-left-winners-and-losers-study,North America 'heat dome' left winners and losers: study,,https://www.france24.com/en/live-news/20260311-north-america-heat-dome-left-winners-and-losers-study,France 24,"03/11/2026, 07:00 AM, +0000 UTC",heat,2026-05-19T12:34:10.102898+00:00,,,,False,heat_dome,,,,,,2026-05-19T12:46:51.305839+00:00
https://weather.com/science/weather-explainers/news/2025-06-20-death-ridge-heat-dome-explainer,Heat Domes Explained: Why These High-Pressure Systems Turn Deadly,,https://weather.com/science/weather-explainers/news/2025-06-20-death-ridge-heat-dome-explainer,The Weather Channel,"07/21/2025, 07:00 AM, +0000 UTC",heat,2026-05-19T12:34:10.102898+00:00,,,,False,heat_dome,,,,,,2026-05-19T12:46:51.305839+00:00
https://www.accuweather.com/en/weather-news/heat-advisory/1797625,100 million to swelter daily in massive US heat dome,,https://www.accuweather.com/en/weather-news/heat-advisory/1797625,AccuWeather,"07/22/2025, 07:00 AM, +0000 UTC",heat,2026-05-19T12:34:10.102898+00:00,,,,False,heat_dome,,,,,,2026-05-19T12:46:51.305839+00:00
https://www.sun-sentinel.com/2026/03/13/weather-extremes/,"US forecasts blizzard, polar vortex, heat dome and atmospheric river all at once",,https://www.sun-sentinel.com/2026/03/13/weather-extremes/,Sun Sentinel,"03/13/2026, 07:00 AM, +0000 UTC",heat,2026-05-19T12:34:10.102898+00:00,,,,False,heat_dome,,,,,,2026-05-19T12:46:51.305839+00:00
https://www.foxweather.com/weather-news/noaa-warmest-march-ever-recorded-across-lower-48-historic-western-heat-dome,NOAA: Warmest March ever recorded across Lower 48 driven by historic Western heat dome,,https://www.foxweather.com/weather-news/noaa-warmest-march-ever-recorded-across-lower-48-historic-western-heat-dome,FOX Weather,"04/10/2026, 07:00 AM, +0000 UTC",heat,2026-05-19T12:34:10.102898+00:00,,,,False,heat_dome,,,,,,2026-05-19T12:46:51.305839+00:00
https://www.pbs.org/newshour/nation/eastern-half-of-u-s-bakes-under-heat-dome-with-more-days-of-dangerous-temperatures-ahead,"Eastern half of U.S. bakes under heat dome, with more days of dangerous temperatures ahead",,https://www.pbs.org/newshour/nation/eastern-half-of-u-s-bakes-under-heat-dome-with-more-days-of-dangerous-temperatures-ahead,PBS,"06/22/2025, 07:00 AM, +0000 UTC",heat,2026-05-19T12:34:10.102898+00:00,,,,False,heat_dome,,,,,,2026-05-19T12:46:51.305839+00:00
https://www.cjonline.com/story/news/state/2025/12/22/heat-dome-expected-to-obliterate-kansas-christmas-temperature-records-topeka/87873232007/,Topeka expected to see record-breaking temperatures this Christmas,,https://www.cjonline.com/story/news/state/2025/12/22/heat-dome-expected-to-obliterate-kansas-christmas-temperature-records-topeka/87873232007/,The Topeka Capital-Journal,"12/22/2025, 08:00 AM, +0000 UTC",heat,2026-05-19T12:34:10.102898+00:00,,,,False,heat_event,,,,,,2026-05-19T12:46:51.305839+00:00
https://www.foxweather.com/weather-news/heat-dome-temperature-records-south-central-east,Severe storms rumble through Northeast heat dome with reports of damaging winds,,https://www.foxweather.com/weather-news/heat-dome-temperature-records-south-central-east,FOX Weather,"07/25/2025, 07:00 AM, +0000 UTC",heat,2026-05-19T12:34:10.102898+00:00,,,,False,heat_dome,,,,,,2026-05-19T12:46:51.305839+00:00
https://watchers.news/2025/06/20/extreme-heat-alerts-central-eastern-usa-heat-dome/,"Extreme heat alerts issued for central, eastern U.S. as heat dome builds June 20 onwards",,https://watchers.news/2025/06/20/extreme-heat-alerts-central-eastern-usa-heat-dome/,The Watchers - Watching the world evolve and transform,"06/20/2025, 07:00 AM, +0000 UTC",heat,2026-05-19T12:34:10.102898+00:00,,,,False,heat_dome,,,,,,2026-05-19T12:46:51.305839+00:00
https://www.deseret.com/environment/2026/03/13/massive-heat-dome-over-the-west/,‘Unprecedented’ heat to reach most of the West starting next week,,https://www.deseret.com/environment/2026/03/13/massive-heat-dome-over-the-west/,Deseret News,"03/13/2026, 07:00 AM, +0000 UTC",heat,2026-05-19T12:34:10.102898+00:00,,,,False,heat_event,,,,,,2026-05-19T12:46:51.305839+00:00
https://www.usatoday.com/story/news/nation/2025/07/22/heat-dome-weather-hot-temperatures/85319399007/,"Heat dome is scorching the South, moving toward the East: What you can expect",,https://www.usatoday.com/story/news/nation/2025/07/22/heat-dome-weather-hot-temperatures/85319399007/,USA Today,"07/22/2025, 07:00 AM, +0000 UTC",heat,2026-05-19T12:34:10.102898+00:00,,,,False,heat_dome,,,,,,2026-05-19T12:46:51.305839+00:00
https://www.foxweather.com/weather-news/heat-dome-ring-fire-storms-weather-pattern-us-forecast,Life-threatening heat dome intensifies as ring of fire storms rumble across central US,,https://www.foxweather.com/weather-news/heat-dome-ring-fire-storms-weather-pattern-us-forecast,FOX Weather,"07/21/2025, 07:00 AM, +0000 UTC",heat,2026-05-19T12:34:10.102898+00:00,,,,False,heat_dome,,,,,,2026-05-19T12:46:51.305839+00:00
https://www.axios.com/2025/07/22/heat-wave-dome-corn-sweat-forecast,"A heat dome and ""corn sweat"" are driving this week's dangerous heat wave",,https://www.axios.com/2025/07/22/heat-wave-dome-corn-sweat-forecast,Axios,"07/22/2025, 07:00 AM, +0000 UTC",heat,2026-05-19T12:34:10.102898+00:00,,,,False,heat_dome,,,,,,2026-05-19T12:46:51.305839+00:00
https://www.greenmatters.com/pn/record-breaking-march-heat-dome-to-hit-west-coast-soon-these-cities-will-face-the-worst-of-it,Record-Breaking March ‘Heat Dome’ To Hit West Coast Soon — These Cities Will Face The Worst of It,,https://www.greenmatters.com/pn/record-breaking-march-heat-dome-to-hit-west-coast-soon-these-cities-will-face-the-worst-of-it,Green Matters,"03/13/2026, 07:00 AM, +0000 UTC",heat,2026-05-19T12:34:10.102898+00:00,,,,False,heat_dome,,,,,,2026-05-19T12:46:51.305839+00:00
https://www.nbcnews.com/science/science-news/heat-dome-causes-opressive-temperatures-explainer-rcna214939,Why do heat domes bring oppressive temperatures?,,https://www.nbcnews.com/science/science-news/heat-dome-causes-opressive-temperatures-explainer-rcna214939,NBC News,"06/26/2025, 07:00 AM, +0000 UTC",heat,2026-05-19T12:34:10.102898+00:00,,,,False,heat_dome,,,,,,2026-05-19T12:46:51.305839+00:00
https://www.accuweather.com/en/weather-forecasts/100-degree-heat-dome-to-set-up-shop-over-southern-us/1796367,100-degree heat dome to set up shop over southern US,,https://www.accuweather.com/en/weather-forecasts/100-degree-heat-dome-to-set-up-shop-over-southern-us/1796367,AccuWeather,"07/18/2025, 05:22 PM, +0000 UTC",heat,2026-05-19T12:34:10.102898+00:00,,,,False,heat_dome,,,,,,2026-05-19T12:46:51.305839+00:00
https://www.clickorlando.com/weather/2025/07/29/end-in-sight-as-summer-heat-dome-persists-but-there-is-a-twist/,End in sight as summer heat dome persists. But there is a twist,,https://www.clickorlando.com/weather/2025/07/29/end-in-sight-as-summer-heat-dome-persists-but-there-is-a-twist/,WKMG,"07/29/2025, 07:00 AM, +0000 UTC",heat,2026-05-19T12:34:10.102898+00:00,,,,False,heat_dome,,,,,,2026-05-19T12:46:51.305839+00:00
https://www.theguardian.com/us-news/2025/jun/20/heat-dome-warning-central-eastern-us,Millions of people across central and eastern US under ‘heat dome’ warning,,https://www.theguardian.com/us-news/2025/jun/20/heat-dome-warning-central-eastern-us,The Guardian,"06/20/2025, 07:00 AM, +0000 UTC",heat,2026-05-19T12:34:10.102898+00:00,,,,False,heat_dome,,,,,,2026-05-19T12:46:51.305839+00:00
https://www.statesman.com/weather/article/austin-forecast-90-degree-heat-daily-temperatures-22087263.php,"Austin temperatures to hit mid-90s twice in a week, thanks to heat dome",,https://www.statesman.com/weather/article/austin-forecast-90-degree-heat-daily-temperatures-22087263.php,Austin American-Statesman,"03/21/2026, 07:00 AM, +0000 UTC",heat,2026-05-19T12:34:10.102898+00:00,,,,False,heat_dome,,,,,,2026-05-19T12:46:51.305839+00:00
https://www.foxweather.com/weather-news/heat-wave-dome-northeast-mid-atlantic-new-england-summer-2025,Century-old temperature records tumble as heat dome bakes millions in Northeast,,https://www.foxweather.com/weather-news/heat-wave-dome-northeast-mid-atlantic-new-england-summer-2025,FOX Weather,"06/23/2025, 07:00 AM, +0000 UTC",heat,2026-05-19T12:34:10.102898+00:00,,,,False,heat_dome,,,,,,2026-05-19T12:46:51.305839+00:00
https://www.travelandtourworld.com/news/article/us-heat-dome-explosion-70-million-face-record-breaking-march-scorcher-as-temperatures-smash-100f-barrier/,US Heat Dome Explosion: 70 Million Face Record-Breaking March Scorcher as Temperatures Smash 100°F Barrier,,https://www.travelandtourworld.com/news/article/us-heat-dome-explosion-70-million-face-record-breaking-march-scorcher-as-temperatures-smash-100f-barrier/,Travel And Tour World,"03/19/2026, 07:00 AM, +0000 UTC",heat,2026-05-19T12:34:10.102898+00:00,,,,False,heat_dome,,,,,,2026-05-19T12:46:51.305839+00:00
https://watchers.news/2025/06/23/record-breaking-heat-grips-central-eastern-usa-heat-dome-intensifies/,Record-breaking heat grips central and eastern U.S. as heat dome intensifies,,https://watchers.news/2025/06/23/record-breaking-heat-grips-central-eastern-usa-heat-dome-intensifies/,The Watchers - Watching the world evolve and transform,"06/23/2025, 07:00 AM, +0000 UTC",heat,2026-05-19T12:34:10.102898+00:00,,,,False,heat_dome,,,,,,2026-05-19T12:46:51.305839+00:00
https://www.accuweather.com/en/weather-forecasts/record-shattering-march-scorcher-70-million-to-bake-in-summerlike-heat-dome-into-weekend/1873771,Record-shattering March scorcher: 70 million to bake in summerlike heat dome into weekend,,https://www.accuweather.com/en/weather-forecasts/record-shattering-march-scorcher-70-million-to-bake-in-summerlike-heat-dome-into-weekend/1873771,AccuWeather,"03/16/2026, 06:54 PM, +0000 UTC",heat,2026-05-20T12:14:42.198903+00:00,,,,False,heat_dome,,,,,,2026-05-20T12:27:01.426650+00:00
https://news.cuanschutz.edu/news-stories/heat-dome-grips-the-west-what-is-it-and-how-can-it-affect-health,"Heat Dome Grips the West: What Is It, and How Can It Affect Health?",,https://news.cuanschutz.edu/news-stories/heat-dome-grips-the-west-what-is-it-and-how-can-it-affect-health,CU Anschutz newsroom,"03/18/2026, 07:00 AM, +0000 UTC",heat,2026-05-20T12:14:42.198903+00:00,,,,False,heat_dome,,,,,,2026-05-20T12:27:01.426650+00:00
https://www.aspenpublicradio.org/environment/2026-03-16/heat-dome-to-bring-record-breaking-temperatures-across-the-west,Heat dome to bring record-breaking temperatures across the West,,https://www.aspenpublicradio.org/environment/2026-03-16/heat-dome-to-bring-record-breaking-temperatures-across-the-west,Aspen Public Radio,"03/16/2026, 07:00 AM, +0000 UTC",heat,2026-05-20T12:14:42.198903+00:00,,,,False,heat_dome,,,,,,2026-05-20T12:27:01.426650+00:00
https://www.nytimes.com/article/what-is-heat-dome.html,A Short Guide to Understanding Heat Domes,,https://www.nytimes.com/article/what-is-heat-dome.html,The New York Times,"03/13/2026, 07:00 AM, +0000 UTC",heat,2026-05-20T12:14:42.198903+00:00,,,,False,heat_dome,,,,,,2026-05-20T12:27:01.426650+00:00
https://www.cbsnews.com/news/maps-us-heat-advisory-high-temperature-dome-moves-east/,"Maps show U.S. heat advisories, high temperatures as heat dome moves east",,https://www.cbsnews.com/news/maps-us-heat-advisory-high-temperature-dome-moves-east/,CBS News,"07/25/2025, 07:00 AM, +0000 UTC",heat,2026-05-20T12:14:42.198903+00:00,,,,False,heat_dome,,,,,,2026-05-20T12:27:01.426650+00:00
https://www.climatecentral.org/climate-shift-index-alert/March-record-breaking-western-heatwave,"Record-breaking March heatwave, intensified by climate change, continues to shatter records across the U.S.",,https://www.climatecentral.org/climate-shift-index-alert/March-record-breaking-western-heatwave,Climate Central,"03/24/2026, 06:48 PM, +0000 UTC",heat,2026-05-20T12:14:42.198903+00:00,,,,False,heat_event,,,,,,2026-05-20T12:27:01.426650+00:00
https://www.pbs.org/newshour/science/basically-the-entire-u-s-is-going-to-be-hot-as-record-smashing-heat-spreads,'Basically the entire U.S. is going to be hot' as record-smashing heat spreads,,https://www.pbs.org/newshour/science/basically-the-entire-u-s-is-going-to-be-hot-as-record-smashing-heat-spreads,PBS,"03/24/2026, 07:00 AM, +0000 UTC",heat,2026-05-20T12:14:42.198903+00:00,,,,False,heat_event,,,,,,2026-05-20T12:27:01.426650+00:00
https://www.smdp.com/us-forecasts-blizzard-polar-vortex-heat-dome-and-atmospheric-river-all-at-once/,"US forecasts blizzard, polar vortex, heat dome and atmospheric river all at once",,https://www.smdp.com/us-forecasts-blizzard-polar-vortex-heat-dome-and-atmospheric-river-all-at-once/,Santa Monica Daily Press,"03/13/2026, 07:00 AM, +0000 UTC",heat,2026-05-20T12:14:42.198903+00:00,,,,False,heat_dome,,,,,,2026-05-20T12:27:01.426650+00:00
https://www.nbcnews.com/weather/heat/western-heat-wave-ends-records-duration-intensity-rcna265514,"As Western heat wave ends, scientists try to make sense of its length and intensity",,https://www.nbcnews.com/weather/heat/western-heat-wave-ends-records-duration-intensity-rcna265514,NBC News,"03/28/2026, 07:00 AM, +0000 UTC",heat,2026-05-20T12:14:42.198903+00:00,,,,False,heat_dome,,,,,,2026-05-20T12:27:01.426650+00:00
https://www.nytimes.com/article/heat-wave-cause.html,What to Know About Heat Waves and Domes,,https://www.nytimes.com/article/heat-wave-cause.html,The New York Times,"04/20/2026, 07:00 AM, +0000 UTC",heat,2026-05-20T12:14:42.198903+00:00,,,,False,heat_dome,,,,,,2026-05-20T12:27:01.426650+00:00
https://www.nbcnews.com/weather/heat/blistering-heat-wave-across-western-us-rcna264506,The West's record-shattering heat wave isn't over as heat dome shifts into the Plains,,https://www.nbcnews.com/weather/heat/blistering-heat-wave-across-western-us-rcna264506,NBC News,"03/22/2026, 07:00 AM, +0000 UTC",heat,2026-05-20T12:14:42.198903+00:00,,,,False,heat_dome,,,,,,2026-05-20T12:27:01.426650+00:00
https://www.cnet.com/home/energy-and-utilities/historic-heat-dome-creeping-across-us-how-prepare/,A Historic Heat Dome Is Creeping Across the US. Here's How to Prepare,,https://www.cnet.com/home/energy-and-utilities/historic-heat-dome-creeping-across-us-how-prepare/,CNET,"03/24/2026, 07:00 AM, +0000 UTC",heat,2026-05-20T12:14:42.198903+00:00,,,,False,heat_dome,,,,,,2026-05-20T12:27:01.426650+00:00
https://www.newsweek.com/heat-dome-map-shows-states-set-for-hottest-spring-temperatures-11733473,Heat Dome Map Shows States Set For Hottest Spring Temperatures,,https://www.newsweek.com/heat-dome-map-shows-states-set-for-hottest-spring-temperatures-11733473,Newsweek,"03/25/2026, 07:00 AM, +0000 UTC",heat,2026-05-20T12:14:42.198903+00:00,,,,False,heat_dome,,,,,,2026-05-20T12:27:01.426650+00:00
https://www.theatlantic.com/science/2026/03/west-heat-wave/686457/,There’s No Way the American West Will Have a Normal Summer,,https://www.theatlantic.com/science/2026/03/west-heat-wave/686457/,The Atlantic,"03/19/2026, 07:00 AM, +0000 UTC",heat,2026-05-20T12:14:42.198903+00:00,,,,False,heat_event,,,,,,2026-05-20T12:27:01.426650+00:00
https://www.newsweek.com/us-weather-prediction-spring-2026-heat-dome-11717091,US Weather Prediction for Spring 2026 Warns of ‘Heat Dome’,,https://www.newsweek.com/us-weather-prediction-spring-2026-heat-dome-11717091,Newsweek,"03/22/2026, 07:00 AM, +0000 UTC",heat,2026-05-20T12:14:42.198903+00:00,,,,False,heat_dome,,,,,,2026-05-20T12:27:01.426650+00:00
https://www.euronews.com/2026/03/20/pushing-extremes-to-new-levels-record-us-heat-dome-made-possible-by-climate-change,'Climate change in real time': US hit by record-shattering heatwave,,https://www.euronews.com/2026/03/20/pushing-extremes-to-new-levels-record-us-heat-dome-made-possible-by-climate-change,Euronews.com,"03/20/2026, 07:00 AM, +0000 UTC",heat,2026-05-20T12:14:42.198903+00:00,,,,False,heat_event,,,,,,2026-05-20T12:27:01.426650+00:00
https://www.aol.com/spring-2026-forecasts-warn-dreaded-100250712.html,New spring 2026 forecasts warn of the dreaded 'heat dome',,https://www.aol.com/spring-2026-forecasts-warn-dreaded-100250712.html,AOL.com,"03/22/2026, 07:00 AM, +0000 UTC",heat,2026-05-20T12:14:42.198903+00:00,,,,False,heat_dome,,,,,,2026-05-20T12:27:01.426650+00:00
https://wpde.com/weather/abc-15-weather-authority-blog/hail-ice-stones-from-the-sky,The heat dome in the west,,https://wpde.com/weather/abc-15-weather-authority-blog/hail-ice-stones-from-the-sky,WPDE,"03/23/2026, 07:00 AM, +0000 UTC",heat,2026-05-20T12:14:42.198903+00:00,,,,False,heat_dome,,,,,,2026-05-20T12:27:01.426650+00:00
https://pv-magazine-usa.com/2026/04/03/heat-dome-and-high-pressure-boost-southern-u-s-solar-as-polar-vortex-clouds-the-north/,Heat dome and high pressure boost southern U.S. solar as polar vortex clouds the north,,https://pv-magazine-usa.com/2026/04/03/heat-dome-and-high-pressure-boost-southern-u-s-solar-as-polar-vortex-clouds-the-north/,pv magazine USA,"04/03/2026, 07:00 AM, +0000 UTC",heat,2026-05-20T12:14:42.198903+00:00,,,,False,heat_dome,,,,,,2026-05-20T12:27:01.426650+00:00
https://www.usatoday.com/story/news/weather/2026/03/21/noaa-forecast-spring-weather-heat-dome/89242999007/,New spring 2026 forecasts warn of the dreaded 'heat dome',,https://www.usatoday.com/story/news/weather/2026/03/21/noaa-forecast-spring-weather-heat-dome/89242999007/,USA Today,"03/22/2026, 07:00 AM, +0000 UTC",heat,2026-05-20T12:14:42.198903+00:00,,,,False,heat_dome,,,,,,2026-05-20T12:27:01.426650+00:00
https://www.climatecentral.org/climate-shift-index-alert/central-eastern-us-june-2025,Almost half of the U.S. affected by climate change-driven heat wave,,https://www.climatecentral.org/climate-shift-index-alert/central-eastern-us-june-2025,Climate Central,"06/20/2025, 07:00 AM, +0000 UTC",heat,2026-05-20T12:14:42.198903+00:00,,,,False,heat_dome,,,,,,2026-05-20T12:27:01.426650+00:00
https://phys.org/news/2026-03-north-america-dome-left-winners.html,North America 'heat dome' left winners and losers: Study,,https://phys.org/news/2026-03-north-america-dome-left-winners.html,Phys.org,"03/15/2026, 07:00 AM, +0000 UTC",heat,2026-05-20T12:14:42.198903+00:00,,,,False,heat_dome,,,,,,2026-05-20T12:27:01.426650+00:00
https://yaleclimateconnections.org/2025/08/is-heat-dome-overhyped-why-some-meteorologists-dislike-this-term/,Is ‘heat dome’ overhyped? Why some meteorologists dislike this term,,https://yaleclimateconnections.org/2025/08/is-heat-dome-overhyped-why-some-meteorologists-dislike-this-term/,Yale Climate Connections,"08/01/2025, 07:00 AM, +0000 UTC",heat,2026-05-20T12:14:42.198903+00:00,,,,False,heat_dome,,,,,,2026-05-20T12:27:01.426650+00:00
https://www.scientificamerican.com/article/heat-domes-extreme-heat-and-humidity-triggers-alerts-across-eastern-u-s/,A Massive Heat Dome Is Cooking the Eastern U.S.,,https://www.scientificamerican.com/article/heat-domes-extreme-heat-and-humidity-triggers-alerts-across-eastern-u-s/,Scientific American,"07/23/2025, 07:00 AM, +0000 UTC",heat,2026-05-20T12:14:42.198903+00:00,,,,False,heat_dome,,,,,,2026-05-20T12:27:01.426650+00:00
https://www.usatoday.com/story/news/weather/2026/03/28/april-weather-forecast-heat-dome/89347353007/,April weather forecast predicts 'major change' as heat dome moves,,https://www.usatoday.com/story/news/weather/2026/03/28/april-weather-forecast-heat-dome/89347353007/,USA Today,"03/28/2026, 07:00 AM, +0000 UTC",heat,2026-05-20T12:14:42.198903+00:00,,,,False,heat_dome,,,,,,2026-05-20T12:27:01.426650+00:00
https://www.severe-weather.eu/global-weather/christmas-2025-forecast-warmest-on-record-holidays-historic-heat-dome-united-states-mk/,Christmas 2025 Forecast: Warmest Holidays since the 1950s under a Historic Heat Dome,,https://www.severe-weather.eu/global-weather/christmas-2025-forecast-warmest-on-record-holidays-historic-heat-dome-united-states-mk/,Severe Weather Europe,"12/21/2025, 08:00 AM, +0000 UTC",heat,2026-05-20T12:14:42.198903+00:00,,,,False,heat_dome,,,,,,2026-05-20T12:27:01.426650+00:00
https://www.scientificamerican.com/article/heat-dome-temperatures-may-break-records-in-eastern-u-s/,This Heat Dome Isn’t Letting Up—It’s Just Getting Hotter,,https://www.scientificamerican.com/article/heat-dome-temperatures-may-break-records-in-eastern-u-s/,Scientific American,"07/25/2025, 07:00 AM, +0000 UTC",heat,2026-05-20T12:14:42.198903+00:00,,,,False,heat_dome,,,,,,2026-05-20T12:27:01.426650+00:00
https://www.yahoo.com/news/articles/meteorologist-issues-warning-heat-dome-040000429.html,Meteorologist issues warning as heat dome creeps across country: 'The entire US is going to be hot',,https://www.yahoo.com/news/articles/meteorologist-issues-warning-heat-dome-040000429.html,Yahoo,"03/25/2026, 07:00 AM, +0000 UTC",heat,2026-05-20T12:14:42.198903+00:00,,,,False,heat_dome,,,,,,2026-05-20T12:27:01.426650+00:00
https://abcnews.com/US/potentially-deadly-heat-wave-envelops-nation/story?id=111165226,Heat dome brings potentially historic temperatures to most of the nation,,https://abcnews.com/US/potentially-deadly-heat-wave-envelops-nation/story?id=111165226,"ABC News - Breaking News, Latest News and Videos","02/13/2026, 09:22 PM, +0000 UTC",heat,2026-05-20T12:14:42.198903+00:00,,,,False,heat_dome,,,,,,2026-05-20T12:27:01.426650+00:00
https://grist.org/extreme-heat/the-science-behind-the-heat-dome-a-mosh-pit-of-molecules/,The science behind the heat dome — ‘a mosh pit’ of molecules,,https://grist.org/extreme-heat/the-science-behind-the-heat-dome-a-mosh-pit-of-molecules/,grist.org,"07/22/2025, 07:00 AM, +0000 UTC",heat,2026-05-20T12:14:42.198903+00:00,,,,False,heat_dome,,,,,,2026-05-20T12:27:01.426650+00:00
https://www.foxweather.com/weather-news/heat-dome-southeast,Life-threatening heat dome broils millions across eastern US as records tumble,,https://www.foxweather.com/weather-news/heat-dome-southeast,FOX Weather,"07/29/2025, 07:00 AM, +0000 UTC",heat,2026-05-20T12:14:42.198903+00:00,,,,False,heat_dome,,,,,,2026-05-20T12:27:01.426650+00:00
https://news.sky.com/story/us-suffers-hottest-march-day-ever-recorded-as-heat-dome-drives-up-temperatures-13522180,US suffers hottest March day ever recorded as heat dome drives up temperatures,,https://news.sky.com/story/us-suffers-hottest-march-day-ever-recorded-as-heat-dome-drives-up-temperatures-13522180,Sky News,"03/20/2026, 07:00 AM, +0000 UTC",heat,2026-05-20T12:14:42.198903+00:00,,,,False,heat_dome,,,,,,2026-05-20T12:27:01.426650+00:00
https://www.aol.com/wests-record-shattering-heat-wave-160746066.html,The West's record-shattering heat wave isn't over as heat dome shifts into the Plains,,https://www.aol.com/wests-record-shattering-heat-wave-160746066.html,AOL.com,"03/23/2026, 04:24 AM, +0000 UTC",heat,2026-05-20T12:14:42.198903+00:00,,,,False,heat_dome,,,,,,2026-05-20T12:27:01.426650+00:00
https://www.iheart.com/content/2026-03-13-all-50-us-states-could-face-extreme-weather-including-blizzard-heat-dome/,"All 50 US States Could Face Extreme Weather Including Blizzard, Heat Dome",,https://www.iheart.com/content/2026-03-13-all-50-us-states-could-face-extreme-weather-including-blizzard-heat-dome/,iHeart,"03/13/2026, 07:00 AM, +0000 UTC",heat,2026-05-20T12:14:42.198903+00:00,,,,False,heat_dome,,,,,,2026-05-20T12:27:01.426650+00:00
https://globalnews.ca/news/11729307/us-weather-blizzard-polar-vortex-heat-dome-atmospheric-river/,"A blizzard, polar vortex, heat dome and atmospheric river: U.S. faces weather chaos - National",,https://globalnews.ca/news/11729307/us-weather-blizzard-polar-vortex-heat-dome-atmospheric-river/,Global News,"03/13/2026, 07:00 AM, +0000 UTC",heat,2026-05-20T12:14:42.198903+00:00,,,,False,heat_dome,,,,,,2026-05-20T12:27:01.426650+00:00
https://www.severe-weather.eu/global-weather/heat-dome-heatwave-united-states-canada-sweltering-hot-weather-july-2025-mk/,"Heat Dome returns over east central U.S. next week, expands west and north into Canada through the end of July",,https://www.severe-weather.eu/global-weather/heat-dome-heatwave-united-states-canada-sweltering-hot-weather-july-2025-mk/,Severe Weather Europe,"07/19/2025, 07:00 AM, +0000 UTC",heat,2026-05-20T12:14:42.198903+00:00,,,,False,heat_dome,,,,,,2026-05-20T12:27:01.426650+00:00
https://www.mensjournal.com/news/excessive-heat-warning-issued-as-100-degree-temperatures-record-march-highs-forecast-this-week,"Excessive Heat Warning Issued as 100-Degree Temperatures, Record March Highs Forecast This Week",,https://www.mensjournal.com/news/excessive-heat-warning-issued-as-100-degree-temperatures-record-march-highs-forecast-this-week,Men's Journal,"03/11/2026, 07:00 AM, +0000 UTC",heat,2026-05-20T12:14:42.198903+00:00,,,,False,heat_warning,,,,,,2026-05-20T12:27:01.426650+00:00
https://www.theguardian.com/us-news/2025/jul/25/heat-dome-dangerous-conditions-100-million-people,US heat dome causes dangerous conditions for more than 100 million people,,https://www.theguardian.com/us-news/2025/jul/25/heat-dome-dangerous-conditions-100-million-people,The Guardian,"07/25/2025, 07:00 AM, +0000 UTC",heat,2026-05-20T12:14:42.198903+00:00,,,,False,heat_dome,,,,,,2026-05-20T12:27:01.426650+00:00
https://www.scientificamerican.com/article/tampa-breaks-heat-record-as-heat-dome-bakes-eastern-u-s/,Scorching Heat Dome Sends Tampa to 100 Degrees F for the First Time,,https://www.scientificamerican.com/article/tampa-breaks-heat-record-as-heat-dome-bakes-eastern-u-s/,Scientific American,"07/28/2025, 07:00 AM, +0000 UTC",heat,2026-05-20T12:14:42.198903+00:00,,,,False,heat_dome,,,,,,2026-05-20T12:27:01.426650+00:00
https://www.npr.org/2025/06/24/nx-s1-5442736/early-season-heat-dome-highest-temperatures-years-parts-of-eastern-us,Early-season heat dome brings highest temperatures in years to parts of Eastern U.S.,,https://www.npr.org/2025/06/24/nx-s1-5442736/early-season-heat-dome-highest-temperatures-years-parts-of-eastern-us,NPR,"06/24/2025, 07:00 AM, +0000 UTC",heat,2026-05-20T12:14:42.198903+00:00,,,,False,heat_dome,,,,,,2026-05-20T12:27:01.426650+00:00
https://www.stl.news/historic-heat-dome-expanding-to-envelop-almost-the-entire-united-states/,Historic heat dome expanding to envelop almost the entire United States.,,https://www.stl.news/historic-heat-dome-expanding-to-envelop-almost-the-entire-united-states/,stl.news,"03/24/2026, 07:00 AM, +0000 UTC",heat,2026-05-20T12:14:42.198903+00:00,,,,False,heat_dome,,,,,,2026-05-20T12:27:01.426650+00:00
https://www.accuweather.com/en/weather-forecasts/building-western-us-heat-dome-may-set-records-cause-wildfires-to-surge/1801605,"Building western US heat dome may set records, cause wildfires to surge",,https://www.accuweather.com/en/weather-forecasts/building-western-us-heat-dome-may-set-records-cause-wildfires-to-surge/1801605,AccuWeather,"08/02/2025, 06:16 PM, +0000 UTC",heat,2026-05-20T12:14:42.198903+00:00,,,,False,heat_dome,,,,,,2026-05-20T12:27:01.426650+00:00
https://www.cbsnews.com/news/heat-wave-forecast-us-maps-this-week/,When will the heat wave end? Maps show forecast across the U.S.,,https://www.cbsnews.com/news/heat-wave-forecast-us-maps-this-week/,CBS News,"06/26/2025, 07:00 AM, +0000 UTC",heat,2026-05-20T12:14:42.198903+00:00,,,,False,heat_dome,,,,,,2026-05-20T12:27:01.426650+00:00
https://mavensnotebook.com/2026/03/12/daily-digest-3-12-a-record-heat-dome-is-about-to-hit-the-west-as-signs-of-strong-el-nino-emerge-water-board-to-release-new-rule-to-limit-water-pollution-from-dairies-the-mutibenefit-land-repurposi/,"DAILY DIGEST, 3/12: A record heat dome is about to hit the West as signs of strong El Niño emerge; Water Board to release new rule to limit water pollution from dairies; The Mutibenefit Land Repurposing Program’s 2025 progress report; Pacific Fishery Mana",,https://mavensnotebook.com/2026/03/12/daily-digest-3-12-a-record-heat-dome-is-about-to-hit-the-west-as-signs-of-strong-el-nino-emerge-water-board-to-release-new-rule-to-limit-water-pollution-from-dairies-the-mutibenefit-land-repurposi/,Maven's Notebook,"03/12/2026, 07:00 AM, +0000 UTC",heat,2026-05-20T12:14:42.198903+00:00,,,,False,heat_dome,,,,,,2026-05-20T12:27:01.426650+00:00
https://www.msn.com/en-us/weather/topstories/historic-heat-dome-to-roast-14-us-states-with-triple-digit-temperatures-months-ahead-of-schedule/ar-AA1YKITL,Historic heat dome to roast 14 US states with triple-digit temperatures months ahead of schedule,,https://www.msn.com/en-us/weather/topstories/historic-heat-dome-to-roast-14-us-states-with-triple-digit-temperatures-months-ahead-of-schedule/ar-AA1YKITL,MSN,"03/16/2026, 07:00 AM, +0000 UTC",heat,2026-05-20T12:14:42.198903+00:00,,,,False,heat_dome,,,,,,2026-05-20T12:27:01.426650+00:00
https://www.accuweather.com/en/weather-news/heat-advisory/1797625,100 million to swelter daily in massive US heat dome,,https://www.accuweather.com/en/weather-news/heat-advisory/1797625,AccuWeather,"07/22/2025, 07:00 AM, +0000 UTC",heat,2026-05-20T12:14:42.198903+00:00,,,,False,heat_dome,,,,,,2026-05-20T12:27:01.426650+00:00
https://www.wbur.org/news/2025/08/11/boston-heat-emergency-air-quality-alert,Boston is under its third heat emergency of the summer,,https://www.wbur.org/news/2025/08/11/boston-heat-emergency-air-quality-alert,WBUR,"08/12/2025, 07:00 AM, +0000 UTC",heat,2026-05-20T12:14:42.198903+00:00,,,,False,heat_emergency,,,,,,2026-05-20T12:27:01.426650+00:00
https://www.usatoday.com/story/news/nation/2025/07/21/heat-dome-extreme-temperatures/85304631007/,Heat dome to push extreme temperatures across much of US this week,,https://www.usatoday.com/story/news/nation/2025/07/21/heat-dome-extreme-temperatures/85304631007/,USA Today,"07/21/2025, 07:00 AM, +0000 UTC",heat,2026-05-20T12:14:42.198903+00:00,,,,False,heat_dome,,,,,,2026-05-20T12:27:01.426650+00:00
https://www.pbs.org/newshour/nation/eastern-half-of-u-s-bakes-under-heat-dome-with-more-days-of-dangerous-temperatures-ahead,"Eastern half of U.S. bakes under heat dome, with more days of dangerous temperatures ahead",,https://www.pbs.org/newshour/nation/eastern-half-of-u-s-bakes-under-heat-dome-with-more-days-of-dangerous-temperatures-ahead,PBS,"06/22/2025, 07:00 AM, +0000 UTC",heat,2026-05-20T12:14:42.198903+00:00,,,,False,heat_dome,,,,,,2026-05-20T12:27:01.426650+00:00
https://www.npr.org/2025/06/24/g-s1-74358/heat-dome-hot-weather-explained,'A lid on a pot': How does a heat dome work?,,https://www.npr.org/2025/06/24/g-s1-74358/heat-dome-hot-weather-explained,NPR,"06/24/2025, 07:00 AM, +0000 UTC",heat,2026-05-20T12:14:42.198903+00:00,,,,False,heat_dome,,,,,,2026-05-20T12:27:01.426650+00:00
https://www.cjonline.com/story/news/state/2025/12/22/heat-dome-expected-to-obliterate-kansas-christmas-temperature-records-topeka/87873232007/,Topeka expected to see record-breaking temperatures this Christmas,,https://www.cjonline.com/story/news/state/2025/12/22/heat-dome-expected-to-obliterate-kansas-christmas-temperature-records-topeka/87873232007/,The Topeka Capital-Journal,"12/22/2025, 08:00 AM, +0000 UTC",heat,2026-05-20T12:14:42.198903+00:00,,,,False,heat_event,,,,,,2026-05-20T12:27:01.426650+00:00
https://www.foxweather.com/weather-news/heat-dome-temperature-records-south-central-east,Severe storms rumble through Northeast heat dome with reports of damaging winds,,https://www.foxweather.com/weather-news/heat-dome-temperature-records-south-central-east,FOX Weather,"07/25/2025, 07:00 AM, +0000 UTC",heat,2026-05-20T12:14:42.198903+00:00,,,,False,heat_dome,,,,,,2026-05-20T12:27:01.426650+00:00
https://www.usatoday.com/story/news/nation/2025/07/22/heat-dome-weather-hot-temperatures/85319399007/,"Heat dome is scorching the South, moving toward the East: What you can expect",,https://www.usatoday.com/story/news/nation/2025/07/22/heat-dome-weather-hot-temperatures/85319399007/,USA Today,"07/22/2025, 07:00 AM, +0000 UTC",heat,2026-05-20T12:14:42.198903+00:00,,,,False,heat_dome,,,,,,2026-05-20T12:27:01.426650+00:00
https://watchers.news/2025/06/20/extreme-heat-alerts-central-eastern-usa-heat-dome/,"Extreme heat alerts issued for central, eastern U.S. as heat dome builds June 20 onwards",,https://watchers.news/2025/06/20/extreme-heat-alerts-central-eastern-usa-heat-dome/,The Watchers - Watching the world evolve and transform,"06/20/2025, 07:00 AM, +0000 UTC",heat,2026-05-20T12:14:42.198903+00:00,,,,False,heat_dome,,,,,,2026-05-20T12:27:01.426650+00:00
https://www.deseret.com/environment/2026/03/13/massive-heat-dome-over-the-west/,‘Unprecedented’ heat to reach most of the West starting next week,,https://www.deseret.com/environment/2026/03/13/massive-heat-dome-over-the-west/,Deseret News,"03/13/2026, 07:00 AM, +0000 UTC",heat,2026-05-20T12:14:42.198903+00:00,,,,False,heat_event,,,,,,2026-05-20T12:27:01.426650+00:00
https://www.washingtonpost.com/weather/2025/06/19/maps-extreme-heat-humidity-forecast/,A heat dome is about to bring extreme heat and humidity to more than 200 million,,https://www.washingtonpost.com/weather/2025/06/19/maps-extreme-heat-humidity-forecast/,The Washington Post,"06/20/2025, 07:00 AM, +0000 UTC",heat,2026-05-20T12:14:42.198903+00:00,,,,False,heat_dome,,,,,,2026-05-20T12:27:01.426650+00:00
https://www.foxweather.com/weather-news/heat-dome-ring-fire-storms-weather-pattern-us-forecast,Life-threatening heat dome intensifies as ring of fire storms rumble across central US,,https://www.foxweather.com/weather-news/heat-dome-ring-fire-storms-weather-pattern-us-forecast,FOX Weather,"07/21/2025, 07:00 AM, +0000 UTC",heat,2026-05-20T12:14:42.198903+00:00,,,,False,heat_dome,,,,,,2026-05-20T12:27:01.426650+00:00
https://www.axios.com/2025/07/22/heat-wave-dome-corn-sweat-forecast,"A heat dome and ""corn sweat"" are driving this week's dangerous heat wave",,https://www.axios.com/2025/07/22/heat-wave-dome-corn-sweat-forecast,Axios,"07/22/2025, 07:00 AM, +0000 UTC",heat,2026-05-20T12:14:42.198903+00:00,,,,False,heat_dome,,,,,,2026-05-20T12:27:01.426650+00:00
https://www.accuweather.com/en/weather-forecasts/100-degree-heat-dome-to-set-up-shop-over-southern-us/1796367,100-degree heat dome to set up shop over southern US,,https://www.accuweather.com/en/weather-forecasts/100-degree-heat-dome-to-set-up-shop-over-southern-us/1796367,AccuWeather,"07/18/2025, 05:22 PM, +0000 UTC",heat,2026-05-20T12:14:42.198903+00:00,,,,False,heat_dome,,,,,,2026-05-20T12:27:01.426650+00:00
https://www.greenmatters.com/pn/record-breaking-march-heat-dome-to-hit-west-coast-soon-these-cities-will-face-the-worst-of-it,Record-Breaking March ‘Heat Dome’ To Hit West Coast Soon — These Cities Will Face The Worst of It,,https://www.greenmatters.com/pn/record-breaking-march-heat-dome-to-hit-west-coast-soon-these-cities-will-face-the-worst-of-it,Green Matters,"03/13/2026, 07:00 AM, +0000 UTC",heat,2026-05-20T12:14:42.198903+00:00,,,,False,heat_dome,,,,,,2026-05-20T12:27:01.426650+00:00
https://www.nbcnews.com/science/science-news/heat-dome-causes-opressive-temperatures-explainer-rcna214939,Why do heat domes bring oppressive temperatures?,,https://www.nbcnews.com/science/science-news/heat-dome-causes-opressive-temperatures-explainer-rcna214939,NBC News,"06/26/2025, 07:00 AM, +0000 UTC",heat,2026-05-20T12:14:42.198903+00:00,,,,False,heat_dome,,,,,,2026-05-20T12:27:01.426650+00:00
https://www.clickorlando.com/weather/2025/07/29/end-in-sight-as-summer-heat-dome-persists-but-there-is-a-twist/,End in sight as summer heat dome persists. But there is a twist,,https://www.clickorlando.com/weather/2025/07/29/end-in-sight-as-summer-heat-dome-persists-but-there-is-a-twist/,WKMG,"07/29/2025, 07:00 AM, +0000 UTC",heat,2026-05-20T12:14:42.198903+00:00,,,,False,heat_dome,,,,,,2026-05-20T12:27:01.426650+00:00
https://www.theguardian.com/us-news/2025/jun/20/heat-dome-warning-central-eastern-us,Millions of people across central and eastern US under ‘heat dome’ warning,,https://www.theguardian.com/us-news/2025/jun/20/heat-dome-warning-central-eastern-us,The Guardian,"06/20/2025, 07:00 AM, +0000 UTC",heat,2026-05-20T12:14:42.198903+00:00,,,,False,heat_dome,,,,,,2026-05-20T12:27:01.426650+00:00
https://www.nationalgeographic.com/environment/article/what-is-heat-dome,What is a heat dome? The climate phenomenon behind record heat,,https://www.nationalgeographic.com/environment/article/what-is-heat-dome,National Geographic,"06/23/2025, 07:00 AM, +0000 UTC",heat,2026-05-20T12:14:42.198903+00:00,,,,False,heat_dome,,,,,,2026-05-20T12:27:01.426650+00:00
https://www.foxweather.com/weather-news/heat-wave-dome-northeast-mid-atlantic-new-england-summer-2025,Century-old temperature records tumble as heat dome bakes millions in Northeast,,https://www.foxweather.com/weather-news/heat-wave-dome-northeast-mid-atlantic-new-england-summer-2025,FOX Weather,"06/23/2025, 07:00 AM, +0000 UTC",heat,2026-05-20T12:14:42.198903+00:00,,,,False,heat_dome,,,,,,2026-05-20T12:27:01.426650+00:00
https://watchers.news/2025/06/23/record-breaking-heat-grips-central-eastern-usa-heat-dome-intensifies/,Record-breaking heat grips central and eastern U.S. as heat dome intensifies,,https://watchers.news/2025/06/23/record-breaking-heat-grips-central-eastern-usa-heat-dome-intensifies/,The Watchers - Watching the world evolve and transform,"06/23/2025, 07:00 AM, +0000 UTC",heat,2026-05-20T12:14:42.198903+00:00,,,,False,heat_dome,,,,,,2026-05-20T12:27:01.426650+00:00
https://www.severe-weather.eu/global-weather/heat-dome-intense-heatwave-summer-2025-united-states-mk/,"Heat Dome develops over the U.S. by the weekend, intensifying a heatwave into the next week",,https://www.severe-weather.eu/global-weather/heat-dome-intense-heatwave-summer-2025-united-states-mk/,Severe Weather Europe,"06/19/2025, 07:00 AM, +0000 UTC",heat,2026-05-20T12:14:42.198903+00:00,,,,False,heat_dome,,,,,,2026-05-20T12:27:01.426650+00:00
https://www.cnn.com/2025/06/24/weather/heat-dome-east-coast-climate,Tuesday was the hottest day in over a decade for parts of the East Coast. When will this extreme heat wave end?,,https://www.cnn.com/2025/06/24/weather/heat-dome-east-coast-climate,CNN,"06/24/2025, 07:00 AM, +0000 UTC",heat,2026-05-20T12:14:42.198903+00:00,,,,False,heat_dome,,,,,,2026-05-20T12:27:01.426650+00:00
https://news.cuanschutz.edu/news-stories/heat-dome-grips-the-west-what-is-it-and-how-can-it-affect-health,"Heat Dome Grips the West: What Is It, and How Can It Affect Health?",,https://news.cuanschutz.edu/news-stories/heat-dome-grips-the-west-what-is-it-and-how-can-it-affect-health,University of Colorado Anschutz,"03/18/2026, 07:00 AM, +0000 UTC",heat,2026-05-21T12:38:27.670943+00:00,,,,False,heat_dome,,,,,,2026-05-21T12:50:30.722705+00:00
https://www.cbc.ca/news/climate/record-heat-dome-9.7139906,Record-breaking heat dome spreads across U.S.,,https://www.cbc.ca/news/climate/record-heat-dome-9.7139906,CBC,"03/24/2026, 07:00 AM, +0000 UTC",heat,2026-05-21T12:38:27.670943+00:00,,,,False,heat_dome,,,,,,2026-05-21T12:50:30.722705+00:00
https://www.aspenpublicradio.org/environment/2026-03-16/heat-dome-to-bring-record-breaking-temperatures-across-the-west,Heat dome to bring record-breaking temperatures across the West,,https://www.aspenpublicradio.org/environment/2026-03-16/heat-dome-to-bring-record-breaking-temperatures-across-the-west,Aspen Public Radio,"03/16/2026, 07:00 AM, +0000 UTC",heat,2026-05-21T12:38:27.670943+00:00,,,,False,heat_dome,,,,,,2026-05-21T12:50:30.722705+00:00
https://www.cbsnews.com/news/maps-us-heat-advisory-high-temperature-dome-moves-east/,"Maps show U.S. heat advisories, high temperatures as heat dome moves east",,https://www.cbsnews.com/news/maps-us-heat-advisory-high-temperature-dome-moves-east/,CBS News,"07/25/2025, 07:00 AM, +0000 UTC",heat,2026-05-21T12:38:27.670943+00:00,,,,False,heat_dome,,,,,,2026-05-21T12:50:30.722705+00:00
https://www.smdp.com/us-forecasts-blizzard-polar-vortex-heat-dome-and-atmospheric-river-all-at-once/,"US forecasts blizzard, polar vortex, heat dome and atmospheric river all at once",,https://www.smdp.com/us-forecasts-blizzard-polar-vortex-heat-dome-and-atmospheric-river-all-at-once/,Santa Monica Daily Press,"03/13/2026, 07:00 AM, +0000 UTC",heat,2026-05-21T12:38:27.670943+00:00,,,,False,heat_dome,,,,,,2026-05-21T12:50:30.722705+00:00
https://www.thecooldown.com/outdoors/early-heat-dome-breaks-temperature-records/,Triple-digit heat dome set to break records across 10 states as the West braces for 117 degrees,,https://www.thecooldown.com/outdoors/early-heat-dome-breaks-temperature-records/,The Cool Down,"05/13/2026, 03:45 AM, +0000 UTC",heat,2026-05-21T12:38:27.670943+00:00,,,,False,heat_dome,,,,,,2026-05-21T12:50:30.722705+00:00
https://www.pbs.org/newshour/science/basically-the-entire-u-s-is-going-to-be-hot-as-record-smashing-heat-spreads,'Basically the entire U.S. is going to be hot' as record-smashing heat spreads,,https://www.pbs.org/newshour/science/basically-the-entire-u-s-is-going-to-be-hot-as-record-smashing-heat-spreads,PBS,"03/24/2026, 07:00 AM, +0000 UTC",heat,2026-05-21T12:38:27.670943+00:00,,,,False,heat_event,,,,,,2026-05-21T12:50:30.722705+00:00
https://www.nbcnews.com/weather/heat/western-heat-wave-ends-records-duration-intensity-rcna265514,"As Western heat wave ends, scientists try to make sense of its length and intensity",,https://www.nbcnews.com/weather/heat/western-heat-wave-ends-records-duration-intensity-rcna265514,NBC News,"03/28/2026, 07:00 AM, +0000 UTC",heat,2026-05-21T12:38:27.670943+00:00,,,,False,heat_dome,,,,,,2026-05-21T12:50:30.722705+00:00
https://www.cnet.com/home/energy-and-utilities/historic-heat-dome-creeping-across-us-how-prepare/,A Historic Heat Dome Is Creeping Across the US. Here's How to Prepare,,https://www.cnet.com/home/energy-and-utilities/historic-heat-dome-creeping-across-us-how-prepare/,CNET,"03/24/2026, 07:00 AM, +0000 UTC",heat,2026-05-21T12:38:27.670943+00:00,,,,False,heat_dome,,,,,,2026-05-21T12:50:30.722705+00:00
https://www.climatecentral.org/climate-shift-index-alert/March-record-breaking-western-heatwave,"Record-breaking March heatwave, intensified by climate change, continues to shatter records across the U.S.",,https://www.climatecentral.org/climate-shift-index-alert/March-record-breaking-western-heatwave,Climate Central,"03/24/2026, 06:48 PM, +0000 UTC",heat,2026-05-21T12:38:27.670943+00:00,,,,False,heat_event,,,,,,2026-05-21T12:50:30.722705+00:00
https://www.nytimes.com/article/what-is-heat-dome.html,A Short Guide to Understanding Heat Domes,,https://www.nytimes.com/article/what-is-heat-dome.html,The New York Times,"03/13/2026, 07:00 AM, +0000 UTC",heat,2026-05-21T12:38:27.670943+00:00,,,,False,heat_dome,,,,,,2026-05-21T12:50:30.722705+00:00
https://www.nytimes.com/2026/03/14/weather/west-coast-heat-wave-la-phoenix.html,5 Things to Know About the Unusual March Heat Wave in the West,,https://www.nytimes.com/2026/03/14/weather/west-coast-heat-wave-la-phoenix.html,The New York Times,"03/14/2026, 07:00 AM, +0000 UTC",heat,2026-05-21T12:38:27.670943+00:00,,,,False,heat_dome,,,,,,2026-05-21T12:50:30.722705+00:00
https://www.nbcnews.com/weather/heat/blistering-heat-wave-across-western-us-rcna264506,The West's record-shattering heat wave isn't over as heat dome shifts into the Plains,,https://www.nbcnews.com/weather/heat/blistering-heat-wave-across-western-us-rcna264506,NBC News,"03/22/2026, 07:00 AM, +0000 UTC",heat,2026-05-21T12:38:27.670943+00:00,,,,False,heat_dome,,,,,,2026-05-21T12:50:30.722705+00:00
https://www.newsweek.com/heat-dome-map-shows-states-set-for-hottest-spring-temperatures-11733473,Heat Dome Map Shows States Set For Hottest Spring Temperatures,,https://www.newsweek.com/heat-dome-map-shows-states-set-for-hottest-spring-temperatures-11733473,Newsweek,"03/25/2026, 07:00 AM, +0000 UTC",heat,2026-05-21T12:38:27.670943+00:00,,,,False,heat_dome,,,,,,2026-05-21T12:50:30.722705+00:00
https://wpde.com/weather/abc-15-weather-authority-blog/hail-ice-stones-from-the-sky,The heat dome in the west,,https://wpde.com/weather/abc-15-weather-authority-blog/hail-ice-stones-from-the-sky,WPDE,"03/23/2026, 07:00 AM, +0000 UTC",heat,2026-05-21T12:38:27.670943+00:00,,,,False,heat_dome,,,,,,2026-05-21T12:50:30.722705+00:00
https://news.oregonstate.edu/news/study-paints-detailed-picture-forest-canopy-damage-caused-%E2%80%98heat-dome%E2%80%99,Study paints detailed picture of forest canopy damage caused by ‘heat dome’,,https://news.oregonstate.edu/news/study-paints-detailed-picture-forest-canopy-damage-caused-%E2%80%98heat-dome%E2%80%99,Oregon State University,"11/04/2025, 08:00 AM, +0000 UTC",heat,2026-05-21T12:38:27.670943+00:00,,,,False,heat_dome,,,,,,2026-05-21T12:50:30.722705+00:00
https://www.euronews.com/2026/03/20/pushing-extremes-to-new-levels-record-us-heat-dome-made-possible-by-climate-change,'Climate change in real time': US hit by record-shattering heatwave,,https://www.euronews.com/2026/03/20/pushing-extremes-to-new-levels-record-us-heat-dome-made-possible-by-climate-change,Euronews.com,"03/20/2026, 07:00 AM, +0000 UTC",heat,2026-05-21T12:38:27.670943+00:00,,,,False,heat_event,,,,,,2026-05-21T12:50:30.722705+00:00
https://www.usatoday.com/story/news/weather/2026/03/21/noaa-forecast-spring-weather-heat-dome/89242999007/,New spring 2026 forecasts warn of the dreaded 'heat dome',,https://www.usatoday.com/story/news/weather/2026/03/21/noaa-forecast-spring-weather-heat-dome/89242999007/,USA Today,"03/22/2026, 07:00 AM, +0000 UTC",heat,2026-05-21T12:38:27.670943+00:00,,,,False,heat_dome,,,,,,2026-05-21T12:50:30.722705+00:00
https://www.climatecentral.org/climate-shift-index-alert/central-eastern-us-june-2025,Almost half of the U.S. affected by climate change-driven heat wave,,https://www.climatecentral.org/climate-shift-index-alert/central-eastern-us-june-2025,Climate Central,"06/20/2025, 07:00 AM, +0000 UTC",heat,2026-05-21T12:38:27.670943+00:00,,,,False,heat_dome,,,,,,2026-05-21T12:50:30.722705+00:00
https://phys.org/news/2026-03-north-america-dome-left-winners.html,North America 'heat dome' left winners and losers: Study,,https://phys.org/news/2026-03-north-america-dome-left-winners.html,Phys.org,"03/15/2026, 07:00 AM, +0000 UTC",heat,2026-05-21T12:38:27.670943+00:00,,,,False,heat_dome,,,,,,2026-05-21T12:50:30.722705+00:00
https://www.usatoday.com/story/news/weather/2026/03/28/april-weather-forecast-heat-dome/89347353007/,April weather forecast predicts 'major change' as heat dome moves,,https://www.usatoday.com/story/news/weather/2026/03/28/april-weather-forecast-heat-dome/89347353007/,USA Today,"03/28/2026, 07:00 AM, +0000 UTC",heat,2026-05-21T12:38:27.670943+00:00,,,,False,heat_dome,,,,,,2026-05-21T12:50:30.722705+00:00
https://www.severe-weather.eu/global-weather/christmas-2025-forecast-warmest-on-record-holidays-historic-heat-dome-united-states-mk/,Christmas 2025 Forecast: Warmest Holidays since the 1950s under a Historic Heat Dome,,https://www.severe-weather.eu/global-weather/christmas-2025-forecast-warmest-on-record-holidays-historic-heat-dome-united-states-mk/,Severe Weather Europe,"12/21/2025, 08:00 AM, +0000 UTC",heat,2026-05-21T12:38:27.670943+00:00,,,,False,heat_dome,,,,,,2026-05-21T12:50:30.722705+00:00
https://www.scientificamerican.com/article/heat-domes-extreme-heat-and-humidity-triggers-alerts-across-eastern-u-s/,A Massive Heat Dome Is Cooking the Eastern U.S.,,https://www.scientificamerican.com/article/heat-domes-extreme-heat-and-humidity-triggers-alerts-across-eastern-u-s/,Scientific American,"07/23/2025, 07:00 AM, +0000 UTC",heat,2026-05-21T12:38:27.670943+00:00,,,,False,heat_dome,,,,,,2026-05-21T12:50:30.722705+00:00
https://www.yahoo.com/news/articles/meteorologist-issues-warning-heat-dome-040000429.html,Meteorologist issues warning as heat dome creeps across country: 'The entire US is going to be hot',,https://www.yahoo.com/news/articles/meteorologist-issues-warning-heat-dome-040000429.html,Yahoo,"03/25/2026, 07:00 AM, +0000 UTC",heat,2026-05-21T12:38:27.670943+00:00,,,,False,heat_dome,,,,,,2026-05-21T12:50:30.722705+00:00
https://www.pbs.org/newshour/show/how-climate-change-has-powered-the-heat-wave-blanketing-much-of-the-u-s,How climate change has powered the heat wave blanketing much of the U.S.,,https://www.pbs.org/newshour/show/how-climate-change-has-powered-the-heat-wave-blanketing-much-of-the-u-s,PBS,"03/26/2026, 07:00 AM, +0000 UTC",heat,2026-05-21T12:38:27.670943+00:00,,,,False,heat_dome,,,,,,2026-05-21T12:50:30.722705+00:00
https://grist.org/extreme-heat/the-science-behind-the-heat-dome-a-mosh-pit-of-molecules/,The science behind the heat dome — ‘a mosh pit’ of molecules,,https://grist.org/extreme-heat/the-science-behind-the-heat-dome-a-mosh-pit-of-molecules/,grist.org,"07/22/2025, 07:00 AM, +0000 UTC",heat,2026-05-21T12:38:27.670943+00:00,,,,False,heat_dome,,,,,,2026-05-21T12:50:30.722705+00:00
https://www.foxweather.com/weather-news/heat-dome-southeast,Life-threatening heat dome broils millions across eastern US as records tumble,,https://www.foxweather.com/weather-news/heat-dome-southeast,FOX Weather,"07/29/2025, 07:00 AM, +0000 UTC",heat,2026-05-21T12:38:27.670943+00:00,,,,False,heat_dome,,,,,,2026-05-21T12:50:30.722705+00:00
https://www.scientificamerican.com/article/heat-dome-temperatures-may-break-records-in-eastern-u-s/,This Heat Dome Isn’t Letting Up—It’s Just Getting Hotter,,https://www.scientificamerican.com/article/heat-dome-temperatures-may-break-records-in-eastern-u-s/,Scientific American,"07/25/2025, 07:00 AM, +0000 UTC",heat,2026-05-21T12:38:27.670943+00:00,,,,False,heat_dome,,,,,,2026-05-21T12:50:30.722705+00:00
https://www.kktv.com/2026/03/17/heat-dome-sliding-what-does-that-mean/,Heat Dome sliding in: What does that mean?,,https://www.kktv.com/2026/03/17/heat-dome-sliding-what-does-that-mean/,KKTV,"03/17/2026, 07:00 AM, +0000 UTC",heat,2026-05-21T12:38:27.670943+00:00,,,,False,heat_dome,,,,,,2026-05-21T12:50:30.722705+00:00
https://news.sky.com/story/us-suffers-hottest-march-day-ever-recorded-as-heat-dome-drives-up-temperatures-13522180,US suffers hottest March day ever recorded as heat dome drives up temperatures,,https://news.sky.com/story/us-suffers-hottest-march-day-ever-recorded-as-heat-dome-drives-up-temperatures-13522180,Sky News,"03/20/2026, 07:00 AM, +0000 UTC",heat,2026-05-21T12:38:27.670943+00:00,,,,False,heat_dome,,,,,,2026-05-21T12:50:30.722705+00:00
https://www.aol.com/wests-record-shattering-heat-wave-160746066.html,The West's record-shattering heat wave isn't over as heat dome shifts into the Plains,,https://www.aol.com/wests-record-shattering-heat-wave-160746066.html,AOL.com,"03/23/2026, 04:24 AM, +0000 UTC",heat,2026-05-21T12:38:27.670943+00:00,,,,False,heat_dome,,,,,,2026-05-21T12:50:30.722705+00:00
https://www.nationalgeographic.com/environment/article/what-is-heat-dome,What is a heat dome? The climate phenomenon behind record heat,,https://www.nationalgeographic.com/environment/article/what-is-heat-dome,National Geographic,"06/23/2025, 07:00 AM, +0000 UTC",heat,2026-05-21T12:38:27.670943+00:00,,,,False,heat_dome,,,,,,2026-05-21T12:50:30.722705+00:00
https://www.iheart.com/content/2026-03-13-all-50-us-states-could-face-extreme-weather-including-blizzard-heat-dome/,"All 50 US States Could Face Extreme Weather Including Blizzard, Heat Dome",,https://www.iheart.com/content/2026-03-13-all-50-us-states-could-face-extreme-weather-including-blizzard-heat-dome/,iHeart,"03/13/2026, 07:00 AM, +0000 UTC",heat,2026-05-21T12:38:27.670943+00:00,,,,False,heat_dome,,,,,,2026-05-21T12:50:30.722705+00:00
https://globalnews.ca/news/11729307/us-weather-blizzard-polar-vortex-heat-dome-atmospheric-river/,"A blizzard, polar vortex, heat dome and atmospheric river: U.S. faces weather chaos - National",,https://globalnews.ca/news/11729307/us-weather-blizzard-polar-vortex-heat-dome-atmospheric-river/,Global News,"03/13/2026, 07:00 AM, +0000 UTC",heat,2026-05-21T12:38:27.670943+00:00,,,,False,heat_dome,,,,,,2026-05-21T12:50:30.722705+00:00
https://www.mensjournal.com/news/excessive-heat-warning-issued-as-100-degree-temperatures-record-march-highs-forecast-this-week,"Excessive Heat Warning Issued as 100-Degree Temperatures, Record March Highs Forecast This Week",,https://www.mensjournal.com/news/excessive-heat-warning-issued-as-100-degree-temperatures-record-march-highs-forecast-this-week,Men's Journal,"03/11/2026, 07:00 AM, +0000 UTC",heat,2026-05-21T12:38:27.670943+00:00,,,,False,heat_warning,,,,,,2026-05-21T12:50:30.722705+00:00
https://www.severe-weather.eu/global-weather/heat-dome-heatwave-united-states-canada-sweltering-hot-weather-july-2025-mk/,"Heat Dome returns over east central U.S. next week, expands west and north into Canada through the end of July",,https://www.severe-weather.eu/global-weather/heat-dome-heatwave-united-states-canada-sweltering-hot-weather-july-2025-mk/,Severe Weather Europe,"07/19/2025, 07:00 AM, +0000 UTC",heat,2026-05-21T12:38:27.670943+00:00,,,,False,heat_dome,,,,,,2026-05-21T12:50:30.722705+00:00
https://phys.org/news/2026-03-weather-nuts-blizzard-polar-vortex.html,"US weather to go nuts with blizzard, polar vortex, heat dome, atmospheric river all at once",,https://phys.org/news/2026-03-weather-nuts-blizzard-polar-vortex.html,Phys.org,"03/13/2026, 07:00 AM, +0000 UTC",heat,2026-05-21T12:38:27.670943+00:00,,,,False,heat_dome,,,,,,2026-05-21T12:50:30.722705+00:00
https://www.theguardian.com/us-news/2025/jul/25/heat-dome-dangerous-conditions-100-million-people,US heat dome causes dangerous conditions for more than 100 million people,,https://www.theguardian.com/us-news/2025/jul/25/heat-dome-dangerous-conditions-100-million-people,The Guardian,"07/25/2025, 07:00 AM, +0000 UTC",heat,2026-05-21T12:38:27.670943+00:00,,,,False,heat_dome,,,,,,2026-05-21T12:50:30.722705+00:00
https://www.scientificamerican.com/article/tampa-breaks-heat-record-as-heat-dome-bakes-eastern-u-s/,Scorching Heat Dome Sends Tampa to 100 Degrees F for the First Time,,https://www.scientificamerican.com/article/tampa-breaks-heat-record-as-heat-dome-bakes-eastern-u-s/,Scientific American,"07/28/2025, 07:00 AM, +0000 UTC",heat,2026-05-21T12:38:27.670943+00:00,,,,False,heat_dome,,,,,,2026-05-21T12:50:30.722705+00:00
https://mavensnotebook.com/2026/03/12/daily-digest-3-12-a-record-heat-dome-is-about-to-hit-the-west-as-signs-of-strong-el-nino-emerge-water-board-to-release-new-rule-to-limit-water-pollution-from-dairies-the-mutibenefit-land-repurposi/,"DAILY DIGEST, 3/12: A record heat dome is about to hit the West as signs of strong El Niño emerge; Water Board to release new rule to limit water pollution from dairies; The Mutibenefit Land Repurposing Program’s 2025 progress report; Pacific Fishery Mana",,https://mavensnotebook.com/2026/03/12/daily-digest-3-12-a-record-heat-dome-is-about-to-hit-the-west-as-signs-of-strong-el-nino-emerge-water-board-to-release-new-rule-to-limit-water-pollution-from-dairies-the-mutibenefit-land-repurposi/,Maven's Notebook,"03/12/2026, 07:00 AM, +0000 UTC",heat,2026-05-21T12:38:27.670943+00:00,,,,False,heat_dome,,,,,,2026-05-21T12:50:30.722705+00:00
https://www.npr.org/2025/06/24/nx-s1-5442736/early-season-heat-dome-highest-temperatures-years-parts-of-eastern-us,Early-season heat dome brings highest temperatures in years to parts of Eastern U.S.,,https://www.npr.org/2025/06/24/nx-s1-5442736/early-season-heat-dome-highest-temperatures-years-parts-of-eastern-us,NPR,"06/24/2025, 07:00 AM, +0000 UTC",heat,2026-05-21T12:38:27.670943+00:00,,,,False,heat_dome,,,,,,2026-05-21T12:50:30.722705+00:00
https://www.stl.news/historic-heat-dome-expanding-to-envelop-almost-the-entire-united-states/,Historic heat dome expanding to envelop almost the entire United States.,,https://www.stl.news/historic-heat-dome-expanding-to-envelop-almost-the-entire-united-states/,stl.news,"03/24/2026, 07:00 AM, +0000 UTC",heat,2026-05-21T12:38:27.670943+00:00,,,,False,heat_dome,,,,,,2026-05-21T12:50:30.722705+00:00
https://www.msn.com/en-us/weather/topstories/historic-heat-dome-to-roast-14-us-states-with-triple-digit-temperatures-months-ahead-of-schedule/ar-AA1YKITL,Historic heat dome to roast 14 US states with triple-digit temperatures months ahead of schedule,,https://www.msn.com/en-us/weather/topstories/historic-heat-dome-to-roast-14-us-states-with-triple-digit-temperatures-months-ahead-of-schedule/ar-AA1YKITL,MSN,"03/16/2026, 07:00 AM, +0000 UTC",heat,2026-05-21T12:38:27.670943+00:00,,,,False,heat_dome,,,,,,2026-05-21T12:50:30.722705+00:00
https://www.accuweather.com/en/weather-forecasts/building-western-us-heat-dome-may-set-records-cause-wildfires-to-surge/1801605,"Building western US heat dome may set records, cause wildfires to surge",,https://www.accuweather.com/en/weather-forecasts/building-western-us-heat-dome-may-set-records-cause-wildfires-to-surge/1801605,AccuWeather,"08/02/2025, 06:16 PM, +0000 UTC",heat,2026-05-21T12:38:27.670943+00:00,,,,False,heat_dome,,,,,,2026-05-21T12:50:30.722705+00:00
https://www.foxweather.com/weather-news/noaa-warmest-march-ever-recorded-across-lower-48-historic-western-heat-dome,NOAA: Warmest March ever recorded across Lower 48 driven by historic Western heat dome,,https://www.foxweather.com/weather-news/noaa-warmest-march-ever-recorded-across-lower-48-historic-western-heat-dome,FOX Weather,"04/10/2026, 07:00 AM, +0000 UTC",heat,2026-05-21T12:38:27.670943+00:00,,,,False,heat_dome,,,,,,2026-05-21T12:50:30.722705+00:00
https://www.accuweather.com/en/weather-news/heat-advisory/1797625,100 million to swelter daily in massive US heat dome,,https://www.accuweather.com/en/weather-news/heat-advisory/1797625,AccuWeather,"07/22/2025, 07:00 AM, +0000 UTC",heat,2026-05-21T12:38:27.670943+00:00,,,,False,heat_dome,,,,,,2026-05-21T12:50:30.722705+00:00
https://www.wbur.org/news/2025/08/11/boston-heat-emergency-air-quality-alert,Boston is under its third heat emergency of the summer,,https://www.wbur.org/news/2025/08/11/boston-heat-emergency-air-quality-alert,WBUR,"08/12/2025, 07:00 AM, +0000 UTC",heat,2026-05-21T12:38:27.670943+00:00,,,,False,heat_emergency,,,,,,2026-05-21T12:50:30.722705+00:00
https://www.usatoday.com/story/news/nation/2025/07/21/heat-dome-extreme-temperatures/85304631007/,Heat dome to push extreme temperatures across much of US this week,,https://www.usatoday.com/story/news/nation/2025/07/21/heat-dome-extreme-temperatures/85304631007/,USA Today,"07/21/2025, 07:00 AM, +0000 UTC",heat,2026-05-21T12:38:27.670943+00:00,,,,False,heat_dome,,,,,,2026-05-21T12:50:30.722705+00:00
https://www.npr.org/2025/06/24/g-s1-74358/heat-dome-hot-weather-explained,'A lid on a pot': How does a heat dome work?,,https://www.npr.org/2025/06/24/g-s1-74358/heat-dome-hot-weather-explained,NPR,"06/24/2025, 07:00 AM, +0000 UTC",heat,2026-05-21T12:38:27.670943+00:00,,,,False,heat_dome,,,,,,2026-05-21T12:50:30.722705+00:00
https://www.pbs.org/newshour/nation/eastern-half-of-u-s-bakes-under-heat-dome-with-more-days-of-dangerous-temperatures-ahead,"Eastern half of U.S. bakes under heat dome, with more days of dangerous temperatures ahead",,https://www.pbs.org/newshour/nation/eastern-half-of-u-s-bakes-under-heat-dome-with-more-days-of-dangerous-temperatures-ahead,PBS,"06/22/2025, 07:00 AM, +0000 UTC",heat,2026-05-21T12:38:27.670943+00:00,,,,False,heat_dome,,,,,,2026-05-21T12:50:30.722705+00:00
https://www.cjonline.com/story/news/state/2025/12/22/heat-dome-expected-to-obliterate-kansas-christmas-temperature-records-topeka/87873232007/,Topeka expected to see record-breaking temperatures this Christmas,,https://www.cjonline.com/story/news/state/2025/12/22/heat-dome-expected-to-obliterate-kansas-christmas-temperature-records-topeka/87873232007/,The Topeka Capital-Journal,"12/22/2025, 08:00 AM, +0000 UTC",heat,2026-05-21T12:38:27.670943+00:00,,,,False,heat_event,,,,,,2026-05-21T12:50:30.722705+00:00
https://www.foxweather.com/weather-news/heat-dome-temperature-records-south-central-east,Severe storms rumble through Northeast heat dome with reports of damaging winds,,https://www.foxweather.com/weather-news/heat-dome-temperature-records-south-central-east,FOX Weather,"07/25/2025, 07:00 AM, +0000 UTC",heat,2026-05-21T12:38:27.670943+00:00,,,,False,heat_dome,,,,,,2026-05-21T12:50:30.722705+00:00
https://www.usatoday.com/story/news/nation/2025/07/22/heat-dome-weather-hot-temperatures/85319399007/,"Heat dome is scorching the South, moving toward the East: What you can expect",,https://www.usatoday.com/story/news/nation/2025/07/22/heat-dome-weather-hot-temperatures/85319399007/,USA Today,"07/22/2025, 07:00 AM, +0000 UTC",heat,2026-05-21T12:38:27.670943+00:00,,,,False,heat_dome,,,,,,2026-05-21T12:50:30.722705+00:00
https://www.deseret.com/environment/2026/03/13/massive-heat-dome-over-the-west/,‘Unprecedented’ heat to reach most of the West starting next week,,https://www.deseret.com/environment/2026/03/13/massive-heat-dome-over-the-west/,Deseret News,"03/13/2026, 07:00 AM, +0000 UTC",heat,2026-05-21T12:38:27.670943+00:00,,,,False,heat_event,,,,,,2026-05-21T12:50:30.722705+00:00
https://www.foxweather.com/weather-news/heat-dome-ring-fire-storms-weather-pattern-us-forecast,Life-threatening heat dome intensifies as ring of fire storms rumble across central US,,https://www.foxweather.com/weather-news/heat-dome-ring-fire-storms-weather-pattern-us-forecast,FOX Weather,"07/21/2025, 07:00 AM, +0000 UTC",heat,2026-05-21T12:38:27.670943+00:00,,,,False,heat_dome,,,,,,2026-05-21T12:50:30.722705+00:00
https://watchers.news/2025/06/20/extreme-heat-alerts-central-eastern-usa-heat-dome/,"Extreme heat alerts issued for central, eastern U.S. as heat dome builds June 20 onwards",,https://watchers.news/2025/06/20/extreme-heat-alerts-central-eastern-usa-heat-dome/,The Watchers - Watching the world evolve and transform,"06/20/2025, 07:00 AM, +0000 UTC",heat,2026-05-21T12:38:27.670943+00:00,,,,False,heat_dome,,,,,,2026-05-21T12:50:30.722705+00:00
https://www.washingtonpost.com/weather/2025/06/19/maps-extreme-heat-humidity-forecast/,A heat dome is about to bring extreme heat and humidity to more than 200 million,,https://www.washingtonpost.com/weather/2025/06/19/maps-extreme-heat-humidity-forecast/,The Washington Post,"06/20/2025, 07:00 AM, +0000 UTC",heat,2026-05-21T12:38:27.670943+00:00,,,,False,heat_dome,,,,,,2026-05-21T12:50:30.722705+00:00
https://www.axios.com/2025/07/22/heat-wave-dome-corn-sweat-forecast,"A heat dome and ""corn sweat"" are driving this week's dangerous heat wave",,https://www.axios.com/2025/07/22/heat-wave-dome-corn-sweat-forecast,Axios,"07/22/2025, 07:00 AM, +0000 UTC",heat,2026-05-21T12:38:27.670943+00:00,,,,False,heat_dome,,,,,,2026-05-21T12:50:30.722705+00:00
https://www.greenmatters.com/pn/record-breaking-march-heat-dome-to-hit-west-coast-soon-these-cities-will-face-the-worst-of-it,Record-Breaking March ‘Heat Dome’ To Hit West Coast Soon — These Cities Will Face The Worst of It,,https://www.greenmatters.com/pn/record-breaking-march-heat-dome-to-hit-west-coast-soon-these-cities-will-face-the-worst-of-it,Green Matters,"03/13/2026, 07:00 AM, +0000 UTC",heat,2026-05-21T12:38:27.670943+00:00,,,,False,heat_dome,,,,,,2026-05-21T12:50:30.722705+00:00
https://www.accuweather.com/en/weather-forecasts/100-degree-heat-dome-to-set-up-shop-over-southern-us/1796367,100-degree heat dome to set up shop over southern US,,https://www.accuweather.com/en/weather-forecasts/100-degree-heat-dome-to-set-up-shop-over-southern-us/1796367,AccuWeather,"07/18/2025, 05:22 PM, +0000 UTC",heat,2026-05-21T12:38:27.670943+00:00,,,,False,heat_dome,,,,,,2026-05-21T12:50:30.722705+00:00
https://www.clickorlando.com/weather/2025/07/29/end-in-sight-as-summer-heat-dome-persists-but-there-is-a-twist/,End in sight as summer heat dome persists. But there is a twist,,https://www.clickorlando.com/weather/2025/07/29/end-in-sight-as-summer-heat-dome-persists-but-there-is-a-twist/,WKMG,"07/29/2025, 07:00 AM, +0000 UTC",heat,2026-05-21T12:38:27.670943+00:00,,,,False,heat_dome,,,,,,2026-05-21T12:50:30.722705+00:00
https://www.nbcnews.com/science/science-news/heat-dome-causes-opressive-temperatures-explainer-rcna214939,Why do heat domes bring oppressive temperatures?,,https://www.nbcnews.com/science/science-news/heat-dome-causes-opressive-temperatures-explainer-rcna214939,NBC News,"06/26/2025, 07:00 AM, +0000 UTC",heat,2026-05-21T12:38:27.670943+00:00,,,,False,heat_dome,,,,,,2026-05-21T12:50:30.722705+00:00
https://www.theguardian.com/us-news/2025/jun/20/heat-dome-warning-central-eastern-us,Millions of people across central and eastern US under ‘heat dome’ warning,,https://www.theguardian.com/us-news/2025/jun/20/heat-dome-warning-central-eastern-us,The Guardian,"06/20/2025, 07:00 AM, +0000 UTC",heat,2026-05-21T12:38:27.670943+00:00,,,,False,heat_dome,,,,,,2026-05-21T12:50:30.722705+00:00
https://www.foxweather.com/weather-news/heat-wave-dome-northeast-mid-atlantic-new-england-summer-2025,Century-old temperature records tumble as heat dome bakes millions in Northeast,,https://www.foxweather.com/weather-news/heat-wave-dome-northeast-mid-atlantic-new-england-summer-2025,FOX Weather,"06/23/2025, 07:00 AM, +0000 UTC",heat,2026-05-21T12:38:27.670943+00:00,,,,False,heat_dome,,,,,,2026-05-21T12:50:30.722705+00:00
https://www.pv-magazine.com/2026/04/03/heat-dome-and-high-pressure-boost-southern-us-solar-as-polar-vortex-clouds-the-north/,Heat dome and high pressure boost southern US solar as polar vortex clouds the north,,https://www.pv-magazine.com/2026/04/03/heat-dome-and-high-pressure-boost-southern-us-solar-as-polar-vortex-clouds-the-north/,pv magazine International,"04/03/2026, 07:00 AM, +0000 UTC",heat,2026-05-21T12:38:27.670943+00:00,,,,False,heat_dome,,,,,,2026-05-21T12:50:30.722705+00:00
https://watchers.news/2025/06/23/record-breaking-heat-grips-central-eastern-usa-heat-dome-intensifies/,Record-breaking heat grips central and eastern U.S. as heat dome intensifies,,https://watchers.news/2025/06/23/record-breaking-heat-grips-central-eastern-usa-heat-dome-intensifies/,The Watchers - Watching the world evolve and transform,"06/23/2025, 07:00 AM, +0000 UTC",heat,2026-05-21T12:38:27.670943+00:00,,,,False,heat_dome,,,,,,2026-05-21T12:50:30.722705+00:00
https://www.severe-weather.eu/global-weather/heat-dome-intense-heatwave-summer-2025-united-states-mk/,"Heat Dome develops over the U.S. by the weekend, intensifying a heatwave into the next week",,https://www.severe-weather.eu/global-weather/heat-dome-intense-heatwave-summer-2025-united-states-mk/,Severe Weather Europe,"06/19/2025, 07:00 AM, +0000 UTC",heat,2026-05-21T12:38:27.670943+00:00,,,,False,heat_dome,,,,,,2026-05-21T12:50:30.722705+00:00
https://www.cnn.com/2025/06/24/weather/heat-dome-east-coast-climate,Tuesday was the hottest day in over a decade for parts of the East Coast. When will this extreme heat wave end?,,https://www.cnn.com/2025/06/24/weather/heat-dome-east-coast-climate,CNN,"06/24/2025, 07:00 AM, +0000 UTC",heat,2026-05-21T12:38:27.670943+00:00,,,,False,heat_dome,,,,,,2026-05-21T12:50:30.722705+00:00
https://www.aol.com/wests-record-shattering-heat-wave-160746066.html,The West's record-shattering heat wave isn't over as heat dome shifts into the Plains,,https://www.aol.com/wests-record-shattering-heat-wave-160746066.html,AOL.com,"05/21/2026, 01:05 AM, +0000 UTC",heat,2026-05-22T12:12:27.387778+00:00,,,,False,heat_dome,,,,,,2026-05-22T12:25:07.803346+00:00
https://news.cuanschutz.edu/news-stories/heat-dome-grips-the-west-what-is-it-and-how-can-it-affect-health,"Heat Dome Grips the West: What Is It, and How Can It Affect Health?",,https://news.cuanschutz.edu/news-stories/heat-dome-grips-the-west-what-is-it-and-how-can-it-affect-health,University of Colorado Anschutz,"03/18/2026, 07:00 AM, +0000 UTC",heat,2026-05-22T12:12:27.387778+00:00,,,,False,heat_dome,,,,,,2026-05-22T12:25:07.803346+00:00
https://www.cbc.ca/news/climate/record-heat-dome-9.7139906,Record-breaking heat dome spreads across U.S.,,https://www.cbc.ca/news/climate/record-heat-dome-9.7139906,CBC,"03/24/2026, 07:00 AM, +0000 UTC",heat,2026-05-22T12:12:27.387778+00:00,,,,False,heat_dome,,,,,,2026-05-22T12:25:07.803346+00:00
https://www.aspenpublicradio.org/environment/2026-03-16/heat-dome-to-bring-record-breaking-temperatures-across-the-west,Heat dome to bring record-breaking temperatures across the West,,https://www.aspenpublicradio.org/environment/2026-03-16/heat-dome-to-bring-record-breaking-temperatures-across-the-west,Aspen Public Radio,"03/16/2026, 07:00 AM, +0000 UTC",heat,2026-05-22T12:12:27.387778+00:00,,,,False,heat_dome,,,,,,2026-05-22T12:25:07.803346+00:00
https://www.msn.com/en-us/weather/topstories/triple-digit-heat-dome-set-to-break-records-across-10-states-as-the-west-braces-for-117-degrees/ar-AA233cpe,Triple-digit heat dome set to break records across 10 states as the West braces for 117 degrees,,https://www.msn.com/en-us/weather/topstories/triple-digit-heat-dome-set-to-break-records-across-10-states-as-the-west-braces-for-117-degrees/ar-AA233cpe,MSN,"05/19/2026, 07:02 AM, +0000 UTC",heat,2026-05-22T12:12:27.387778+00:00,,,,False,heat_dome,,,,,,2026-05-22T12:25:07.803346+00:00
https://www.pbs.org/newshour/science/basically-the-entire-u-s-is-going-to-be-hot-as-record-smashing-heat-spreads,'Basically the entire U.S. is going to be hot' as record-smashing heat spreads,,https://www.pbs.org/newshour/science/basically-the-entire-u-s-is-going-to-be-hot-as-record-smashing-heat-spreads,PBS,"03/24/2026, 07:00 AM, +0000 UTC",heat,2026-05-22T12:12:27.387778+00:00,,,,False,heat_event,,,,,,2026-05-22T12:25:07.803346+00:00
https://www.cbsnews.com/news/maps-us-heat-advisory-high-temperature-dome-moves-east/,"Maps show U.S. heat advisories, high temperatures as heat dome moves east",,https://www.cbsnews.com/news/maps-us-heat-advisory-high-temperature-dome-moves-east/,CBS News,"07/25/2025, 07:00 AM, +0000 UTC",heat,2026-05-22T12:12:27.387778+00:00,,,,False,heat_dome,,,,,,2026-05-22T12:25:07.803346+00:00
https://www.nbcnews.com/weather/heat/blistering-heat-wave-across-western-us-rcna264506,The West's record-shattering heat wave isn't over as heat dome shifts into the Plains,,https://www.nbcnews.com/weather/heat/blistering-heat-wave-across-western-us-rcna264506,NBC News,"03/22/2026, 07:00 AM, +0000 UTC",heat,2026-05-22T12:12:27.387778+00:00,,,,False,heat_dome,,,,,,2026-05-22T12:25:07.803346+00:00
https://www.cnet.com/home/energy-and-utilities/historic-heat-dome-creeping-across-us-how-prepare/,A Historic Heat Dome Is Creeping Across the US. Here's How to Prepare,,https://www.cnet.com/home/energy-and-utilities/historic-heat-dome-creeping-across-us-how-prepare/,CNET,"03/24/2026, 07:00 AM, +0000 UTC",heat,2026-05-22T12:12:27.387778+00:00,,,,False,heat_dome,,,,,,2026-05-22T12:25:07.803346+00:00
https://www.climatecentral.org/climate-shift-index-alert/March-record-breaking-western-heatwave,"Record-breaking March heatwave, intensified by climate change, continues to shatter records across the U.S.",,https://www.climatecentral.org/climate-shift-index-alert/March-record-breaking-western-heatwave,Climate Central,"03/24/2026, 06:48 PM, +0000 UTC",heat,2026-05-22T12:12:27.387778+00:00,,,,False,heat_event,,,,,,2026-05-22T12:25:07.803346+00:00
https://www.yahoo.com/news/articles/april-weather-forecast-predicts-major-100310579.html,April weather forecast predicts 'major change' as heat dome moves,,https://www.yahoo.com/news/articles/april-weather-forecast-predicts-major-100310579.html,Yahoo,"03/28/2026, 07:00 AM, +0000 UTC",heat,2026-05-22T12:12:27.387778+00:00,,,,False,heat_dome,,,,,,2026-05-22T12:25:07.803346+00:00
https://www.newsweek.com/heat-dome-map-shows-states-set-for-hottest-spring-temperatures-11733473,Heat Dome Map Shows States Set For Hottest Spring Temperatures,,https://www.newsweek.com/heat-dome-map-shows-states-set-for-hottest-spring-temperatures-11733473,Newsweek,"03/25/2026, 07:00 AM, +0000 UTC",heat,2026-05-22T12:12:27.387778+00:00,,,,False,heat_dome,,,,,,2026-05-22T12:25:07.803346+00:00
https://www.nbcnews.com/weather/heat/western-heat-wave-ends-records-duration-intensity-rcna265514,"As Western heat wave ends, scientists try to make sense of its length and intensity",,https://www.nbcnews.com/weather/heat/western-heat-wave-ends-records-duration-intensity-rcna265514,NBC News,"03/28/2026, 07:00 AM, +0000 UTC",heat,2026-05-22T12:12:27.387778+00:00,,,,False,heat_dome,,,,,,2026-05-22T12:25:07.803346+00:00
https://kube933.iheart.com/content/2026-03-13-all-50-us-states-could-face-extreme-weather-including-blizzard-heat-dome/,"All 50 US States Could Face Extreme Weather Including Blizzard, Heat Dome",,https://kube933.iheart.com/content/2026-03-13-all-50-us-states-could-face-extreme-weather-including-blizzard-heat-dome/,KUBE 93.3,"03/13/2026, 07:00 AM, +0000 UTC",heat,2026-05-22T12:12:27.387778+00:00,,,,False,heat_dome,,,,,,2026-05-22T12:25:07.803346+00:00
https://www.euronews.com/2026/03/20/pushing-extremes-to-new-levels-record-us-heat-dome-made-possible-by-climate-change,'Climate change in real time': US hit by record-shattering heatwave,,https://www.euronews.com/2026/03/20/pushing-extremes-to-new-levels-record-us-heat-dome-made-possible-by-climate-change,Euronews,"03/20/2026, 07:00 AM, +0000 UTC",heat,2026-05-22T12:12:27.387778+00:00,,,,False,heat_event,,,,,,2026-05-22T12:25:07.803346+00:00
https://www.theatlantic.com/science/2026/03/west-heat-wave/686457/,There’s No Way the American West Will Have a Normal Summer,,https://www.theatlantic.com/science/2026/03/west-heat-wave/686457/,The Atlantic,"03/19/2026, 07:00 AM, +0000 UTC",heat,2026-05-22T12:12:27.387778+00:00,,,,False,heat_event,,,,,,2026-05-22T12:25:07.803346+00:00
https://news.oregonstate.edu/news/study-paints-detailed-picture-forest-canopy-damage-caused-%E2%80%98heat-dome%E2%80%99,Study paints detailed picture of forest canopy damage caused by ‘heat dome’,,https://news.oregonstate.edu/news/study-paints-detailed-picture-forest-canopy-damage-caused-%E2%80%98heat-dome%E2%80%99,Oregon State University,"11/04/2025, 08:00 AM, +0000 UTC",heat,2026-05-22T12:12:27.387778+00:00,,,,False,heat_dome,,,,,,2026-05-22T12:25:07.803346+00:00
https://subscriber.politicopro.com/article/eenews/2026/03/13/blizzard-polar-vortex-heat-dome-atmospheric-river-forecast-in-us-00827706,"E&E News: Blizzard, polar vortex, heat dome, atmospheric river forecast in US",,https://subscriber.politicopro.com/article/eenews/2026/03/13/blizzard-polar-vortex-heat-dome-atmospheric-river-forecast-in-us-00827706,POLITICO Pro,"03/13/2026, 07:00 AM, +0000 UTC",heat,2026-05-22T12:12:27.387778+00:00,,,,False,heat_dome,,,,,,2026-05-22T12:25:07.803346+00:00
https://phys.org/news/2026-03-north-america-dome-left-winners.html,North America 'heat dome' left winners and losers: Study,,https://phys.org/news/2026-03-north-america-dome-left-winners.html,Phys.org,"03/15/2026, 07:00 AM, +0000 UTC",heat,2026-05-22T12:12:27.387778+00:00,,,,False,heat_dome,,,,,,2026-05-22T12:25:07.803346+00:00
https://www.cnn.com/2026/03/17/weather/heat-wave-west-records-climate-change,"Extraordinary, climate change-linked heat wave envelops the West with mounting consequences",,https://www.cnn.com/2026/03/17/weather/heat-wave-west-records-climate-change,CNN,"03/17/2026, 07:00 AM, +0000 UTC",heat,2026-05-22T12:12:27.387778+00:00,,,,False,heat_dome,,,,,,2026-05-22T12:25:07.803346+00:00
https://www.pbs.org/newshour/show/how-climate-change-has-powered-the-heat-wave-blanketing-much-of-the-u-s,How climate change has powered the heat wave blanketing much of the U.S.,,https://www.pbs.org/newshour/show/how-climate-change-has-powered-the-heat-wave-blanketing-much-of-the-u-s,PBS,"03/26/2026, 07:00 AM, +0000 UTC",heat,2026-05-22T12:12:27.387778+00:00,,,,False,heat_dome,,,,,,2026-05-22T12:25:07.803346+00:00
https://www.severe-weather.eu/global-weather/christmas-2025-forecast-warmest-on-record-holidays-historic-heat-dome-united-states-mk/,Christmas 2025 Forecast: Warmest Holidays since the 1950s under a Historic Heat Dome,,https://www.severe-weather.eu/global-weather/christmas-2025-forecast-warmest-on-record-holidays-historic-heat-dome-united-states-mk/,Severe Weather Europe,"12/21/2025, 08:00 AM, +0000 UTC",heat,2026-05-22T12:12:27.387778+00:00,,,,False,heat_dome,,,,,,2026-05-22T12:25:07.803346+00:00
https://www.boston.gov/news/mayor-wu-declares-heat-emergency-july-16-through-july-18,Mayor Wu Declares Heat Emergency July 16 Through July 18,,https://www.boston.gov/news/mayor-wu-declares-heat-emergency-july-16-through-july-18,Boston.gov,"07/15/2025, 07:00 AM, +0000 UTC",heat,2026-05-22T12:12:27.387778+00:00,,,,False,heat_emergency,,,,,,2026-05-22T12:25:07.803346+00:00
https://www.spokesman.com/stories/2026/mar/12/a-record-heat-dome-is-about-to-hit-the-west-in-mar/,A record heat dome is about to hit the West — in March,,https://www.spokesman.com/stories/2026/mar/12/a-record-heat-dome-is-about-to-hit-the-west-in-mar/,The Spokesman-Review,"03/13/2026, 07:00 AM, +0000 UTC",heat,2026-05-22T12:12:27.387778+00:00,,,,False,heat_dome,,,,,,2026-05-22T12:25:07.803346+00:00
https://pv-magazine-usa.com/2026/04/03/heat-dome-and-high-pressure-boost-southern-u-s-solar-as-polar-vortex-clouds-the-north/,Heat dome and high pressure boost southern U.S. solar as polar vortex clouds the north,,https://pv-magazine-usa.com/2026/04/03/heat-dome-and-high-pressure-boost-southern-u-s-solar-as-polar-vortex-clouds-the-north/,pv magazine USA,"04/03/2026, 07:00 AM, +0000 UTC",heat,2026-05-22T12:12:27.387778+00:00,,,,False,heat_dome,,,,,,2026-05-22T12:25:07.803346+00:00
https://www.scientificamerican.com/article/heat-domes-extreme-heat-and-humidity-triggers-alerts-across-eastern-u-s/,A Massive Heat Dome Is Cooking the Eastern U.S.,,https://www.scientificamerican.com/article/heat-domes-extreme-heat-and-humidity-triggers-alerts-across-eastern-u-s/,Scientific American,"07/23/2025, 07:00 AM, +0000 UTC",heat,2026-05-22T12:12:27.387778+00:00,,,,False,heat_dome,,,,,,2026-05-22T12:25:07.803346+00:00
https://www.thecooldown.com/outdoors/record-heat-wave-us-19-states/,Meteorologist issues warning as heat dome creeps across country: 'The entire US is going to be hot',,https://www.thecooldown.com/outdoors/record-heat-wave-us-19-states/,The Cool Down,"03/26/2026, 07:00 AM, +0000 UTC",heat,2026-05-22T12:12:27.387778+00:00,,,,False,heat_dome,,,,,,2026-05-22T12:25:07.803346+00:00
https://www.kktv.com/2026/03/17/heat-dome-sliding-what-does-that-mean/,Heat Dome sliding in: What does that mean?,,https://www.kktv.com/2026/03/17/heat-dome-sliding-what-does-that-mean/,KKTV,"03/17/2026, 07:00 AM, +0000 UTC",heat,2026-05-22T12:12:27.387778+00:00,,,,False,heat_dome,,,,,,2026-05-22T12:25:07.803346+00:00
https://grist.org/extreme-heat/the-science-behind-the-heat-dome-a-mosh-pit-of-molecules/,The science behind the heat dome — ‘a mosh pit’ of molecules,,https://grist.org/extreme-heat/the-science-behind-the-heat-dome-a-mosh-pit-of-molecules/,grist.org,"07/22/2025, 07:00 AM, +0000 UTC",heat,2026-05-22T12:12:27.387778+00:00,,,,False,heat_dome,,,,,,2026-05-22T12:25:07.803346+00:00
https://www.foxweather.com/weather-news/noaa-warmest-march-ever-recorded-across-lower-48-historic-western-heat-dome,NOAA: Warmest March ever recorded across Lower 48 driven by historic Western heat dome,,https://www.foxweather.com/weather-news/noaa-warmest-march-ever-recorded-across-lower-48-historic-western-heat-dome,FOX Weather,"04/10/2026, 07:00 AM, +0000 UTC",heat,2026-05-22T12:12:27.387778+00:00,,,,False,heat_dome,,,,,,2026-05-22T12:25:07.803346+00:00
https://www.mensjournal.com/news/excessive-heat-warning-issued-as-100-degree-temperatures-record-march-highs-forecast-this-week,"Excessive Heat Warning Issued as 100-Degree Temperatures, Record March Highs Forecast This Week",,https://www.mensjournal.com/news/excessive-heat-warning-issued-as-100-degree-temperatures-record-march-highs-forecast-this-week,Men's Journal,"03/11/2026, 07:00 AM, +0000 UTC",heat,2026-05-22T12:12:27.387778+00:00,,,,False,heat_warning,,,,,,2026-05-22T12:25:07.803346+00:00
https://news.sky.com/story/us-suffers-hottest-march-day-ever-recorded-as-heat-dome-drives-up-temperatures-13522180,US suffers hottest March day ever recorded as heat dome drives up temperatures,,https://news.sky.com/story/us-suffers-hottest-march-day-ever-recorded-as-heat-dome-drives-up-temperatures-13522180,Sky News,"03/20/2026, 07:00 AM, +0000 UTC",heat,2026-05-22T12:12:27.387778+00:00,,,,False,heat_dome,,,,,,2026-05-22T12:25:07.803346+00:00
https://www.foxweather.com/weather-news/heat-dome-southeast,Life-threatening heat dome broils millions across eastern US as records tumble,,https://www.foxweather.com/weather-news/heat-dome-southeast,FOX Weather,"07/29/2025, 07:00 AM, +0000 UTC",heat,2026-05-22T12:12:27.387778+00:00,,,,False,heat_dome,,,,,,2026-05-22T12:25:07.803346+00:00
https://mavensnotebook.com/2026/03/12/daily-digest-3-12-a-record-heat-dome-is-about-to-hit-the-west-as-signs-of-strong-el-nino-emerge-water-board-to-release-new-rule-to-limit-water-pollution-from-dairies-the-mutibenefit-land-repurposi/,"DAILY DIGEST, 3/12: A record heat dome is about to hit the West as signs of strong El Niño emerge; Water Board to release new rule to limit water pollution from dairies; The Mutibenefit Land Repurposing Program’s 2025 progress report; Pacific Fishery Mana",,https://mavensnotebook.com/2026/03/12/daily-digest-3-12-a-record-heat-dome-is-about-to-hit-the-west-as-signs-of-strong-el-nino-emerge-water-board-to-release-new-rule-to-limit-water-pollution-from-dairies-the-mutibenefit-land-repurposi/,Maven's Notebook,"03/12/2026, 07:00 AM, +0000 UTC",heat,2026-05-22T12:12:27.387778+00:00,,,,False,heat_dome,,,,,,2026-05-22T12:25:07.803346+00:00
https://globalnews.ca/news/11729307/us-weather-blizzard-polar-vortex-heat-dome-atmospheric-river/,"A blizzard, polar vortex, heat dome and atmospheric river: U.S. faces weather chaos - National",,https://globalnews.ca/news/11729307/us-weather-blizzard-polar-vortex-heat-dome-atmospheric-river/,Global News,"03/13/2026, 07:00 AM, +0000 UTC",heat,2026-05-22T12:12:27.387778+00:00,,,,False,heat_dome,,,,,,2026-05-22T12:25:07.803346+00:00
https://phys.org/news/2026-03-weather-nuts-blizzard-polar-vortex.html,"US weather to go nuts with blizzard, polar vortex, heat dome, atmospheric river all at once",,https://phys.org/news/2026-03-weather-nuts-blizzard-polar-vortex.html,Phys.org,"03/13/2026, 07:00 AM, +0000 UTC",heat,2026-05-22T12:12:27.387778+00:00,,,,False,heat_dome,,,,,,2026-05-22T12:25:07.803346+00:00
https://www.nationalgeographic.com/environment/article/what-is-heat-dome,What is a heat dome? The climate phenomenon behind record heat,,https://www.nationalgeographic.com/environment/article/what-is-heat-dome,National Geographic,"06/23/2025, 07:00 AM, +0000 UTC",heat,2026-05-22T12:12:27.387778+00:00,,,,False,heat_dome,,,,,,2026-05-22T12:25:07.803346+00:00
https://www.stl.news/historic-heat-dome-expanding-to-envelop-almost-the-entire-united-states/,Historic heat dome expanding to envelop almost the entire United States.,,https://www.stl.news/historic-heat-dome-expanding-to-envelop-almost-the-entire-united-states/,stl.news,"03/24/2026, 07:00 AM, +0000 UTC",heat,2026-05-22T12:12:27.387778+00:00,,,,False,heat_dome,,,,,,2026-05-22T12:25:07.803346+00:00
https://www.severe-weather.eu/global-weather/heat-dome-heatwave-united-states-canada-sweltering-hot-weather-july-2025-mk/,"Heat Dome returns over east central U.S. next week, expands west and north into Canada through the end of July",,https://www.severe-weather.eu/global-weather/heat-dome-heatwave-united-states-canada-sweltering-hot-weather-july-2025-mk/,Severe Weather Europe,"07/19/2025, 07:00 AM, +0000 UTC",heat,2026-05-22T12:12:27.387778+00:00,,,,False,heat_dome,,,,,,2026-05-22T12:25:07.803346+00:00
https://www.scientificamerican.com/article/tampa-breaks-heat-record-as-heat-dome-bakes-eastern-u-s/,Scorching Heat Dome Sends Tampa to 100 Degrees F for the First Time,,https://www.scientificamerican.com/article/tampa-breaks-heat-record-as-heat-dome-bakes-eastern-u-s/,Scientific American,"07/28/2025, 07:00 AM, +0000 UTC",heat,2026-05-22T12:12:27.387778+00:00,,,,False,heat_dome,,,,,,2026-05-22T12:25:07.803346+00:00
https://www.sun-sentinel.com/2026/03/13/weather-extremes/,"US forecasts blizzard, polar vortex, heat dome and atmospheric river all at once",,https://www.sun-sentinel.com/2026/03/13/weather-extremes/,Sun Sentinel,"03/13/2026, 07:00 AM, +0000 UTC",heat,2026-05-22T12:12:27.387778+00:00,,,,False,heat_dome,,,,,,2026-05-22T12:25:07.803346+00:00
https://www.nesdis.noaa.gov/news/noaa-satellites-monitor-record-breaking-heat-wave,NOAA Satellites Monitor Record-Breaking Heat Wave,,https://www.nesdis.noaa.gov/news/noaa-satellites-monitor-record-breaking-heat-wave,"National Environmental Satellite, Data, and Information Service (.gov)","06/27/2025, 07:00 AM, +0000 UTC",heat,2026-05-22T12:12:27.387778+00:00,,,,False,heat_dome,,,,,,2026-05-22T12:25:07.803346+00:00
https://www.usatoday.com/story/news/nation/2025/07/21/heat-dome-extreme-temperatures/85304631007/,Heat dome to push extreme temperatures across much of US this week,,https://www.usatoday.com/story/news/nation/2025/07/21/heat-dome-extreme-temperatures/85304631007/,USA Today,"07/21/2025, 07:00 AM, +0000 UTC",heat,2026-05-22T12:12:27.387778+00:00,,,,False,heat_dome,,,,,,2026-05-22T12:25:07.803346+00:00
https://www.cjonline.com/story/news/state/2025/12/22/heat-dome-expected-to-obliterate-kansas-christmas-temperature-records-topeka/87873232007/,Topeka expected to see record-breaking temperatures this Christmas,,https://www.cjonline.com/story/news/state/2025/12/22/heat-dome-expected-to-obliterate-kansas-christmas-temperature-records-topeka/87873232007/,The Topeka Capital-Journal,"12/22/2025, 08:00 AM, +0000 UTC",heat,2026-05-22T12:12:27.387778+00:00,,,,False,heat_event,,,,,,2026-05-22T12:25:07.803346+00:00
https://www.wbur.org/news/2025/08/11/boston-heat-emergency-air-quality-alert,Boston is under its third heat emergency of the summer,,https://www.wbur.org/news/2025/08/11/boston-heat-emergency-air-quality-alert,WBUR,"08/12/2025, 07:00 AM, +0000 UTC",heat,2026-05-22T12:12:27.387778+00:00,,,,False,heat_emergency,,,,,,2026-05-22T12:25:07.803346+00:00
https://www.accuweather.com/en/weather-forecasts/building-western-us-heat-dome-may-set-records-cause-wildfires-to-surge/1801605,"Building western US heat dome may set records, cause wildfires to surge",,https://www.accuweather.com/en/weather-forecasts/building-western-us-heat-dome-may-set-records-cause-wildfires-to-surge/1801605,AccuWeather,"08/02/2025, 06:16 PM, +0000 UTC",heat,2026-05-22T12:12:27.387778+00:00,,,,False,heat_dome,,,,,,2026-05-22T12:25:07.803346+00:00
https://weather.com/science/weather-explainers/news/2025-06-20-death-ridge-heat-dome-explainer,Heat Domes Explained: Why These High-Pressure Systems Turn Deadly,,https://weather.com/science/weather-explainers/news/2025-06-20-death-ridge-heat-dome-explainer,The Weather Channel,"07/21/2025, 07:00 AM, +0000 UTC",heat,2026-05-22T12:12:27.387778+00:00,,,,False,heat_dome,,,,,,2026-05-22T12:25:07.803346+00:00
https://www.accuweather.com/en/weather-news/heat-advisory/1797625,100 million to swelter daily in massive US heat dome,,https://www.accuweather.com/en/weather-news/heat-advisory/1797625,AccuWeather,"07/22/2025, 07:00 AM, +0000 UTC",heat,2026-05-22T12:12:27.387778+00:00,,,,False,heat_dome,,,,,,2026-05-22T12:25:07.803346+00:00
https://www.deseret.com/environment/2026/03/13/massive-heat-dome-over-the-west/,‘Unprecedented’ heat to reach most of the West starting next week,,https://www.deseret.com/environment/2026/03/13/massive-heat-dome-over-the-west/,Deseret News,"03/13/2026, 07:00 AM, +0000 UTC",heat,2026-05-22T12:12:27.387778+00:00,,,,False,heat_event,,,,,,2026-05-22T12:25:07.803346+00:00
https://www.pbs.org/newshour/nation/eastern-half-of-u-s-bakes-under-heat-dome-with-more-days-of-dangerous-temperatures-ahead,"Eastern half of U.S. bakes under heat dome, with more days of dangerous temperatures ahead",,https://www.pbs.org/newshour/nation/eastern-half-of-u-s-bakes-under-heat-dome-with-more-days-of-dangerous-temperatures-ahead,PBS,"06/22/2025, 07:00 AM, +0000 UTC",heat,2026-05-22T12:12:27.387778+00:00,,,,False,heat_dome,,,,,,2026-05-22T12:25:07.803346+00:00
https://www.greenmatters.com/pn/record-breaking-march-heat-dome-to-hit-west-coast-soon-these-cities-will-face-the-worst-of-it,Record-Breaking March ‘Heat Dome’ To Hit West Coast Soon — These Cities Will Face The Worst of It,,https://www.greenmatters.com/pn/record-breaking-march-heat-dome-to-hit-west-coast-soon-these-cities-will-face-the-worst-of-it,Green Matters,"03/13/2026, 07:00 AM, +0000 UTC",heat,2026-05-22T12:12:27.387778+00:00,,,,False,heat_dome,,,,,,2026-05-22T12:25:07.803346+00:00
https://www.foxweather.com/weather-news/heat-dome-temperature-records-south-central-east,Severe storms rumble through Northeast heat dome with reports of damaging winds,,https://www.foxweather.com/weather-news/heat-dome-temperature-records-south-central-east,FOX Weather,"07/25/2025, 07:00 AM, +0000 UTC",heat,2026-05-22T12:12:27.387778+00:00,,,,False,heat_dome,,,,,,2026-05-22T12:25:07.803346+00:00
https://www.usatoday.com/story/news/nation/2025/07/22/heat-dome-weather-hot-temperatures/85319399007/,"Heat dome is scorching the South, moving toward the East: What you can expect",,https://www.usatoday.com/story/news/nation/2025/07/22/heat-dome-weather-hot-temperatures/85319399007/,USA Today,"07/22/2025, 07:00 AM, +0000 UTC",heat,2026-05-22T12:12:27.387778+00:00,,,,False,heat_dome,,,,,,2026-05-22T12:25:07.803346+00:00
https://www.foxweather.com/weather-news/heat-dome-ring-fire-storms-weather-pattern-us-forecast,Life-threatening heat dome intensifies as ring of fire storms rumble across central US,,https://www.foxweather.com/weather-news/heat-dome-ring-fire-storms-weather-pattern-us-forecast,FOX Weather,"07/21/2025, 07:00 AM, +0000 UTC",heat,2026-05-22T12:12:27.387778+00:00,,,,False,heat_dome,,,,,,2026-05-22T12:25:07.803346+00:00
https://www.nbcnews.com/science/science-news/heat-dome-causes-opressive-temperatures-explainer-rcna214939,Why do heat domes bring oppressive temperatures?,,https://www.nbcnews.com/science/science-news/heat-dome-causes-opressive-temperatures-explainer-rcna214939,NBC News,"06/26/2025, 07:00 AM, +0000 UTC",heat,2026-05-22T12:12:27.387778+00:00,,,,False,heat_dome,,,,,,2026-05-22T12:25:07.803346+00:00
https://watchers.news/2025/06/20/extreme-heat-alerts-central-eastern-usa-heat-dome/,"Extreme heat alerts issued for central, eastern U.S. as heat dome builds June 20 onwards",,https://watchers.news/2025/06/20/extreme-heat-alerts-central-eastern-usa-heat-dome/,The Watchers - Watching the world evolve and transform,"06/20/2025, 07:00 AM, +0000 UTC",heat,2026-05-22T12:12:27.387778+00:00,,,,False,heat_dome,,,,,,2026-05-22T12:25:07.803346+00:00
https://www.axios.com/2025/07/22/heat-wave-dome-corn-sweat-forecast,"A heat dome and ""corn sweat"" are driving this week's dangerous heat wave",,https://www.axios.com/2025/07/22/heat-wave-dome-corn-sweat-forecast,Axios,"07/22/2025, 07:00 AM, +0000 UTC",heat,2026-05-22T12:12:27.387778+00:00,,,,False,heat_dome,,,,,,2026-05-22T12:25:07.803346+00:00
https://www.accuweather.com/en/weather-forecasts/100-degree-heat-dome-to-set-up-shop-over-southern-us/1796367,100-degree heat dome to set up shop over southern US,,https://www.accuweather.com/en/weather-forecasts/100-degree-heat-dome-to-set-up-shop-over-southern-us/1796367,AccuWeather,"07/18/2025, 05:22 PM, +0000 UTC",heat,2026-05-22T12:12:27.387778+00:00,,,,False,heat_dome,,,,,,2026-05-22T12:25:07.803346+00:00
https://www.independent.co.uk/news/phoenix-hawaii-southwest-arctic-east-b2937692.html,"US weather to go nuts with blizzard, polar vortex, heat dome, atmospheric river all at once",,https://www.independent.co.uk/news/phoenix-hawaii-southwest-arctic-east-b2937692.html,The Independent,"03/13/2026, 07:00 AM, +0000 UTC",heat,2026-05-22T12:12:27.387778+00:00,,,,False,heat_dome,,,,,,2026-05-22T12:25:07.803346+00:00
https://rollingout.com/2026/03/22/heat-dome-rewrites-march-history/,Heat Dome Rewrites March History in 11 States,,https://rollingout.com/2026/03/22/heat-dome-rewrites-march-history/,Rolling Out,"03/22/2026, 07:00 AM, +0000 UTC",heat,2026-05-22T12:12:27.387778+00:00,,,,False,heat_dome,,,,,,2026-05-22T12:25:07.803346+00:00
https://www.clickorlando.com/weather/2025/07/29/end-in-sight-as-summer-heat-dome-persists-but-there-is-a-twist/,End in sight as summer heat dome persists. But there is a twist,,https://www.clickorlando.com/weather/2025/07/29/end-in-sight-as-summer-heat-dome-persists-but-there-is-a-twist/,WKMG,"07/29/2025, 07:00 AM, +0000 UTC",heat,2026-05-22T12:12:27.387778+00:00,,,,False,heat_dome,,,,,,2026-05-22T12:25:07.803346+00:00
https://watchers.news/2025/06/23/record-breaking-heat-grips-central-eastern-usa-heat-dome-intensifies/,Record-breaking heat grips central and eastern U.S. as heat dome intensifies,,https://watchers.news/2025/06/23/record-breaking-heat-grips-central-eastern-usa-heat-dome-intensifies/,The Watchers - Watching the world evolve and transform,"06/23/2025, 07:00 AM, +0000 UTC",heat,2026-05-22T12:12:27.387778+00:00,,,,False,heat_dome,,,,,,2026-05-22T12:25:07.803346+00:00
https://www.theguardian.com/us-news/2025/jun/20/heat-dome-warning-central-eastern-us,Millions of people across central and eastern US under ‘heat dome’ warning,,https://www.theguardian.com/us-news/2025/jun/20/heat-dome-warning-central-eastern-us,The Guardian,"06/20/2025, 07:00 AM, +0000 UTC",heat,2026-05-22T12:12:27.387778+00:00,,,,False,heat_dome,,,,,,2026-05-22T12:25:07.803346+00:00
https://www.thecooldown.com/outdoors/early-heat-dome-breaks-temperature-records/,Triple-digit heat dome set to break records across 10 states as the West braces for 117 degrees,,https://www.thecooldown.com/outdoors/early-heat-dome-breaks-temperature-records/,The Cool Down,"05/13/2026, 03:45 AM, +0000 UTC",heat,2026-05-23T11:03:36.450878+00:00,,,,False,heat_dome,,,,,,2026-05-23T11:16:42.363771+00:00
https://news.cuanschutz.edu/news-stories/heat-dome-grips-the-west-what-is-it-and-how-can-it-affect-health,"Heat Dome Grips the West: What Is It, and How Can It Affect Health?",,https://news.cuanschutz.edu/news-stories/heat-dome-grips-the-west-what-is-it-and-how-can-it-affect-health,CU Anschutz newsroom,"03/18/2026, 07:00 AM, +0000 UTC",heat,2026-05-23T11:03:36.450878+00:00,,,,False,heat_dome,,,,,,2026-05-23T11:16:42.363771+00:00
https://www.nytimes.com/article/heat-wave-cause.html,What to Know About Heat Waves and Domes,,https://www.nytimes.com/article/heat-wave-cause.html,The New York Times,"04/20/2026, 07:00 AM, +0000 UTC",heat,2026-05-23T11:03:36.450878+00:00,,,,False,heat_dome,,,,,,2026-05-23T11:16:42.363771+00:00
https://www.accuweather.com/en/weather-forecasts/record-shattering-march-scorcher-70-million-to-bake-in-summerlike-heat-dome-into-weekend/1873771,Record-shattering March scorcher: 70 million to bake in summerlike heat dome into weekend,,https://www.accuweather.com/en/weather-forecasts/record-shattering-march-scorcher-70-million-to-bake-in-summerlike-heat-dome-into-weekend/1873771,AccuWeather,"03/16/2026, 06:54 PM, +0000 UTC",heat,2026-05-23T11:03:36.450878+00:00,,,,False,heat_dome,,,,,,2026-05-23T11:16:42.363771+00:00
https://www.cbc.ca/news/climate/record-heat-dome-9.7139906,Record-breaking heat dome spreads across U.S.,,https://www.cbc.ca/news/climate/record-heat-dome-9.7139906,CBC,"03/24/2026, 07:00 AM, +0000 UTC",heat,2026-05-23T11:03:36.450878+00:00,,,,False,heat_dome,,,,,,2026-05-23T11:16:42.363771+00:00
https://www.aspenpublicradio.org/environment/2026-03-16/heat-dome-to-bring-record-breaking-temperatures-across-the-west,Heat dome to bring record-breaking temperatures across the West,,https://www.aspenpublicradio.org/environment/2026-03-16/heat-dome-to-bring-record-breaking-temperatures-across-the-west,Aspen Public Radio,"03/16/2026, 07:00 AM, +0000 UTC",heat,2026-05-23T11:03:36.450878+00:00,,,,False,heat_dome,,,,,,2026-05-23T11:16:42.363771+00:00
https://www.pbs.org/newshour/science/basically-the-entire-u-s-is-going-to-be-hot-as-record-smashing-heat-spreads,'Basically the entire U.S. is going to be hot' as record-smashing heat spreads,,https://www.pbs.org/newshour/science/basically-the-entire-u-s-is-going-to-be-hot-as-record-smashing-heat-spreads,PBS,"03/24/2026, 07:00 AM, +0000 UTC",heat,2026-05-23T11:03:36.450878+00:00,,,,False,heat_event,,,,,,2026-05-23T11:16:42.363771+00:00
https://www.smdp.com/us-forecasts-blizzard-polar-vortex-heat-dome-and-atmospheric-river-all-at-once/,"US forecasts blizzard, polar vortex, heat dome and atmospheric river all at once",,https://www.smdp.com/us-forecasts-blizzard-polar-vortex-heat-dome-and-atmospheric-river-all-at-once/,Santa Monica Daily Press,"03/13/2026, 07:00 AM, +0000 UTC",heat,2026-05-23T11:03:36.450878+00:00,,,,False,heat_dome,,,,,,2026-05-23T11:16:42.363771+00:00
https://www.nbcnews.com/weather/heat/blistering-heat-wave-across-western-us-rcna264506,The West's record-shattering heat wave isn't over as heat dome shifts into the Plains,,https://www.nbcnews.com/weather/heat/blistering-heat-wave-across-western-us-rcna264506,NBC News,"03/22/2026, 07:00 AM, +0000 UTC",heat,2026-05-23T11:03:36.450878+00:00,,,,False,heat_dome,,,,,,2026-05-23T11:16:42.363771+00:00
https://www.cnet.com/home/energy-and-utilities/historic-heat-dome-creeping-across-us-how-prepare/,A Historic Heat Dome Is Creeping Across the US. Here's How to Prepare,,https://www.cnet.com/home/energy-and-utilities/historic-heat-dome-creeping-across-us-how-prepare/,CNET,"03/24/2026, 07:00 AM, +0000 UTC",heat,2026-05-23T11:03:36.450878+00:00,,,,False,heat_dome,,,,,,2026-05-23T11:16:42.363771+00:00
https://www.climatecentral.org/climate-shift-index-alert/March-record-breaking-western-heatwave,"Record-breaking March heatwave, intensified by climate change, continues to shatter records across the U.S.",,https://www.climatecentral.org/climate-shift-index-alert/March-record-breaking-western-heatwave,Climate Central,"03/24/2026, 06:48 PM, +0000 UTC",heat,2026-05-23T11:03:36.450878+00:00,,,,False,heat_event,,,,,,2026-05-23T11:16:42.363771+00:00
https://www.newsweek.com/us-weather-prediction-spring-2026-heat-dome-11717091,US Weather Prediction for Spring 2026 Warns of ‘Heat Dome’,,https://www.newsweek.com/us-weather-prediction-spring-2026-heat-dome-11717091,Newsweek,"03/22/2026, 07:00 AM, +0000 UTC",heat,2026-05-23T11:03:36.450878+00:00,,,,False,heat_dome,,,,,,2026-05-23T11:16:42.363771+00:00
https://wpde.com/weather/abc-15-weather-authority-blog/hail-ice-stones-from-the-sky,The heat dome in the west,,https://wpde.com/weather/abc-15-weather-authority-blog/hail-ice-stones-from-the-sky,WPDE,"03/27/2026, 07:00 AM, +0000 UTC",heat,2026-05-23T11:03:36.450878+00:00,,,,False,heat_dome,,,,,,2026-05-23T11:16:42.363771+00:00
https://www.newsweek.com/heat-dome-map-shows-states-set-for-hottest-spring-temperatures-11733473,Heat Dome Map Shows States Set For Hottest Spring Temperatures,,https://www.newsweek.com/heat-dome-map-shows-states-set-for-hottest-spring-temperatures-11733473,Newsweek,"03/25/2026, 07:00 AM, +0000 UTC",heat,2026-05-23T11:03:36.450878+00:00,,,,False,heat_dome,,,,,,2026-05-23T11:16:42.363771+00:00
https://www.euronews.com/2026/03/20/pushing-extremes-to-new-levels-record-us-heat-dome-made-possible-by-climate-change,'Climate change in real time': US hit by record-shattering heatwave,,https://www.euronews.com/2026/03/20/pushing-extremes-to-new-levels-record-us-heat-dome-made-possible-by-climate-change,Euronews.com,"03/20/2026, 07:00 AM, +0000 UTC",heat,2026-05-23T11:03:36.450878+00:00,,,,False,heat_event,,,,,,2026-05-23T11:16:42.363771+00:00
https://www.nbcnews.com/weather/heat/western-heat-wave-ends-records-duration-intensity-rcna265514,"As Western heat wave ends, scientists try to make sense of its length and intensity",,https://www.nbcnews.com/weather/heat/western-heat-wave-ends-records-duration-intensity-rcna265514,NBC News,"03/28/2026, 07:00 AM, +0000 UTC",heat,2026-05-23T11:03:36.450878+00:00,,,,False,heat_dome,,,,,,2026-05-23T11:16:42.363771+00:00
https://abcnews.com/US/potentially-deadly-heat-wave-envelops-nation/story?id=111165226,Heat dome brings potentially historic temperatures to most of the nation,,https://abcnews.com/US/potentially-deadly-heat-wave-envelops-nation/story?id=111165226,"ABC News - Breaking News, Latest News and Videos","02/13/2026, 09:22 PM, +0000 UTC",heat,2026-05-23T11:03:36.450878+00:00,,,,False,heat_dome,,,,,,2026-05-23T11:16:42.363771+00:00
https://phys.org/news/2026-03-north-america-dome-left-winners.html,North America 'heat dome' left winners and losers: Study,,https://phys.org/news/2026-03-north-america-dome-left-winners.html,Phys.org,"03/15/2026, 07:00 AM, +0000 UTC",heat,2026-05-23T11:03:36.450878+00:00,,,,False,heat_dome,,,,,,2026-05-23T11:16:42.363771+00:00
https://www.usatoday.com/story/news/weather/2026/03/21/noaa-forecast-spring-weather-heat-dome/89242999007/,New spring 2026 forecasts warn of the dreaded 'heat dome',,https://www.usatoday.com/story/news/weather/2026/03/21/noaa-forecast-spring-weather-heat-dome/89242999007/,USA Today,"03/22/2026, 07:00 AM, +0000 UTC",heat,2026-05-23T11:03:36.450878+00:00,,,,False,heat_dome,,,,,,2026-05-23T11:16:42.363771+00:00
https://www.pbs.org/newshour/show/how-climate-change-has-powered-the-heat-wave-blanketing-much-of-the-u-s,How climate change has powered the heat wave blanketing much of the U.S.,,https://www.pbs.org/newshour/show/how-climate-change-has-powered-the-heat-wave-blanketing-much-of-the-u-s,PBS,"03/26/2026, 07:00 AM, +0000 UTC",heat,2026-05-23T11:03:36.450878+00:00,,,,False,heat_dome,,,,,,2026-05-23T11:16:42.363771+00:00
https://www.usatoday.com/story/news/weather/2026/03/28/april-weather-forecast-heat-dome/89347353007/,April weather forecast predicts 'major change' as heat dome moves,,https://www.usatoday.com/story/news/weather/2026/03/28/april-weather-forecast-heat-dome/89347353007/,USA Today,"03/28/2026, 07:00 AM, +0000 UTC",heat,2026-05-23T11:03:36.450878+00:00,,,,False,heat_dome,,,,,,2026-05-23T11:16:42.363771+00:00
https://www.yahoo.com/news/articles/meteorologist-issues-warning-heat-dome-040000429.html,Meteorologist issues warning as heat dome creeps across country: 'The entire US is going to be hot',,https://www.yahoo.com/news/articles/meteorologist-issues-warning-heat-dome-040000429.html,Yahoo,"03/25/2026, 07:00 AM, +0000 UTC",heat,2026-05-23T11:03:36.450878+00:00,,,,False,heat_dome,,,,,,2026-05-23T11:16:42.363771+00:00
https://www.foxweather.com/weather-news/noaa-warmest-march-ever-recorded-across-lower-48-historic-western-heat-dome,NOAA: Warmest March ever recorded across Lower 48 driven by historic Western heat dome,,https://www.foxweather.com/weather-news/noaa-warmest-march-ever-recorded-across-lower-48-historic-western-heat-dome,FOX Weather,"04/10/2026, 07:00 AM, +0000 UTC",heat,2026-05-23T11:03:36.450878+00:00,,,,False,heat_dome,,,,,,2026-05-23T11:16:42.363771+00:00
https://www.aol.com/spring-2026-forecasts-warn-dreaded-100250712.html,New spring 2026 forecasts warn of the dreaded 'heat dome',,https://www.aol.com/spring-2026-forecasts-warn-dreaded-100250712.html,AOL.com,"03/22/2026, 09:25 PM, +0000 UTC",heat,2026-05-23T11:03:36.450878+00:00,,,,False,heat_dome,,,,,,2026-05-23T11:16:42.363771+00:00
https://news.sky.com/story/us-suffers-hottest-march-day-ever-recorded-as-heat-dome-drives-up-temperatures-13522180,US suffers hottest March day ever recorded as heat dome drives up temperatures,,https://news.sky.com/story/us-suffers-hottest-march-day-ever-recorded-as-heat-dome-drives-up-temperatures-13522180,Sky News,"03/20/2026, 07:00 AM, +0000 UTC",heat,2026-05-23T11:03:36.450878+00:00,,,,False,heat_dome,,,,,,2026-05-23T11:16:42.363771+00:00
https://mavensnotebook.com/2026/03/12/daily-digest-3-12-a-record-heat-dome-is-about-to-hit-the-west-as-signs-of-strong-el-nino-emerge-water-board-to-release-new-rule-to-limit-water-pollution-from-dairies-the-mutibenefit-land-repurposi/,"DAILY DIGEST, 3/12: A record heat dome is about to hit the West as signs of strong El Niño emerge; Water Board to release new rule to limit water pollution from dairies; The Mutibenefit Land Repurposing Program’s 2025 progress report; Pacific Fishery Mana",,https://mavensnotebook.com/2026/03/12/daily-digest-3-12-a-record-heat-dome-is-about-to-hit-the-west-as-signs-of-strong-el-nino-emerge-water-board-to-release-new-rule-to-limit-water-pollution-from-dairies-the-mutibenefit-land-repurposi/,Maven's Notebook,"03/12/2026, 07:00 AM, +0000 UTC",heat,2026-05-23T11:03:36.450878+00:00,,,,False,heat_dome,,,,,,2026-05-23T11:16:42.363771+00:00
https://www.iheart.com/content/2026-03-13-all-50-us-states-could-face-extreme-weather-including-blizzard-heat-dome/,"All 50 US States Could Face Extreme Weather Including Blizzard, Heat Dome",,https://www.iheart.com/content/2026-03-13-all-50-us-states-could-face-extreme-weather-including-blizzard-heat-dome/,iHeart,"03/13/2026, 07:00 AM, +0000 UTC",heat,2026-05-23T11:03:36.450878+00:00,,,,False,heat_dome,,,,,,2026-05-23T11:16:42.363771+00:00
https://www.mensjournal.com/news/excessive-heat-warning-issued-as-100-degree-temperatures-record-march-highs-forecast-this-week,"Excessive Heat Warning Issued as 100-Degree Temperatures, Record March Highs Forecast This Week",,https://www.mensjournal.com/news/excessive-heat-warning-issued-as-100-degree-temperatures-record-march-highs-forecast-this-week,Men's Journal,"03/11/2026, 07:00 AM, +0000 UTC",heat,2026-05-23T11:03:36.450878+00:00,,,,False,heat_warning,,,,,,2026-05-23T11:16:42.363771+00:00
https://www.stl.news/historic-heat-dome-expanding-to-envelop-almost-the-entire-united-states/,Historic heat dome expanding to envelop almost the entire United States.,,https://www.stl.news/historic-heat-dome-expanding-to-envelop-almost-the-entire-united-states/,stl.news,"03/24/2026, 07:00 AM, +0000 UTC",heat,2026-05-23T11:03:36.450878+00:00,,,,False,heat_dome,,,,,,2026-05-23T11:16:42.363771+00:00
https://www.deseret.com/environment/2026/03/13/massive-heat-dome-over-the-west/,‘Unprecedented’ heat to reach most of the West starting next week,,https://www.deseret.com/environment/2026/03/13/massive-heat-dome-over-the-west/,Deseret News,"03/13/2026, 07:00 AM, +0000 UTC",heat,2026-05-23T11:03:36.450878+00:00,,,,False,heat_event,,,,,,2026-05-23T11:16:42.363771+00:00
https://www.severe-weather.eu/global-weather/christmas-2025-forecast-warmest-on-record-holidays-historic-heat-dome-united-states-mk/,Christmas 2025 Forecast: Warmest Holidays since the 1950s under a Historic Heat Dome,,https://www.severe-weather.eu/global-weather/christmas-2025-forecast-warmest-on-record-holidays-historic-heat-dome-united-states-mk/,Severe Weather Europe,"12/21/2025, 08:00 AM, +0000 UTC",heat,2026-05-23T11:03:36.450878+00:00,,,,False,heat_dome,,,,,,2026-05-23T11:16:42.363771+00:00
https://www.travelandtourworld.com/news/article/us-heat-dome-explosion-70-million-face-record-breaking-march-scorcher-as-temperatures-smash-100f-barrier/,US Heat Dome Explosion: 70 Million Face Record-Breaking March Scorcher as Temperatures Smash 100°F Barrier,,https://www.travelandtourworld.com/news/article/us-heat-dome-explosion-70-million-face-record-breaking-march-scorcher-as-temperatures-smash-100f-barrier/,Travel And Tour World,"03/19/2026, 07:00 AM, +0000 UTC",heat,2026-05-23T11:03:36.450878+00:00,,,,False,heat_dome,,,,,,2026-05-23T11:16:42.363771+00:00
https://www.sunherald.com/news/local/article315167447.html,"Record-breaking heat spreads across US, experts say. How hot could MS Coast get?",,https://www.sunherald.com/news/local/article315167447.html,Sun Herald,"03/24/2026, 07:00 AM, +0000 UTC",heat,2026-05-23T11:03:36.450878+00:00,,,,False,heat_event,,,,,,2026-05-23T11:16:42.363771+00:00
https://today.rtl.lu/news/world/north-america-heat-dome-left-winners-and-losers-study-1374419223,Ecological damage: North America 'heat dome' left winners and losers: study,,https://today.rtl.lu/news/world/north-america-heat-dome-left-winners-and-losers-study-1374419223,RTL Today,"03/11/2026, 07:00 AM, +0000 UTC",heat,2026-05-23T11:03:36.450878+00:00,,,,False,heat_dome,,,,,,2026-05-23T11:16:42.363771+00:00
https://www.cbsnews.com/news/maps-us-heat-advisory-high-temperature-dome-moves-east/,"Maps show U.S. heat advisories, high temperatures as heat dome moves east",,https://www.cbsnews.com/news/maps-us-heat-advisory-high-temperature-dome-moves-east/,CBS News,"07/25/2025, 07:00 AM, +0000 UTC",heat,2026-05-23T11:03:36.450878+00:00,,,,False,heat_dome,,,,,,2026-05-23T11:16:42.363771+00:00
https://www.climatecentral.org/climate-shift-index-alert/central-eastern-us-june-2025,Almost half of the U.S. affected by climate change-driven heat wave,,https://www.climatecentral.org/climate-shift-index-alert/central-eastern-us-june-2025,Climate Central,"06/20/2025, 07:00 AM, +0000 UTC",heat,2026-05-23T11:03:36.450878+00:00,,,,False,heat_dome,,,,,,2026-05-23T11:16:42.363771+00:00
https://news.oregonstate.edu/news/study-paints-detailed-picture-forest-canopy-damage-caused-%E2%80%98heat-dome%E2%80%99,Study paints detailed picture of forest canopy damage caused by ‘heat dome’,,https://news.oregonstate.edu/news/study-paints-detailed-picture-forest-canopy-damage-caused-%E2%80%98heat-dome%E2%80%99,Oregon State University,"11/04/2025, 08:00 AM, +0000 UTC",heat,2026-05-23T11:03:36.450878+00:00,,,,False,heat_dome,,,,,,2026-05-23T11:16:42.363771+00:00
https://www.boston.gov/news/mayor-wu-declares-heat-emergency-july-16-through-july-18,Mayor Wu Declares Heat Emergency July 16 Through July 18,,https://www.boston.gov/news/mayor-wu-declares-heat-emergency-july-16-through-july-18,Boston.gov,"07/15/2025, 07:00 AM, +0000 UTC",heat,2026-05-23T11:03:36.450878+00:00,,,,False,heat_emergency,,,,,,2026-05-23T11:16:42.363771+00:00
https://yaleclimateconnections.org/2025/08/is-heat-dome-overhyped-why-some-meteorologists-dislike-this-term/,Is ‘heat dome’ overhyped? Why some meteorologists dislike this term,,https://yaleclimateconnections.org/2025/08/is-heat-dome-overhyped-why-some-meteorologists-dislike-this-term/,Yale Climate Connections,"08/01/2025, 07:00 AM, +0000 UTC",heat,2026-05-23T11:03:36.450878+00:00,,,,False,heat_dome,,,,,,2026-05-23T11:16:42.363771+00:00
https://www.scientificamerican.com/article/heat-domes-extreme-heat-and-humidity-triggers-alerts-across-eastern-u-s/,A Massive Heat Dome Is Cooking the Eastern U.S.,,https://www.scientificamerican.com/article/heat-domes-extreme-heat-and-humidity-triggers-alerts-across-eastern-u-s/,Scientific American,"07/23/2025, 07:00 AM, +0000 UTC",heat,2026-05-23T11:03:36.450878+00:00,,,,False,heat_dome,,,,,,2026-05-23T11:16:42.363771+00:00
https://www.scientificamerican.com/article/heat-dome-temperatures-may-break-records-in-eastern-u-s/,This Heat Dome Isn’t Letting Up—It’s Just Getting Hotter,,https://www.scientificamerican.com/article/heat-dome-temperatures-may-break-records-in-eastern-u-s/,Scientific American,"07/25/2025, 07:00 AM, +0000 UTC",heat,2026-05-23T11:03:36.450878+00:00,,,,False,heat_dome,,,,,,2026-05-23T11:16:42.363771+00:00
https://grist.org/extreme-heat/the-science-behind-the-heat-dome-a-mosh-pit-of-molecules/,The science behind the heat dome — ‘a mosh pit’ of molecules,,https://grist.org/extreme-heat/the-science-behind-the-heat-dome-a-mosh-pit-of-molecules/,grist.org,"07/22/2025, 07:00 AM, +0000 UTC",heat,2026-05-23T11:03:36.450878+00:00,,,,False,heat_dome,,,,,,2026-05-23T11:16:42.363771+00:00
https://www.foxweather.com/weather-news/heat-dome-southeast,Life-threatening heat dome broils millions across eastern US as records tumble,,https://www.foxweather.com/weather-news/heat-dome-southeast,FOX Weather,"07/29/2025, 07:00 AM, +0000 UTC",heat,2026-05-23T11:03:36.450878+00:00,,,,False,heat_dome,,,,,,2026-05-23T11:16:42.363771+00:00
https://www.theguardian.com/us-news/2025/jul/25/heat-dome-dangerous-conditions-100-million-people,US heat dome causes dangerous conditions for more than 100 million people,,https://www.theguardian.com/us-news/2025/jul/25/heat-dome-dangerous-conditions-100-million-people,The Guardian,"07/25/2025, 07:00 AM, +0000 UTC",heat,2026-05-23T11:03:36.450878+00:00,,,,False,heat_dome,,,,,,2026-05-23T11:16:42.363771+00:00
https://www.nationalgeographic.com/environment/article/what-is-heat-dome,What is a heat dome? The climate phenomenon behind record heat,,https://www.nationalgeographic.com/environment/article/what-is-heat-dome,National Geographic,"06/23/2025, 07:00 AM, +0000 UTC",heat,2026-05-23T11:03:36.450878+00:00,,,,False,heat_dome,,,,,,2026-05-23T11:16:42.363771+00:00
https://www.severe-weather.eu/global-weather/heat-dome-heatwave-united-states-canada-sweltering-hot-weather-july-2025-mk/,"Heat Dome returns over east central U.S. next week, expands west and north into Canada through the end of July",,https://www.severe-weather.eu/global-weather/heat-dome-heatwave-united-states-canada-sweltering-hot-weather-july-2025-mk/,Severe Weather Europe,"07/19/2025, 07:00 AM, +0000 UTC",heat,2026-05-23T11:03:36.450878+00:00,,,,False,heat_dome,,,,,,2026-05-23T11:16:42.363771+00:00
https://www.npr.org/2025/06/24/nx-s1-5442736/early-season-heat-dome-highest-temperatures-years-parts-of-eastern-us,Early-season heat dome brings highest temperatures in years to parts of Eastern U.S.,,https://www.npr.org/2025/06/24/nx-s1-5442736/early-season-heat-dome-highest-temperatures-years-parts-of-eastern-us,NPR,"06/24/2025, 07:00 AM, +0000 UTC",heat,2026-05-23T11:03:36.450878+00:00,,,,False,heat_dome,,,,,,2026-05-23T11:16:42.363771+00:00
https://www.scientificamerican.com/article/tampa-breaks-heat-record-as-heat-dome-bakes-eastern-u-s/,Scorching Heat Dome Sends Tampa to 100 Degrees F for the First Time,,https://www.scientificamerican.com/article/tampa-breaks-heat-record-as-heat-dome-bakes-eastern-u-s/,Scientific American,"07/28/2025, 07:00 AM, +0000 UTC",heat,2026-05-23T11:03:36.450878+00:00,,,,False,heat_dome,,,,,,2026-05-23T11:16:42.363771+00:00
https://www.usatoday.com/story/news/nation/2025/07/21/heat-dome-extreme-temperatures/85304631007/,Heat dome to push extreme temperatures across much of US this week,,https://www.usatoday.com/story/news/nation/2025/07/21/heat-dome-extreme-temperatures/85304631007/,USA Today,"07/21/2025, 07:00 AM, +0000 UTC",heat,2026-05-23T11:03:36.450878+00:00,,,,False,heat_dome,,,,,,2026-05-23T11:16:42.363771+00:00
https://www.wbur.org/news/2025/08/11/boston-heat-emergency-air-quality-alert,Boston is under its third heat emergency of the summer,,https://www.wbur.org/news/2025/08/11/boston-heat-emergency-air-quality-alert,WBUR,"08/12/2025, 07:00 AM, +0000 UTC",heat,2026-05-23T11:03:36.450878+00:00,,,,False,heat_emergency,,,,,,2026-05-23T11:16:42.363771+00:00
https://www.accuweather.com/en/weather-forecasts/building-western-us-heat-dome-may-set-records-cause-wildfires-to-surge/1801605,"Building western US heat dome may set records, cause wildfires to surge",,https://www.accuweather.com/en/weather-forecasts/building-western-us-heat-dome-may-set-records-cause-wildfires-to-surge/1801605,AccuWeather,"08/02/2025, 06:16 PM, +0000 UTC",heat,2026-05-23T11:03:36.450878+00:00,,,,False,heat_dome,,,,,,2026-05-23T11:16:42.363771+00:00
https://www.pbs.org/newshour/nation/eastern-half-of-u-s-bakes-under-heat-dome-with-more-days-of-dangerous-temperatures-ahead,"Eastern half of U.S. bakes under heat dome, with more days of dangerous temperatures ahead",,https://www.pbs.org/newshour/nation/eastern-half-of-u-s-bakes-under-heat-dome-with-more-days-of-dangerous-temperatures-ahead,PBS,"06/22/2025, 07:00 AM, +0000 UTC",heat,2026-05-23T11:03:36.450878+00:00,,,,False,heat_dome,,,,,,2026-05-23T11:16:42.363771+00:00
https://www.accuweather.com/en/weather-news/heat-advisory/1797625,100 million to swelter daily in massive US heat dome,,https://www.accuweather.com/en/weather-news/heat-advisory/1797625,AccuWeather,"07/22/2025, 07:00 AM, +0000 UTC",heat,2026-05-23T11:03:36.450878+00:00,,,,False,heat_dome,,,,,,2026-05-23T11:16:42.363771+00:00
https://www.foxweather.com/weather-news/heat-dome-ring-fire-storms-weather-pattern-us-forecast,Life-threatening heat dome intensifies as ring of fire storms rumble across central US,,https://www.foxweather.com/weather-news/heat-dome-ring-fire-storms-weather-pattern-us-forecast,FOX Weather,"07/21/2025, 07:00 AM, +0000 UTC",heat,2026-05-23T11:03:36.450878+00:00,,,,False,heat_dome,,,,,,2026-05-23T11:16:42.363771+00:00
https://www.washingtonpost.com/weather/2025/06/19/maps-extreme-heat-humidity-forecast/,A heat dome is about to bring extreme heat and humidity to more than 200 million,,https://www.washingtonpost.com/weather/2025/06/19/maps-extreme-heat-humidity-forecast/,The Washington Post,"06/20/2025, 07:00 AM, +0000 UTC",heat,2026-05-23T11:03:36.450878+00:00,,,,False,heat_dome,,,,,,2026-05-23T11:16:42.363771+00:00
https://watchers.news/2025/06/20/extreme-heat-alerts-central-eastern-usa-heat-dome/,"Extreme heat alerts issued for central, eastern U.S. as heat dome builds June 20 onwards",,https://watchers.news/2025/06/20/extreme-heat-alerts-central-eastern-usa-heat-dome/,The Watchers - Watching the world evolve and transform,"06/20/2025, 07:00 AM, +0000 UTC",heat,2026-05-23T11:03:36.450878+00:00,,,,False,heat_dome,,,,,,2026-05-23T11:16:42.363771+00:00
https://www.nbcnews.com/science/science-news/heat-dome-causes-opressive-temperatures-explainer-rcna214939,Why do heat domes bring oppressive temperatures?,,https://www.nbcnews.com/science/science-news/heat-dome-causes-opressive-temperatures-explainer-rcna214939,NBC News,"06/26/2025, 07:00 AM, +0000 UTC",heat,2026-05-23T11:03:36.450878+00:00,,,,False,heat_dome,,,,,,2026-05-23T11:16:42.363771+00:00
https://www.axios.com/2025/07/22/heat-wave-dome-corn-sweat-forecast,"A heat dome and ""corn sweat"" are driving this week's dangerous heat wave",,https://www.axios.com/2025/07/22/heat-wave-dome-corn-sweat-forecast,Axios,"07/22/2025, 07:00 AM, +0000 UTC",heat,2026-05-23T11:03:36.450878+00:00,,,,False,heat_dome,,,,,,2026-05-23T11:16:42.363771+00:00
https://www.foxweather.com/weather-news/heat-wave-dome-northeast-mid-atlantic-new-england-summer-2025,Century-old temperature records tumble as heat dome bakes millions in Northeast,,https://www.foxweather.com/weather-news/heat-wave-dome-northeast-mid-atlantic-new-england-summer-2025,FOX Weather,"06/23/2025, 07:00 AM, +0000 UTC",heat,2026-05-23T11:03:36.450878+00:00,,,,False,heat_dome,,,,,,2026-05-23T11:16:42.363771+00:00
https://www.foxweather.com/weather-news/heat-dome-temperature-records-south-central-east,Severe storms rumble through Northeast heat dome with reports of damaging winds,,https://www.foxweather.com/weather-news/heat-dome-temperature-records-south-central-east,FOX Weather,"07/25/2025, 07:00 AM, +0000 UTC",heat,2026-05-23T11:03:36.450878+00:00,,,,False,heat_dome,,,,,,2026-05-23T11:16:42.363771+00:00
https://www.usatoday.com/story/news/nation/2025/07/22/heat-dome-weather-hot-temperatures/85319399007/,"Heat dome is scorching the South, moving toward the East: What you can expect",,https://www.usatoday.com/story/news/nation/2025/07/22/heat-dome-weather-hot-temperatures/85319399007/,USA Today,"07/22/2025, 07:00 AM, +0000 UTC",heat,2026-05-23T11:03:36.450878+00:00,,,,False,heat_dome,,,,,,2026-05-23T11:16:42.363771+00:00
https://www.accuweather.com/en/weather-forecasts/100-degree-heat-dome-to-set-up-shop-over-southern-us/1796367,100-degree heat dome to set up shop over southern US,,https://www.accuweather.com/en/weather-forecasts/100-degree-heat-dome-to-set-up-shop-over-southern-us/1796367,AccuWeather,"07/18/2025, 05:22 PM, +0000 UTC",heat,2026-05-23T11:03:36.450878+00:00,,,,False,heat_dome,,,,,,2026-05-23T11:16:42.363771+00:00
https://watchers.news/2025/06/23/record-breaking-heat-grips-central-eastern-usa-heat-dome-intensifies/,Record-breaking heat grips central and eastern U.S. as heat dome intensifies,,https://watchers.news/2025/06/23/record-breaking-heat-grips-central-eastern-usa-heat-dome-intensifies/,The Watchers - Watching the world evolve and transform,"06/23/2025, 07:00 AM, +0000 UTC",heat,2026-05-23T11:03:36.450878+00:00,,,,False,heat_dome,,,,,,2026-05-23T11:16:42.363771+00:00
https://www.bbc.com/news/articles/cqlle2v2dpxo,Heat dome brings dangerous weather to western US,,https://www.bbc.com/news/articles/cqlle2v2dpxo,BBC,"06/04/2024, 07:00 AM, +0000 UTC",heat,2026-05-23T11:03:36.450878+00:00,,,,False,heat_dome,,,,,,2026-05-23T11:16:42.363771+00:00
https://www.severe-weather.eu/global-weather/heat-dome-intense-heatwave-summer-2025-united-states-mk/,"Heat Dome develops over the U.S. by the weekend, intensifying a heatwave into the next week",,https://www.severe-weather.eu/global-weather/heat-dome-intense-heatwave-summer-2025-united-states-mk/,Severe Weather Europe,"06/19/2025, 07:00 AM, +0000 UTC",heat,2026-05-23T11:03:36.450878+00:00,,,,False,heat_dome,,,,,,2026-05-23T11:16:42.363771+00:00
https://www.cnn.com/2025/06/24/weather/heat-dome-east-coast-climate,Tuesday was the hottest day in over a decade for parts of the East Coast. When will this extreme heat wave end?,,https://www.cnn.com/2025/06/24/weather/heat-dome-east-coast-climate,CNN,"06/24/2025, 07:00 AM, +0000 UTC",heat,2026-05-23T11:03:36.450878+00:00,,,,False,heat_dome,,,,,,2026-05-23T11:16:42.363771+00:00
https://www.npr.org/2024/06/06/nx-s1-4992288/heat-dome-high-temperatures-western-us,A heat dome can bring dangerously high temperatures. What is it?,,https://www.npr.org/2024/06/06/nx-s1-4992288/heat-dome-high-temperatures-western-us,NPR,"06/06/2024, 07:00 AM, +0000 UTC",heat,2026-05-23T11:03:36.450878+00:00,,,,False,heat_dome,,,,,,2026-05-23T11:16:42.363771+00:00
https://www.theguardian.com/us-news/2025/jun/20/heat-dome-warning-central-eastern-us,Millions of people across central and eastern US under ‘heat dome’ warning,,https://www.theguardian.com/us-news/2025/jun/20/heat-dome-warning-central-eastern-us,The Guardian,"06/20/2025, 07:00 AM, +0000 UTC",heat,2026-05-23T11:03:36.450878+00:00,,,,False,heat_dome,,,,,,2026-05-23T11:16:42.363771+00:00
https://www.washingtonpost.com/weather/2023/08/17/heat-wave-texas-excessive-heat-warning/,"Brutal heat wave developing over central U.S., with excessive heat watches in Midwest",,https://www.washingtonpost.com/weather/2023/08/17/heat-wave-texas-excessive-heat-warning/,The Washington Post,"08/17/2023, 07:00 AM, +0000 UTC",heat,2026-05-23T11:03:36.450878+00:00,Midwest,Midwest,region,True,heat_warning,,,,41.0,-89.0,2026-05-23T11:16:42.363771+00:00
https://www.clickorlando.com/weather/2025/07/29/end-in-sight-as-summer-heat-dome-persists-but-there-is-a-twist/,End in sight as summer heat dome persists. But there is a twist,,https://www.clickorlando.com/weather/2025/07/29/end-in-sight-as-summer-heat-dome-persists-but-there-is-a-twist/,WKMG,"07/29/2025, 07:00 AM, +0000 UTC",heat,2026-05-23T11:03:36.450878+00:00,,,,False,heat_dome,,,,,,2026-05-23T11:16:42.363771+00:00
https://science.nasa.gov/earth/earth-observatory/heat-dome-descends-on-central-us-151751/,Heat Dome Descends on Central U.S.,,https://science.nasa.gov/earth/earth-observatory/heat-dome-descends-on-central-us-151751/,NASA Science (.gov),"08/26/2023, 07:00 AM, +0000 UTC",heat,2026-05-23T11:03:36.450878+00:00,,,,False,heat_dome,,,,,,2026-05-23T11:16:42.363771+00:00
https://news.cuanschutz.edu/news-stories/heat-dome-grips-the-west-what-is-it-and-how-can-it-affect-health,"Heat Dome Grips the West: What Is It, and How Can It Affect Health?",,https://news.cuanschutz.edu/news-stories/heat-dome-grips-the-west-what-is-it-and-how-can-it-affect-health,University of Colorado Anschutz,"03/18/2026, 07:00 AM, +0000 UTC",heat,2026-05-24T11:06:38.439365+00:00,,,,False,heat_dome,,,,,,2026-05-24T11:19:36.576297+00:00
https://www.nytimes.com/article/heat-wave-cause.html,What to Know About Heat Waves and Domes,,https://www.nytimes.com/article/heat-wave-cause.html,The New York Times,"04/20/2026, 07:00 AM, +0000 UTC",heat,2026-05-24T11:06:38.439365+00:00,,,,False,heat_dome,,,,,,2026-05-24T11:19:36.576297+00:00
https://www.aspenpublicradio.org/environment/2026-03-16/heat-dome-to-bring-record-breaking-temperatures-across-the-west,Heat dome to bring record-breaking temperatures across the West,,https://www.aspenpublicradio.org/environment/2026-03-16/heat-dome-to-bring-record-breaking-temperatures-across-the-west,Aspen Public Radio,"03/16/2026, 07:00 AM, +0000 UTC",heat,2026-05-24T11:06:38.439365+00:00,,,,False,heat_dome,,,,,,2026-05-24T11:19:36.576297+00:00
https://www.cbc.ca/news/climate/record-heat-dome-9.7139906,Record-breaking heat dome spreads across U.S.,,https://www.cbc.ca/news/climate/record-heat-dome-9.7139906,CBC,"03/24/2026, 07:00 AM, +0000 UTC",heat,2026-05-24T11:06:38.439365+00:00,,,,False,heat_dome,,,,,,2026-05-24T11:19:36.576297+00:00
https://www.pbs.org/newshour/nation/u-s-forecasts-blizzard-polar-vortex-heat-dome-and-atmospheric-river-all-at-once,"U.S. forecasts blizzard, polar vortex, heat dome and atmospheric river all at once",,https://www.pbs.org/newshour/nation/u-s-forecasts-blizzard-polar-vortex-heat-dome-and-atmospheric-river-all-at-once,PBS,"03/13/2026, 07:00 AM, +0000 UTC",heat,2026-05-24T11:06:38.439365+00:00,,,,False,heat_dome,,,,,,2026-05-24T11:19:36.576297+00:00
https://www.cbsnews.com/news/maps-us-heat-advisory-high-temperature-dome-moves-east/,"Maps show U.S. heat advisories, high temperatures as heat dome moves east",,https://www.cbsnews.com/news/maps-us-heat-advisory-high-temperature-dome-moves-east/,CBS News,"07/25/2025, 07:00 AM, +0000 UTC",heat,2026-05-24T11:06:38.439365+00:00,,,,False,heat_dome,,,,,,2026-05-24T11:19:36.576297+00:00
https://www.climatecentral.org/climate-shift-index-alert/March-record-breaking-western-heatwave,"Record-breaking March heatwave, intensified by climate change, continues to shatter records across the U.S.",,https://www.climatecentral.org/climate-shift-index-alert/March-record-breaking-western-heatwave,Climate Central,"03/24/2026, 06:48 PM, +0000 UTC",heat,2026-05-24T11:06:38.439365+00:00,,,,False,heat_event,,,,,,2026-05-24T11:19:36.576297+00:00
https://www.thecooldown.com/outdoors/early-heat-dome-breaks-temperature-records/,Triple-digit heat dome set to break records across 10 states as the West braces for 117 degrees,,https://www.thecooldown.com/outdoors/early-heat-dome-breaks-temperature-records/,The Cool Down,"05/13/2026, 03:45 AM, +0000 UTC",heat,2026-05-24T11:06:38.439365+00:00,,,,False,heat_dome,,,,,,2026-05-24T11:19:36.576297+00:00
https://www.nbcnews.com/weather/heat/blistering-heat-wave-across-western-us-rcna264506,The West's record-shattering heat wave isn't over as heat dome shifts into the Plains,,https://www.nbcnews.com/weather/heat/blistering-heat-wave-across-western-us-rcna264506,NBC News,"03/22/2026, 07:00 AM, +0000 UTC",heat,2026-05-24T11:06:38.439365+00:00,,,,False,heat_dome,,,,,,2026-05-24T11:19:36.576297+00:00
https://www.cnet.com/home/energy-and-utilities/historic-heat-dome-creeping-across-us-how-prepare/,A Historic Heat Dome Is Creeping Across the US. Here's How to Prepare,,https://www.cnet.com/home/energy-and-utilities/historic-heat-dome-creeping-across-us-how-prepare/,CNET,"03/24/2026, 07:00 AM, +0000 UTC",heat,2026-05-24T11:06:38.439365+00:00,,,,False,heat_dome,,,,,,2026-05-24T11:19:36.576297+00:00
https://www.pbs.org/newshour/science/basically-the-entire-u-s-is-going-to-be-hot-as-record-smashing-heat-spreads,'Basically the entire U.S. is going to be hot' as record-smashing heat spreads,,https://www.pbs.org/newshour/science/basically-the-entire-u-s-is-going-to-be-hot-as-record-smashing-heat-spreads,PBS,"03/24/2026, 07:00 AM, +0000 UTC",heat,2026-05-24T11:06:38.439365+00:00,,,,False,heat_event,,,,,,2026-05-24T11:19:36.576297+00:00
https://www.newsweek.com/us-weather-prediction-spring-2026-heat-dome-11717091,US Weather Prediction for Spring 2026 Warns of ‘Heat Dome’,,https://www.newsweek.com/us-weather-prediction-spring-2026-heat-dome-11717091,Newsweek,"03/22/2026, 07:00 AM, +0000 UTC",heat,2026-05-24T11:06:38.439365+00:00,,,,False,heat_dome,,,,,,2026-05-24T11:19:36.576297+00:00
https://news.oregonstate.edu/news/study-paints-detailed-picture-forest-canopy-damage-caused-%E2%80%98heat-dome%E2%80%99,Study paints detailed picture of forest canopy damage caused by ‘heat dome’,,https://news.oregonstate.edu/news/study-paints-detailed-picture-forest-canopy-damage-caused-%E2%80%98heat-dome%E2%80%99,Oregon State University,"11/04/2025, 08:00 AM, +0000 UTC",heat,2026-05-24T11:06:38.439365+00:00,,,,False,heat_dome,,,,,,2026-05-24T11:19:36.576297+00:00
https://www.newsweek.com/heat-dome-map-shows-states-set-for-hottest-spring-temperatures-11733473,Heat Dome Map Shows States Set For Hottest Spring Temperatures,,https://www.newsweek.com/heat-dome-map-shows-states-set-for-hottest-spring-temperatures-11733473,Newsweek,"03/25/2026, 07:00 AM, +0000 UTC",heat,2026-05-24T11:06:38.439365+00:00,,,,False,heat_dome,,,,,,2026-05-24T11:19:36.576297+00:00
https://www.theatlantic.com/science/2026/03/west-heat-wave/686457/,There’s No Way the American West Will Have a Normal Summer,,https://www.theatlantic.com/science/2026/03/west-heat-wave/686457/,The Atlantic,"03/19/2026, 07:00 AM, +0000 UTC",heat,2026-05-24T11:06:38.439365+00:00,,,,False,heat_event,,,,,,2026-05-24T11:19:36.576297+00:00
https://phys.org/news/2026-03-north-america-dome-left-winners.html,North America 'heat dome' left winners and losers: Study,,https://phys.org/news/2026-03-north-america-dome-left-winners.html,Phys.org,"03/15/2026, 07:00 AM, +0000 UTC",heat,2026-05-24T11:06:38.439365+00:00,,,,False,heat_dome,,,,,,2026-05-24T11:19:36.576297+00:00
https://www.euronews.com/2026/03/20/pushing-extremes-to-new-levels-record-us-heat-dome-made-possible-by-climate-change,'Climate change in real time': US hit by record-shattering heatwave,,https://www.euronews.com/2026/03/20/pushing-extremes-to-new-levels-record-us-heat-dome-made-possible-by-climate-change,Euronews.com,"03/20/2026, 07:00 AM, +0000 UTC",heat,2026-05-24T11:06:38.439365+00:00,,,,False,heat_event,,,,,,2026-05-24T11:19:36.576297+00:00
https://yaleclimateconnections.org/2025/08/is-heat-dome-overhyped-why-some-meteorologists-dislike-this-term/,Is ‘heat dome’ overhyped? Why some meteorologists dislike this term,,https://yaleclimateconnections.org/2025/08/is-heat-dome-overhyped-why-some-meteorologists-dislike-this-term/,Yale Climate Connections,"08/01/2025, 07:00 AM, +0000 UTC",heat,2026-05-24T11:06:38.439365+00:00,,,,False,heat_dome,,,,,,2026-05-24T11:19:36.576297+00:00
https://www.nbcnews.com/weather/heat/western-heat-wave-ends-records-duration-intensity-rcna265514,"As Western heat wave ends, scientists try to make sense of its length and intensity",,https://www.nbcnews.com/weather/heat/western-heat-wave-ends-records-duration-intensity-rcna265514,NBC News,"03/28/2026, 07:00 AM, +0000 UTC",heat,2026-05-24T11:06:38.439365+00:00,,,,False,heat_dome,,,,,,2026-05-24T11:19:36.576297+00:00
https://www.climatecentral.org/climate-shift-index-alert/central-eastern-us-june-2025,Almost half of the U.S. affected by climate change-driven heat wave,,https://www.climatecentral.org/climate-shift-index-alert/central-eastern-us-june-2025,Climate Central,"06/20/2025, 07:00 AM, +0000 UTC",heat,2026-05-24T11:06:38.439365+00:00,,,,False,heat_dome,,,,,,2026-05-24T11:19:36.576297+00:00
https://www.foxweather.com/weather-news/heat-dome-southeast,Life-threatening heat dome broils millions across eastern US as records tumble,,https://www.foxweather.com/weather-news/heat-dome-southeast,FOX Weather,"07/29/2025, 07:00 AM, +0000 UTC",heat,2026-05-24T11:06:38.439365+00:00,,,,False,heat_dome,,,,,,2026-05-24T11:19:36.576297+00:00
https://www.boston.gov/news/mayor-wu-declares-heat-emergency-july-16-through-july-18,Mayor Wu Declares Heat Emergency July 16 Through July 18,,https://www.boston.gov/news/mayor-wu-declares-heat-emergency-july-16-through-july-18,Boston.gov,"07/15/2025, 07:00 AM, +0000 UTC",heat,2026-05-24T11:06:38.439365+00:00,,,,False,heat_emergency,,,,,,2026-05-24T11:19:36.576297+00:00
https://wpde.com/weather/abc-15-weather-authority-blog/hail-ice-stones-from-the-sky,The heat dome in the west,,https://wpde.com/weather/abc-15-weather-authority-blog/hail-ice-stones-from-the-sky,WPDE,"03/23/2026, 07:00 AM, +0000 UTC",heat,2026-05-24T11:06:38.439365+00:00,,,,False,heat_dome,,,,,,2026-05-24T11:19:36.576297+00:00
https://pv-magazine-usa.com/2026/04/03/heat-dome-and-high-pressure-boost-southern-u-s-solar-as-polar-vortex-clouds-the-north/,Heat dome and high pressure boost southern U.S. solar as polar vortex clouds the north,,https://pv-magazine-usa.com/2026/04/03/heat-dome-and-high-pressure-boost-southern-u-s-solar-as-polar-vortex-clouds-the-north/,pv magazine USA,"04/03/2026, 07:00 AM, +0000 UTC",heat,2026-05-24T11:06:38.439365+00:00,,,,False,heat_dome,,,,,,2026-05-24T11:19:36.576297+00:00
https://www.pbs.org/newshour/show/how-climate-change-has-powered-the-heat-wave-blanketing-much-of-the-u-s,How climate change has powered the heat wave blanketing much of the U.S.,,https://www.pbs.org/newshour/show/how-climate-change-has-powered-the-heat-wave-blanketing-much-of-the-u-s,PBS,"03/26/2026, 07:00 AM, +0000 UTC",heat,2026-05-24T11:06:38.439365+00:00,,,,False,heat_dome,,,,,,2026-05-24T11:19:36.576297+00:00
https://www.usatoday.com/story/news/weather/2026/03/28/april-weather-forecast-heat-dome/89347353007/,April weather forecast predicts 'major change' as heat dome moves,,https://www.usatoday.com/story/news/weather/2026/03/28/april-weather-forecast-heat-dome/89347353007/,USA Today,"03/28/2026, 07:00 AM, +0000 UTC",heat,2026-05-24T11:06:38.439365+00:00,,,,False,heat_dome,,,,,,2026-05-24T11:19:36.576297+00:00
https://www.scientificamerican.com/article/heat-domes-extreme-heat-and-humidity-triggers-alerts-across-eastern-u-s/,A Massive Heat Dome Is Cooking the Eastern U.S.,,https://www.scientificamerican.com/article/heat-domes-extreme-heat-and-humidity-triggers-alerts-across-eastern-u-s/,Scientific American,"07/23/2025, 07:00 AM, +0000 UTC",heat,2026-05-24T11:06:38.439365+00:00,,,,False,heat_dome,,,,,,2026-05-24T11:19:36.576297+00:00
https://www.severe-weather.eu/global-weather/christmas-2025-forecast-warmest-on-record-holidays-historic-heat-dome-united-states-mk/,Christmas 2025 Forecast: Warmest Holidays since the 1950s under a Historic Heat Dome,,https://www.severe-weather.eu/global-weather/christmas-2025-forecast-warmest-on-record-holidays-historic-heat-dome-united-states-mk/,Severe Weather Europe,"12/21/2025, 08:00 AM, +0000 UTC",heat,2026-05-24T11:06:38.439365+00:00,,,,False,heat_dome,,,,,,2026-05-24T11:19:36.576297+00:00
https://www.spokesman.com/stories/2026/mar/12/a-record-heat-dome-is-about-to-hit-the-west-in-mar/,A record heat dome is about to hit the West — in March,,https://www.spokesman.com/stories/2026/mar/12/a-record-heat-dome-is-about-to-hit-the-west-in-mar/,The Spokesman-Review,"03/13/2026, 07:00 AM, +0000 UTC",heat,2026-05-24T11:06:38.439365+00:00,,,,False,heat_dome,,,,,,2026-05-24T11:19:36.576297+00:00
https://www.yahoo.com/news/articles/meteorologist-issues-warning-heat-dome-040000429.html,Meteorologist issues warning as heat dome creeps across country: 'The entire US is going to be hot',,https://www.yahoo.com/news/articles/meteorologist-issues-warning-heat-dome-040000429.html,Yahoo,"03/25/2026, 07:00 AM, +0000 UTC",heat,2026-05-24T11:06:38.439365+00:00,,,,False,heat_dome,,,,,,2026-05-24T11:19:36.576297+00:00
https://grist.org/extreme-heat/the-science-behind-the-heat-dome-a-mosh-pit-of-molecules/,The science behind the heat dome — ‘a mosh pit’ of molecules,,https://grist.org/extreme-heat/the-science-behind-the-heat-dome-a-mosh-pit-of-molecules/,grist.org,"07/22/2025, 07:00 AM, +0000 UTC",heat,2026-05-24T11:06:38.439365+00:00,,,,False,heat_dome,,,,,,2026-05-24T11:19:36.576297+00:00
https://www.kktv.com/2026/03/17/heat-dome-sliding-what-does-that-mean/,Heat Dome sliding in: What does that mean?,,https://www.kktv.com/2026/03/17/heat-dome-sliding-what-does-that-mean/,KKTV,"03/17/2026, 07:00 AM, +0000 UTC",heat,2026-05-24T11:06:38.439365+00:00,,,,False,heat_dome,,,,,,2026-05-24T11:19:36.576297+00:00
https://www.foxweather.com/weather-news/noaa-warmest-march-ever-recorded-across-lower-48-historic-western-heat-dome,NOAA: Warmest March ever recorded across Lower 48 driven by historic Western heat dome,,https://www.foxweather.com/weather-news/noaa-warmest-march-ever-recorded-across-lower-48-historic-western-heat-dome,FOX Weather,"04/10/2026, 07:00 AM, +0000 UTC",heat,2026-05-24T11:06:38.439365+00:00,,,,False,heat_dome,,,,,,2026-05-24T11:19:36.576297+00:00
https://www.aol.com/spring-2026-forecasts-warn-dreaded-100250712.html,New spring 2026 forecasts warn of the dreaded 'heat dome',,https://www.aol.com/spring-2026-forecasts-warn-dreaded-100250712.html,AOL.com,"03/22/2026, 09:25 PM, +0000 UTC",heat,2026-05-24T11:06:38.439365+00:00,,,,False,heat_dome,,,,,,2026-05-24T11:19:36.576297+00:00
https://news.sky.com/story/us-suffers-hottest-march-day-ever-recorded-as-heat-dome-drives-up-temperatures-13522180,US suffers hottest March day ever recorded as heat dome drives up temperatures,,https://news.sky.com/story/us-suffers-hottest-march-day-ever-recorded-as-heat-dome-drives-up-temperatures-13522180,Sky News,"03/20/2026, 07:00 AM, +0000 UTC",heat,2026-05-24T11:06:38.439365+00:00,,,,False,heat_dome,,,,,,2026-05-24T11:19:36.576297+00:00
https://mavensnotebook.com/2026/03/12/daily-digest-3-12-a-record-heat-dome-is-about-to-hit-the-west-as-signs-of-strong-el-nino-emerge-water-board-to-release-new-rule-to-limit-water-pollution-from-dairies-the-mutibenefit-land-repurposi/,"DAILY DIGEST, 3/12: A record heat dome is about to hit the West as signs of strong El Niño emerge; Water Board to release new rule to limit water pollution from dairies; The Mutibenefit Land Repurposing Program’s 2025 progress report; Pacific Fishery Mana",,https://mavensnotebook.com/2026/03/12/daily-digest-3-12-a-record-heat-dome-is-about-to-hit-the-west-as-signs-of-strong-el-nino-emerge-water-board-to-release-new-rule-to-limit-water-pollution-from-dairies-the-mutibenefit-land-repurposi/,Maven's Notebook,"03/12/2026, 07:00 AM, +0000 UTC",heat,2026-05-24T11:06:38.439365+00:00,,,,False,heat_dome,,,,,,2026-05-24T11:19:36.576297+00:00
https://www.mensjournal.com/news/excessive-heat-warning-issued-as-100-degree-temperatures-record-march-highs-forecast-this-week,"Excessive Heat Warning Issued as 100-Degree Temperatures, Record March Highs Forecast This Week",,https://www.mensjournal.com/news/excessive-heat-warning-issued-as-100-degree-temperatures-record-march-highs-forecast-this-week,Men's Journal,"03/11/2026, 07:00 AM, +0000 UTC",heat,2026-05-24T11:06:38.439365+00:00,,,,False,heat_warning,,,,,,2026-05-24T11:19:36.576297+00:00
https://globalnews.ca/news/11729307/us-weather-blizzard-polar-vortex-heat-dome-atmospheric-river/,"A blizzard, polar vortex, heat dome and atmospheric river: U.S. faces weather chaos - National",,https://globalnews.ca/news/11729307/us-weather-blizzard-polar-vortex-heat-dome-atmospheric-river/,Global News,"03/13/2026, 07:00 AM, +0000 UTC",heat,2026-05-24T11:06:38.439365+00:00,,,,False,heat_dome,,,,,,2026-05-24T11:19:36.576297+00:00
https://www.iheart.com/content/2026-03-13-all-50-us-states-could-face-extreme-weather-including-blizzard-heat-dome/,"All 50 US States Could Face Extreme Weather Including Blizzard, Heat Dome",,https://www.iheart.com/content/2026-03-13-all-50-us-states-could-face-extreme-weather-including-blizzard-heat-dome/,iHeart,"03/13/2026, 07:00 AM, +0000 UTC",heat,2026-05-24T11:06:38.439365+00:00,,,,False,heat_dome,,,,,,2026-05-24T11:19:36.576297+00:00
https://www.severe-weather.eu/global-weather/heat-dome-heatwave-united-states-canada-sweltering-hot-weather-july-2025-mk/,"Heat Dome returns over east central U.S. next week, expands west and north into Canada through the end of July",,https://www.severe-weather.eu/global-weather/heat-dome-heatwave-united-states-canada-sweltering-hot-weather-july-2025-mk/,Severe Weather Europe,"07/19/2025, 07:00 AM, +0000 UTC",heat,2026-05-24T11:06:38.439365+00:00,,,,False,heat_dome,,,,,,2026-05-24T11:19:36.576297+00:00
https://www.deseret.com/environment/2026/03/13/massive-heat-dome-over-the-west/,‘Unprecedented’ heat to reach most of the West starting next week,,https://www.deseret.com/environment/2026/03/13/massive-heat-dome-over-the-west/,Deseret News,"03/13/2026, 07:00 AM, +0000 UTC",heat,2026-05-24T11:06:38.439365+00:00,,,,False,heat_event,,,,,,2026-05-24T11:19:36.576297+00:00
https://www.stl.news/historic-heat-dome-expanding-to-envelop-almost-the-entire-united-states/,Historic heat dome expanding to envelop almost the entire United States.,,https://www.stl.news/historic-heat-dome-expanding-to-envelop-almost-the-entire-united-states/,stl.news,"03/24/2026, 07:00 AM, +0000 UTC",heat,2026-05-24T11:06:38.439365+00:00,,,,False,heat_dome,,,,,,2026-05-24T11:19:36.576297+00:00
https://www.scientificamerican.com/article/tampa-breaks-heat-record-as-heat-dome-bakes-eastern-u-s/,Scorching Heat Dome Sends Tampa to 100 Degrees F for the First Time,,https://www.scientificamerican.com/article/tampa-breaks-heat-record-as-heat-dome-bakes-eastern-u-s/,Scientific American,"07/28/2025, 07:00 AM, +0000 UTC",heat,2026-05-24T11:06:38.439365+00:00,,,,False,heat_dome,,,,,,2026-05-24T11:19:36.576297+00:00
https://www.nationalgeographic.com/environment/article/what-is-heat-dome,What is a heat dome? The climate phenomenon behind record heat,,https://www.nationalgeographic.com/environment/article/what-is-heat-dome,National Geographic,"06/23/2025, 07:00 AM, +0000 UTC",heat,2026-05-24T11:06:38.439365+00:00,,,,False,heat_dome,,,,,,2026-05-24T11:19:36.576297+00:00
https://www.wbur.org/news/2025/08/11/boston-heat-emergency-air-quality-alert,Boston is under its third heat emergency of the summer,,https://www.wbur.org/news/2025/08/11/boston-heat-emergency-air-quality-alert,WBUR,"08/12/2025, 07:00 AM, +0000 UTC",heat,2026-05-24T11:06:38.439365+00:00,,,,False,heat_emergency,,,,,,2026-05-24T11:19:36.576297+00:00
https://www.accuweather.com/en/weather-forecasts/building-western-us-heat-dome-may-set-records-cause-wildfires-to-surge/1801605,"Building western US heat dome may set records, cause wildfires to surge",,https://www.accuweather.com/en/weather-forecasts/building-western-us-heat-dome-may-set-records-cause-wildfires-to-surge/1801605,AccuWeather,"08/02/2025, 06:16 PM, +0000 UTC",heat,2026-05-24T11:06:38.439365+00:00,,,,False,heat_dome,,,,,,2026-05-24T11:19:36.576297+00:00
https://www.cbsnews.com/news/heat-wave-forecast-us-maps-this-week/,When will the heat wave end? Maps show forecast across the U.S.,,https://www.cbsnews.com/news/heat-wave-forecast-us-maps-this-week/,CBS News,"06/26/2025, 07:00 AM, +0000 UTC",heat,2026-05-24T11:06:38.439365+00:00,,,,False,heat_dome,,,,,,2026-05-24T11:19:36.576297+00:00
https://www.pbs.org/newshour/nation/eastern-half-of-u-s-bakes-under-heat-dome-with-more-days-of-dangerous-temperatures-ahead,"Eastern half of U.S. bakes under heat dome, with more days of dangerous temperatures ahead",,https://www.pbs.org/newshour/nation/eastern-half-of-u-s-bakes-under-heat-dome-with-more-days-of-dangerous-temperatures-ahead,PBS,"06/22/2025, 07:00 AM, +0000 UTC",heat,2026-05-24T11:06:38.439365+00:00,,,,False,heat_dome,,,,,,2026-05-24T11:19:36.576297+00:00
https://www.accuweather.com/en/weather-news/heat-advisory/1797625,100 million to swelter daily in massive US heat dome,,https://www.accuweather.com/en/weather-news/heat-advisory/1797625,AccuWeather,"07/22/2025, 07:00 AM, +0000 UTC",heat,2026-05-24T11:06:38.439365+00:00,,,,False,heat_dome,,,,,,2026-05-24T11:19:36.576297+00:00
https://www.cjonline.com/story/news/state/2025/12/22/heat-dome-expected-to-obliterate-kansas-christmas-temperature-records-topeka/87873232007/,Topeka expected to see record-breaking temperatures this Christmas,,https://www.cjonline.com/story/news/state/2025/12/22/heat-dome-expected-to-obliterate-kansas-christmas-temperature-records-topeka/87873232007/,The Topeka Capital-Journal,"12/22/2025, 08:00 AM, +0000 UTC",heat,2026-05-24T11:06:38.439365+00:00,,,,False,heat_event,,,,,,2026-05-24T11:19:36.576297+00:00
https://www.usatoday.com/story/news/nation/2025/07/21/heat-dome-extreme-temperatures/85304631007/,Heat dome to push extreme temperatures across much of US this week,,https://www.usatoday.com/story/news/nation/2025/07/21/heat-dome-extreme-temperatures/85304631007/,USA Today,"07/21/2025, 07:00 AM, +0000 UTC",heat,2026-05-24T11:06:38.439365+00:00,,,,False,heat_dome,,,,,,2026-05-24T11:19:36.576297+00:00
https://www.foxweather.com/weather-news/heat-dome-ring-fire-storms-weather-pattern-us-forecast,Life-threatening heat dome intensifies as ring of fire storms rumble across central US,,https://www.foxweather.com/weather-news/heat-dome-ring-fire-storms-weather-pattern-us-forecast,FOX Weather,"07/21/2025, 07:00 AM, +0000 UTC",heat,2026-05-24T11:06:38.439365+00:00,,,,False,heat_dome,,,,,,2026-05-24T11:19:36.576297+00:00
https://www.axios.com/2025/07/22/heat-wave-dome-corn-sweat-forecast,"A heat dome and ""corn sweat"" are driving this week's dangerous heat wave",,https://www.axios.com/2025/07/22/heat-wave-dome-corn-sweat-forecast,Axios,"07/22/2025, 07:00 AM, +0000 UTC",heat,2026-05-24T11:06:38.439365+00:00,,,,False,heat_dome,,,,,,2026-05-24T11:19:36.576297+00:00
https://www.foxweather.com/weather-news/heat-dome-temperature-records-south-central-east,Severe storms rumble through Northeast heat dome with reports of damaging winds,,https://www.foxweather.com/weather-news/heat-dome-temperature-records-south-central-east,FOX Weather,"07/25/2025, 07:00 AM, +0000 UTC",heat,2026-05-24T11:06:38.439365+00:00,,,,False,heat_dome,,,,,,2026-05-24T11:19:36.576297+00:00
https://www.usatoday.com/story/news/nation/2025/07/22/heat-dome-weather-hot-temperatures/85319399007/,"Heat dome is scorching the South, moving toward the East: What you can expect",,https://www.usatoday.com/story/news/nation/2025/07/22/heat-dome-weather-hot-temperatures/85319399007/,USA Today,"07/22/2025, 07:00 AM, +0000 UTC",heat,2026-05-24T11:06:38.439365+00:00,,,,False,heat_dome,,,,,,2026-05-24T11:19:36.576297+00:00
https://www.accuweather.com/en/weather-forecasts/100-degree-heat-dome-to-set-up-shop-over-southern-us/1796367,100-degree heat dome to set up shop over southern US,,https://www.accuweather.com/en/weather-forecasts/100-degree-heat-dome-to-set-up-shop-over-southern-us/1796367,AccuWeather,"07/18/2025, 05:22 PM, +0000 UTC",heat,2026-05-24T11:06:38.439365+00:00,,,,False,heat_dome,,,,,,2026-05-24T11:19:36.576297+00:00
https://www.foxweather.com/weather-news/heat-wave-dome-northeast-mid-atlantic-new-england-summer-2025,Century-old temperature records tumble as heat dome bakes millions in Northeast,,https://www.foxweather.com/weather-news/heat-wave-dome-northeast-mid-atlantic-new-england-summer-2025,FOX Weather,"06/23/2025, 07:00 AM, +0000 UTC",heat,2026-05-24T11:06:38.439365+00:00,,,,False,heat_dome,,,,,,2026-05-24T11:19:36.576297+00:00
https://thehill.com/homenews/state-watch/5360634-heat-dome-to-bring-scorching-temps-to-much-of-us-where-will-it-be-hottest/,‘Heat dome’ to bring scorching temps to much of US: Where will it be hottest?,,https://thehill.com/homenews/state-watch/5360634-heat-dome-to-bring-scorching-temps-to-much-of-us-where-will-it-be-hottest/,The Hill,"06/20/2025, 07:00 AM, +0000 UTC",heat,2026-05-24T11:06:38.439365+00:00,,,,False,heat_dome,,,,,,2026-05-24T11:19:36.576297+00:00
https://www.greenmatters.com/pn/record-breaking-march-heat-dome-to-hit-west-coast-soon-these-cities-will-face-the-worst-of-it,Record-Breaking March ‘Heat Dome’ To Hit West Coast Soon — These Cities Will Face The Worst of It,,https://www.greenmatters.com/pn/record-breaking-march-heat-dome-to-hit-west-coast-soon-these-cities-will-face-the-worst-of-it,Green Matters,"03/13/2026, 07:00 AM, +0000 UTC",heat,2026-05-24T11:06:38.439365+00:00,,,,False,heat_dome,,,,,,2026-05-24T11:19:36.576297+00:00
https://watchers.news/2025/06/23/record-breaking-heat-grips-central-eastern-usa-heat-dome-intensifies/,Record-breaking heat grips central and eastern U.S. as heat dome intensifies,,https://watchers.news/2025/06/23/record-breaking-heat-grips-central-eastern-usa-heat-dome-intensifies/,The Watchers - Watching the world evolve and transform,"06/23/2025, 07:00 AM, +0000 UTC",heat,2026-05-24T11:06:38.439365+00:00,,,,False,heat_dome,,,,,,2026-05-24T11:19:36.576297+00:00
https://www.cnn.com/2025/06/24/weather/heat-dome-east-coast-climate,Tuesday was the hottest day in over a decade for parts of the East Coast. When will this extreme heat wave end?,,https://www.cnn.com/2025/06/24/weather/heat-dome-east-coast-climate,CNN,"06/24/2025, 07:00 AM, +0000 UTC",heat,2026-05-24T11:06:38.439365+00:00,,,,False,heat_dome,,,,,,2026-05-24T11:19:36.576297+00:00
https://www.severe-weather.eu/global-weather/heat-dome-intense-heatwave-summer-2025-united-states-mk/,"Heat Dome develops over the U.S. by the weekend, intensifying a heatwave into the next week",,https://www.severe-weather.eu/global-weather/heat-dome-intense-heatwave-summer-2025-united-states-mk/,Severe Weather Europe,"06/19/2025, 07:00 AM, +0000 UTC",heat,2026-05-24T11:06:38.439365+00:00,,,,False,heat_dome,,,,,,2026-05-24T11:19:36.576297+00:00
https://www.theguardian.com/us-news/2025/jun/20/heat-dome-warning-central-eastern-us,Millions of people across central and eastern US under ‘heat dome’ warning,,https://www.theguardian.com/us-news/2025/jun/20/heat-dome-warning-central-eastern-us,The Guardian,"06/20/2025, 07:00 AM, +0000 UTC",heat,2026-05-24T11:06:38.439365+00:00,,,,False,heat_dome,,,,,,2026-05-24T11:19:36.576297+00:00
https://watchers.news/2025/06/20/extreme-heat-alerts-central-eastern-usa-heat-dome/,"Extreme heat alerts issued for central, eastern U.S. as heat dome builds June 20 onwards",,https://watchers.news/2025/06/20/extreme-heat-alerts-central-eastern-usa-heat-dome/,The Watchers - Watching the world evolve and transform,"06/20/2025, 07:00 AM, +0000 UTC",heat,2026-05-24T11:06:38.439365+00:00,,,,False,heat_dome,,,,,,2026-05-24T11:19:36.576297+00:00
https://www.travelandtourworld.com/news/article/us-heat-dome-explosion-70-million-face-record-breaking-march-scorcher-as-temperatures-smash-100f-barrier/,US Heat Dome Explosion: 70 Million Face Record-Breaking March Scorcher as Temperatures Smash 100°F Barrier,,https://www.travelandtourworld.com/news/article/us-heat-dome-explosion-70-million-face-record-breaking-march-scorcher-as-temperatures-smash-100f-barrier/,Travel And Tour World,"03/19/2026, 07:00 AM, +0000 UTC",heat,2026-05-24T11:06:38.439365+00:00,,,,False,heat_dome,,,,,,2026-05-24T11:19:36.576297+00:00
https://www.cnet.com/news/a-sweltering-heat-dome-is-pummeling-the-middle-of-the-us-heres-what-that-means/,A Sweltering Heat Dome Is Pummeling the Middle of the US. Here's What That Means,,https://www.cnet.com/news/a-sweltering-heat-dome-is-pummeling-the-middle-of-the-us-heres-what-that-means/,CNET,"07/23/2025, 07:00 AM, +0000 UTC",heat,2026-05-24T11:06:38.439365+00:00,,,,False,heat_dome,,,,,,2026-05-24T11:19:36.576297+00:00
https://apnews.com/article/heat-dome-explained-forecast-nyc-9ad7ac6422e8d105e2bb302180620d9e,Early-season heat dome brings highest temperatures in years to parts of Eastern US,,https://apnews.com/article/heat-dome-explained-forecast-nyc-9ad7ac6422e8d105e2bb302180620d9e,AP News,"06/23/2025, 07:00 AM, +0000 UTC",heat,2026-05-24T11:06:38.439365+00:00,,,,False,heat_dome,,,,,,2026-05-24T11:19:36.576297+00:00
https://www.thecooldown.com/outdoors/early-heat-dome-breaks-temperature-records/,Triple-digit heat dome set to break records across 10 states as the West braces for 117 degrees,,https://www.thecooldown.com/outdoors/early-heat-dome-breaks-temperature-records/,The Cool Down,"05/13/2026, 03:45 AM, +0000 UTC",heat,2026-05-25T12:55:33.378834+00:00,,,,False,heat_dome,,,,,,2026-05-25T13:09:06.975412+00:00
https://news.cuanschutz.edu/news-stories/heat-dome-grips-the-west-what-is-it-and-how-can-it-affect-health,"Heat Dome Grips the West: What Is It, and How Can It Affect Health?",,https://news.cuanschutz.edu/news-stories/heat-dome-grips-the-west-what-is-it-and-how-can-it-affect-health,University of Colorado Anschutz,"03/18/2026, 07:00 AM, +0000 UTC",heat,2026-05-25T12:55:33.378834+00:00,,,,False,heat_dome,,,,,,2026-05-25T13:09:06.975412+00:00
https://www.cbc.ca/news/climate/record-heat-dome-9.7139906,Record-breaking heat dome spreads across U.S.,,https://www.cbc.ca/news/climate/record-heat-dome-9.7139906,CBC,"03/24/2026, 07:00 AM, +0000 UTC",heat,2026-05-25T12:55:33.378834+00:00,,,,False,heat_dome,,,,,,2026-05-25T13:09:06.975412+00:00
https://www.aspenpublicradio.org/environment/2026-03-16/heat-dome-to-bring-record-breaking-temperatures-across-the-west,Heat dome to bring record-breaking temperatures across the West,,https://www.aspenpublicradio.org/environment/2026-03-16/heat-dome-to-bring-record-breaking-temperatures-across-the-west,Aspen Public Radio,"03/16/2026, 07:00 AM, +0000 UTC",heat,2026-05-25T12:55:33.378834+00:00,,,,False,heat_dome,,,,,,2026-05-25T13:09:06.975412+00:00
https://www.pbs.org/newshour/nation/u-s-forecasts-blizzard-polar-vortex-heat-dome-and-atmospheric-river-all-at-once,"U.S. forecasts blizzard, polar vortex, heat dome and atmospheric river all at once",,https://www.pbs.org/newshour/nation/u-s-forecasts-blizzard-polar-vortex-heat-dome-and-atmospheric-river-all-at-once,PBS,"03/13/2026, 07:00 AM, +0000 UTC",heat,2026-05-25T12:55:33.378834+00:00,,,,False,heat_dome,,,,,,2026-05-25T13:09:06.975412+00:00
https://www.climatecentral.org/climate-shift-index-alert/March-record-breaking-western-heatwave,"Record-breaking March heatwave, intensified by climate change, continues to shatter records across the U.S.",,https://www.climatecentral.org/climate-shift-index-alert/March-record-breaking-western-heatwave,Climate Central,"03/24/2026, 06:48 PM, +0000 UTC",heat,2026-05-25T12:55:33.378834+00:00,,,,False,heat_event,,,,,,2026-05-25T13:09:06.975412+00:00
https://www.nbcnews.com/weather/heat/blistering-heat-wave-across-western-us-rcna264506,The West's record-shattering heat wave isn't over as heat dome shifts into the Plains,,https://www.nbcnews.com/weather/heat/blistering-heat-wave-across-western-us-rcna264506,NBC News,"03/22/2026, 07:00 AM, +0000 UTC",heat,2026-05-25T12:55:33.378834+00:00,,,,False,heat_dome,,,,,,2026-05-25T13:09:06.975412+00:00
https://www.cnet.com/home/energy-and-utilities/historic-heat-dome-creeping-across-us-how-prepare/,A Historic Heat Dome Is Creeping Across the US. Here's How to Prepare,,https://www.cnet.com/home/energy-and-utilities/historic-heat-dome-creeping-across-us-how-prepare/,CNET,"03/24/2026, 07:00 AM, +0000 UTC",heat,2026-05-25T12:55:33.378834+00:00,,,,False,heat_dome,,,,,,2026-05-25T13:09:06.975412+00:00
https://www.nytimes.com/article/what-is-heat-dome.html,A Short Guide to Understanding Heat Domes,,https://www.nytimes.com/article/what-is-heat-dome.html,The New York Times,"03/13/2026, 07:00 AM, +0000 UTC",heat,2026-05-25T12:55:33.378834+00:00,,,,False,heat_dome,,,,,,2026-05-25T13:09:06.975412+00:00
https://www.pbs.org/newshour/science/basically-the-entire-u-s-is-going-to-be-hot-as-record-smashing-heat-spreads,'Basically the entire U.S. is going to be hot' as record-smashing heat spreads,,https://www.pbs.org/newshour/science/basically-the-entire-u-s-is-going-to-be-hot-as-record-smashing-heat-spreads,PBS,"03/24/2026, 07:00 AM, +0000 UTC",heat,2026-05-25T12:55:33.378834+00:00,,,,False,heat_event,,,,,,2026-05-25T13:09:06.975412+00:00
https://www.nytimes.com/2026/03/14/weather/west-coast-heat-wave-la-phoenix.html,5 Things to Know About the Unusual March Heat Wave in the West,,https://www.nytimes.com/2026/03/14/weather/west-coast-heat-wave-la-phoenix.html,The New York Times,"03/14/2026, 07:00 AM, +0000 UTC",heat,2026-05-25T12:55:33.378834+00:00,,,,False,heat_dome,,,,,,2026-05-25T13:09:06.975412+00:00
https://www.newsweek.com/us-weather-prediction-spring-2026-heat-dome-11717091,US Weather Prediction for Spring 2026 Warns of ‘Heat Dome’,,https://www.newsweek.com/us-weather-prediction-spring-2026-heat-dome-11717091,Newsweek,"03/22/2026, 07:00 AM, +0000 UTC",heat,2026-05-25T12:55:33.378834+00:00,,,,False,heat_dome,,,,,,2026-05-25T13:09:06.975412+00:00
https://www.yahoo.com/news/articles/april-weather-forecast-predicts-major-100310579.html,April weather forecast predicts 'major change' as heat dome moves,,https://www.yahoo.com/news/articles/april-weather-forecast-predicts-major-100310579.html,Yahoo,"03/28/2026, 07:00 AM, +0000 UTC",heat,2026-05-25T12:55:33.378834+00:00,,,,False,heat_dome,,,,,,2026-05-25T13:09:06.975412+00:00
https://www.nbcnews.com/weather/heat/western-heat-wave-ends-records-duration-intensity-rcna265514,"As Western heat wave ends, scientists try to make sense of its length and intensity",,https://www.nbcnews.com/weather/heat/western-heat-wave-ends-records-duration-intensity-rcna265514,NBC News,"03/28/2026, 07:00 AM, +0000 UTC",heat,2026-05-25T12:55:33.378834+00:00,,,,False,heat_dome,,,,,,2026-05-25T13:09:06.975412+00:00
https://www.newsweek.com/heat-dome-map-shows-states-set-for-hottest-spring-temperatures-11733473,Heat Dome Map Shows States Set For Hottest Spring Temperatures,,https://www.newsweek.com/heat-dome-map-shows-states-set-for-hottest-spring-temperatures-11733473,Newsweek,"03/25/2026, 07:00 AM, +0000 UTC",heat,2026-05-25T12:55:33.378834+00:00,,,,False,heat_dome,,,,,,2026-05-25T13:09:06.975412+00:00
https://kube933.iheart.com/content/2026-03-13-all-50-us-states-could-face-extreme-weather-including-blizzard-heat-dome/,"All 50 US States Could Face Extreme Weather Including Blizzard, Heat Dome",,https://kube933.iheart.com/content/2026-03-13-all-50-us-states-could-face-extreme-weather-including-blizzard-heat-dome/,KUBE 93.3,"03/13/2026, 07:00 AM, +0000 UTC",heat,2026-05-25T12:55:33.378834+00:00,,,,False,heat_dome,,,,,,2026-05-25T13:09:06.975412+00:00
https://www.theatlantic.com/science/2026/03/west-heat-wave/686457/,There’s No Way the American West Will Have a Normal Summer,,https://www.theatlantic.com/science/2026/03/west-heat-wave/686457/,The Atlantic,"03/19/2026, 07:00 AM, +0000 UTC",heat,2026-05-25T12:55:33.378834+00:00,,,,False,heat_event,,,,,,2026-05-25T13:09:06.975412+00:00
https://www.euronews.com/2026/03/20/pushing-extremes-to-new-levels-record-us-heat-dome-made-possible-by-climate-change,'Climate change in real time': US hit by record-shattering heatwave,,https://www.euronews.com/2026/03/20/pushing-extremes-to-new-levels-record-us-heat-dome-made-possible-by-climate-change,Euronews.com,"03/20/2026, 07:00 AM, +0000 UTC",heat,2026-05-25T12:55:33.378834+00:00,,,,False,heat_event,,,,,,2026-05-25T13:09:06.975412+00:00
https://www.cnn.com/2026/03/17/weather/heat-wave-west-records-climate-change,"Extraordinary, climate change-linked heat wave envelops the West with mounting consequences",,https://www.cnn.com/2026/03/17/weather/heat-wave-west-records-climate-change,CNN,"03/17/2026, 07:00 AM, +0000 UTC",heat,2026-05-25T12:55:33.378834+00:00,,,,False,heat_dome,,,,,,2026-05-25T13:09:06.975412+00:00
https://pv-magazine-usa.com/2026/04/03/heat-dome-and-high-pressure-boost-southern-u-s-solar-as-polar-vortex-clouds-the-north/,Heat dome and high pressure boost southern U.S. solar as polar vortex clouds the north,,https://pv-magazine-usa.com/2026/04/03/heat-dome-and-high-pressure-boost-southern-u-s-solar-as-polar-vortex-clouds-the-north/,pv magazine USA,"04/03/2026, 07:00 AM, +0000 UTC",heat,2026-05-25T12:55:33.378834+00:00,,,,False,heat_dome,,,,,,2026-05-25T13:09:06.975412+00:00
https://wpde.com/weather/abc-15-weather-authority-blog/hail-ice-stones-from-the-sky,The heat dome in the west,,https://wpde.com/weather/abc-15-weather-authority-blog/hail-ice-stones-from-the-sky,WPDE,"03/23/2026, 07:00 AM, +0000 UTC",heat,2026-05-25T12:55:33.378834+00:00,,,,False,heat_dome,,,,,,2026-05-25T13:09:06.975412+00:00
https://phys.org/news/2026-03-north-america-dome-left-winners.html,North America 'heat dome' left winners and losers: Study,,https://phys.org/news/2026-03-north-america-dome-left-winners.html,Phys.org,"03/15/2026, 07:00 AM, +0000 UTC",heat,2026-05-25T12:55:33.378834+00:00,,,,False,heat_dome,,,,,,2026-05-25T13:09:06.975412+00:00
https://www.pbs.org/newshour/show/how-climate-change-has-powered-the-heat-wave-blanketing-much-of-the-u-s,How climate change has powered the heat wave blanketing much of the U.S.,,https://www.pbs.org/newshour/show/how-climate-change-has-powered-the-heat-wave-blanketing-much-of-the-u-s,PBS,"03/26/2026, 07:00 AM, +0000 UTC",heat,2026-05-25T12:55:33.378834+00:00,,,,False,heat_dome,,,,,,2026-05-25T13:09:06.975412+00:00
https://www.yahoo.com/news/articles/meteorologist-issues-warning-heat-dome-040000429.html,Meteorologist issues warning as heat dome creeps across country: 'The entire US is going to be hot',,https://www.yahoo.com/news/articles/meteorologist-issues-warning-heat-dome-040000429.html,Yahoo,"03/25/2026, 07:00 AM, +0000 UTC",heat,2026-05-25T12:55:33.378834+00:00,,,,False,heat_dome,,,,,,2026-05-25T13:09:06.975412+00:00
https://www.spokesman.com/stories/2026/mar/12/a-record-heat-dome-is-about-to-hit-the-west-in-mar/,A record heat dome is about to hit the West — in March,,https://www.spokesman.com/stories/2026/mar/12/a-record-heat-dome-is-about-to-hit-the-west-in-mar/,The Spokesman-Review,"03/13/2026, 07:00 AM, +0000 UTC",heat,2026-05-25T12:55:33.378834+00:00,,,,False,heat_dome,,,,,,2026-05-25T13:09:06.975412+00:00
https://www.aol.com/spring-2026-forecasts-warn-dreaded-100250712.html,New spring 2026 forecasts warn of the dreaded 'heat dome',,https://www.aol.com/spring-2026-forecasts-warn-dreaded-100250712.html,AOL.com,"03/22/2026, 09:25 PM, +0000 UTC",heat,2026-05-25T12:55:33.378834+00:00,,,,False,heat_dome,,,,,,2026-05-25T13:09:06.975412+00:00
https://www.kktv.com/2026/03/17/heat-dome-sliding-what-does-that-mean/,Heat Dome sliding in: What does that mean?,,https://www.kktv.com/2026/03/17/heat-dome-sliding-what-does-that-mean/,KKTV,"03/17/2026, 07:00 AM, +0000 UTC",heat,2026-05-25T12:55:33.378834+00:00,,,,False,heat_dome,,,,,,2026-05-25T13:09:06.975412+00:00
https://wbznewsradio.iheart.com/featured/nightside-with-dan-rea/content/2026-03-13-all-50-us-states-could-face-extreme-weather-including-blizzard-heat-dome/,"All 50 US States Could Face Extreme Weather Including Blizzard, Heat Dome",,https://wbznewsradio.iheart.com/featured/nightside-with-dan-rea/content/2026-03-13-all-50-us-states-could-face-extreme-weather-including-blizzard-heat-dome/,WBZ NewsRadio 1030,"03/13/2026, 07:00 AM, +0000 UTC",heat,2026-05-25T12:55:33.378834+00:00,,,,False,heat_dome,,,,,,2026-05-25T13:09:06.975412+00:00
https://news.sky.com/story/us-suffers-hottest-march-day-ever-recorded-as-heat-dome-drives-up-temperatures-13522180,US suffers hottest March day ever recorded as heat dome drives up temperatures,,https://news.sky.com/story/us-suffers-hottest-march-day-ever-recorded-as-heat-dome-drives-up-temperatures-13522180,Sky News,"03/20/2026, 07:00 AM, +0000 UTC",heat,2026-05-25T12:55:33.378834+00:00,,,,False,heat_dome,,,,,,2026-05-25T13:09:06.975412+00:00
https://www.foxweather.com/weather-news/noaa-warmest-march-ever-recorded-across-lower-48-historic-western-heat-dome,NOAA: Warmest March ever recorded across Lower 48 driven by historic Western heat dome,,https://www.foxweather.com/weather-news/noaa-warmest-march-ever-recorded-across-lower-48-historic-western-heat-dome,FOX Weather,"04/10/2026, 07:00 AM, +0000 UTC",heat,2026-05-25T12:55:33.378834+00:00,,,,False,heat_dome,,,,,,2026-05-25T13:09:06.975412+00:00
https://mavensnotebook.com/2026/03/12/daily-digest-3-12-a-record-heat-dome-is-about-to-hit-the-west-as-signs-of-strong-el-nino-emerge-water-board-to-release-new-rule-to-limit-water-pollution-from-dairies-the-mutibenefit-land-repurposi/,"DAILY DIGEST, 3/12: A record heat dome is about to hit the West as signs of strong El Niño emerge; Water Board to release new rule to limit water pollution from dairies; The Mutibenefit Land Repurposing Program’s 2025 progress report; Pacific Fishery Mana",,https://mavensnotebook.com/2026/03/12/daily-digest-3-12-a-record-heat-dome-is-about-to-hit-the-west-as-signs-of-strong-el-nino-emerge-water-board-to-release-new-rule-to-limit-water-pollution-from-dairies-the-mutibenefit-land-repurposi/,Maven's Notebook,"03/12/2026, 07:00 AM, +0000 UTC",heat,2026-05-25T12:55:33.378834+00:00,,,,False,heat_dome,,,,,,2026-05-25T13:09:06.975412+00:00
https://www.mensjournal.com/news/excessive-heat-warning-issued-as-100-degree-temperatures-record-march-highs-forecast-this-week,"Excessive Heat Warning Issued as 100-Degree Temperatures, Record March Highs Forecast This Week",,https://www.mensjournal.com/news/excessive-heat-warning-issued-as-100-degree-temperatures-record-march-highs-forecast-this-week,Men's Journal,"03/11/2026, 07:00 AM, +0000 UTC",heat,2026-05-25T12:55:33.378834+00:00,,,,False,heat_warning,,,,,,2026-05-25T13:09:06.975412+00:00
https://globalnews.ca/news/11729307/us-weather-blizzard-polar-vortex-heat-dome-atmospheric-river/,"A blizzard, polar vortex, heat dome and atmospheric river: U.S. faces weather chaos - National",,https://globalnews.ca/news/11729307/us-weather-blizzard-polar-vortex-heat-dome-atmospheric-river/,Global News,"03/13/2026, 07:00 AM, +0000 UTC",heat,2026-05-25T12:55:33.378834+00:00,,,,False,heat_dome,,,,,,2026-05-25T13:09:06.975412+00:00
https://www.stl.news/historic-heat-dome-expanding-to-envelop-almost-the-entire-united-states/,Historic heat dome expanding to envelop almost the entire United States.,,https://www.stl.news/historic-heat-dome-expanding-to-envelop-almost-the-entire-united-states/,stl.news,"03/24/2026, 07:00 AM, +0000 UTC",heat,2026-05-25T12:55:33.378834+00:00,,,,False,heat_dome,,,,,,2026-05-25T13:09:06.975412+00:00
https://www.deseret.com/environment/2026/03/13/massive-heat-dome-over-the-west/,‘Unprecedented’ heat to reach most of the West starting next week,,https://www.deseret.com/environment/2026/03/13/massive-heat-dome-over-the-west/,Deseret News,"03/13/2026, 07:00 AM, +0000 UTC",heat,2026-05-25T12:55:33.378834+00:00,,,,False,heat_event,,,,,,2026-05-25T13:09:06.975412+00:00
https://www.statesman.com/weather/article/austin-forecast-90-degree-heat-daily-temperatures-22087263.php,"Austin temperatures to hit mid-90s twice in a week, thanks to heat dome",,https://www.statesman.com/weather/article/austin-forecast-90-degree-heat-daily-temperatures-22087263.php,Austin American-Statesman,"03/21/2026, 07:00 AM, +0000 UTC",heat,2026-05-25T12:55:33.378834+00:00,,,,False,heat_dome,,,,,,2026-05-25T13:09:06.975412+00:00
https://www.severe-weather.eu/global-weather/christmas-2025-forecast-warmest-on-record-holidays-historic-heat-dome-united-states-mk/,Christmas 2025 Forecast: Warmest Holidays since the 1950s under a Historic Heat Dome,,https://www.severe-weather.eu/global-weather/christmas-2025-forecast-warmest-on-record-holidays-historic-heat-dome-united-states-mk/,Severe Weather Europe,"12/21/2025, 08:00 AM, +0000 UTC",heat,2026-05-25T12:55:33.378834+00:00,,,,False,heat_dome,,,,,,2026-05-25T13:09:06.975412+00:00
https://www.greenmatters.com/pn/record-breaking-march-heat-dome-to-hit-west-coast-soon-these-cities-will-face-the-worst-of-it,Record-Breaking March ‘Heat Dome’ To Hit West Coast Soon — These Cities Will Face The Worst of It,,https://www.greenmatters.com/pn/record-breaking-march-heat-dome-to-hit-west-coast-soon-these-cities-will-face-the-worst-of-it,Green Matters,"03/13/2026, 07:00 AM, +0000 UTC",heat,2026-05-25T12:55:33.378834+00:00,,,,False,heat_dome,,,,,,2026-05-25T13:09:06.975412+00:00
https://www.aol.com/wests-record-shattering-heat-wave-160746066.html,The West's record-shattering heat wave isn't over as heat dome shifts into the Plains,,https://www.aol.com/wests-record-shattering-heat-wave-160746066.html,AOL.com,"03/22/2026, 07:00 AM, +0000 UTC",heat,2026-05-25T12:55:33.378834+00:00,,,,False,heat_dome,,,,,,2026-05-25T13:09:06.975412+00:00
https://www.travelandtourworld.com/news/article/us-heat-dome-explosion-70-million-face-record-breaking-march-scorcher-as-temperatures-smash-100f-barrier/,US Heat Dome Explosion: 70 Million Face Record-Breaking March Scorcher as Temperatures Smash 100°F Barrier,,https://www.travelandtourworld.com/news/article/us-heat-dome-explosion-70-million-face-record-breaking-march-scorcher-as-temperatures-smash-100f-barrier/,Travel And Tour World,"03/19/2026, 07:00 AM, +0000 UTC",heat,2026-05-25T12:55:33.378834+00:00,,,,False,heat_dome,,,,,,2026-05-25T13:09:06.975412+00:00
https://www.cjonline.com/story/news/state/2025/12/22/heat-dome-expected-to-obliterate-kansas-christmas-temperature-records-topeka/87873232007/,Topeka expected to see record-breaking temperatures this Christmas,,https://www.cjonline.com/story/news/state/2025/12/22/heat-dome-expected-to-obliterate-kansas-christmas-temperature-records-topeka/87873232007/,The Topeka Capital-Journal,"12/22/2025, 08:00 AM, +0000 UTC",heat,2026-05-25T12:55:33.378834+00:00,,,,False,heat_event,,,,,,2026-05-25T13:09:06.975412+00:00
https://www.accuweather.com/en/weather-news/march-heat-dome-raises-hot-car-danger-shuts-hiking-trails-and-threatens-flower-blooms-across-the-west/1875065,"March heat dome raises hot car danger, shuts hiking trails and threatens flower blooms across the West",,https://www.accuweather.com/en/weather-news/march-heat-dome-raises-hot-car-danger-shuts-hiking-trails-and-threatens-flower-blooms-across-the-west/1875065,AccuWeather,"03/20/2026, 07:00 AM, +0000 UTC",heat,2026-05-25T12:55:33.378834+00:00,,,,False,heat_dome,,,,,,2026-05-25T13:09:06.975412+00:00
https://www.bangkokpost.com/world/3214809/north-america-heat-dome-left-winners-and-losers-study,North America 'heat dome' left winners and losers: study,,https://www.bangkokpost.com/world/3214809/north-america-heat-dome-left-winners-and-losers-study,Bangkok Post,"03/11/2026, 07:00 AM, +0000 UTC",heat,2026-05-25T12:55:33.378834+00:00,,,,False,heat_dome,,,,,,2026-05-25T13:09:06.975412+00:00
https://www.sunherald.com/news/local/article315167447.html,"Record-breaking heat spreads across US, experts say. How hot could MS Coast get?",,https://www.sunherald.com/news/local/article315167447.html,Biloxi Sun Herald,"03/24/2026, 07:00 AM, +0000 UTC",heat,2026-05-25T12:55:33.378834+00:00,,,,False,heat_event,,,,,,2026-05-25T13:09:06.975412+00:00
https://www.cbsnews.com/news/maps-us-heat-advisory-high-temperature-dome-moves-east/,"Maps show U.S. heat advisories, high temperatures as heat dome moves east",,https://www.cbsnews.com/news/maps-us-heat-advisory-high-temperature-dome-moves-east/,CBS News,"07/25/2025, 07:00 AM, +0000 UTC",heat,2026-05-25T12:55:33.378834+00:00,,,,False,heat_dome,,,,,,2026-05-25T13:09:06.975412+00:00
https://news.oregonstate.edu/news/study-paints-detailed-picture-forest-canopy-damage-caused-%E2%80%98heat-dome%E2%80%99,Study paints detailed picture of forest canopy damage caused by ‘heat dome’,,https://news.oregonstate.edu/news/study-paints-detailed-picture-forest-canopy-damage-caused-%E2%80%98heat-dome%E2%80%99,Oregon State University,"11/04/2025, 08:00 AM, +0000 UTC",heat,2026-05-25T12:55:33.378834+00:00,,,,False,heat_dome,,,,,,2026-05-25T13:09:06.975412+00:00
https://www.boston.gov/news/mayor-wu-declares-heat-emergency-july-16-through-july-18,Mayor Wu Declares Heat Emergency July 16 Through July 18,,https://www.boston.gov/news/mayor-wu-declares-heat-emergency-july-16-through-july-18,Boston.gov,"07/15/2025, 07:00 AM, +0000 UTC",heat,2026-05-25T12:55:33.378834+00:00,,,,False,heat_emergency,,,,,,2026-05-25T13:09:06.975412+00:00
https://www.foxweather.com/weather-news/heat-dome-southeast,Life-threatening heat dome broils millions across eastern US as records tumble,,https://www.foxweather.com/weather-news/heat-dome-southeast,FOX Weather,"07/29/2025, 07:00 AM, +0000 UTC",heat,2026-05-25T12:55:33.378834+00:00,,,,False,heat_dome,,,,,,2026-05-25T13:09:06.975412+00:00
https://www.scientificamerican.com/article/heat-domes-extreme-heat-and-humidity-triggers-alerts-across-eastern-u-s/,A Massive Heat Dome Is Cooking the Eastern U.S.,,https://www.scientificamerican.com/article/heat-domes-extreme-heat-and-humidity-triggers-alerts-across-eastern-u-s/,Scientific American,"07/23/2025, 07:00 AM, +0000 UTC",heat,2026-05-25T12:55:33.378834+00:00,,,,False,heat_dome,,,,,,2026-05-25T13:09:06.975412+00:00
https://grist.org/extreme-heat/the-science-behind-the-heat-dome-a-mosh-pit-of-molecules/,The science behind the heat dome — ‘a mosh pit’ of molecules,,https://grist.org/extreme-heat/the-science-behind-the-heat-dome-a-mosh-pit-of-molecules/,grist.org,"07/22/2025, 07:00 AM, +0000 UTC",heat,2026-05-25T12:55:33.378834+00:00,,,,False,heat_dome,,,,,,2026-05-25T13:09:06.975412+00:00
https://www.nationalgeographic.com/environment/article/what-is-heat-dome,What is a heat dome? The climate phenomenon behind record heat,,https://www.nationalgeographic.com/environment/article/what-is-heat-dome,National Geographic,"06/23/2025, 07:00 AM, +0000 UTC",heat,2026-05-25T12:55:33.378834+00:00,,,,False,heat_dome,,,,,,2026-05-25T13:09:06.975412+00:00
https://www.nesdis.noaa.gov/news/noaa-satellites-monitor-record-breaking-heat-wave,NOAA Satellites Monitor Record-Breaking Heat Wave,,https://www.nesdis.noaa.gov/news/noaa-satellites-monitor-record-breaking-heat-wave,"National Environmental Satellite, Data, and Information Service (.gov)","06/27/2025, 07:00 AM, +0000 UTC",heat,2026-05-25T12:55:33.378834+00:00,,,,False,heat_dome,,,,,,2026-05-25T13:09:06.975412+00:00
https://www.severe-weather.eu/global-weather/heat-dome-heatwave-united-states-canada-sweltering-hot-weather-july-2025-mk/,"Heat Dome returns over east central U.S. next week, expands west and north into Canada through the end of July",,https://www.severe-weather.eu/global-weather/heat-dome-heatwave-united-states-canada-sweltering-hot-weather-july-2025-mk/,Severe Weather Europe,"07/19/2025, 07:00 AM, +0000 UTC",heat,2026-05-25T12:55:33.378834+00:00,,,,False,heat_dome,,,,,,2026-05-25T13:09:06.975412+00:00
https://www.pbs.org/newshour/nation/eastern-half-of-u-s-bakes-under-heat-dome-with-more-days-of-dangerous-temperatures-ahead,"Eastern half of U.S. bakes under heat dome, with more days of dangerous temperatures ahead",,https://www.pbs.org/newshour/nation/eastern-half-of-u-s-bakes-under-heat-dome-with-more-days-of-dangerous-temperatures-ahead,PBS,"06/22/2025, 07:00 AM, +0000 UTC",heat,2026-05-25T12:55:33.378834+00:00,,,,False,heat_dome,,,,,,2026-05-25T13:09:06.975412+00:00
https://www.scientificamerican.com/article/tampa-breaks-heat-record-as-heat-dome-bakes-eastern-u-s/,Scorching Heat Dome Sends Tampa to 100 Degrees F for the First Time,,https://www.scientificamerican.com/article/tampa-breaks-heat-record-as-heat-dome-bakes-eastern-u-s/,Scientific American,"07/28/2025, 07:00 AM, +0000 UTC",heat,2026-05-25T12:55:33.378834+00:00,,,,False,heat_dome,,,,,,2026-05-25T13:09:06.975412+00:00
https://www.wbur.org/news/2025/08/11/boston-heat-emergency-air-quality-alert,Boston is under its third heat emergency of the summer,,https://www.wbur.org/news/2025/08/11/boston-heat-emergency-air-quality-alert,WBUR,"08/12/2025, 07:00 AM, +0000 UTC",heat,2026-05-25T12:55:33.378834+00:00,,,,False,heat_emergency,,,,,,2026-05-25T13:09:06.975412+00:00
https://www.accuweather.com/en/weather-forecasts/building-western-us-heat-dome-may-set-records-cause-wildfires-to-surge/1801605,"Building western US heat dome may set records, cause wildfires to surge",,https://www.accuweather.com/en/weather-forecasts/building-western-us-heat-dome-may-set-records-cause-wildfires-to-surge/1801605,AccuWeather,"08/02/2025, 06:16 PM, +0000 UTC",heat,2026-05-25T12:55:33.378834+00:00,,,,False,heat_dome,,,,,,2026-05-25T13:09:06.975412+00:00
https://weather.com/science/weather-explainers/news/2025-06-20-death-ridge-heat-dome-explainer,Heat Domes Explained: Why These High-Pressure Systems Turn Deadly,,https://weather.com/science/weather-explainers/news/2025-06-20-death-ridge-heat-dome-explainer,The Weather Channel,"07/21/2025, 07:00 AM, +0000 UTC",heat,2026-05-25T12:55:33.378834+00:00,,,,False,heat_dome,,,,,,2026-05-25T13:09:06.975412+00:00
https://www.accuweather.com/en/weather-news/heat-advisory/1797625,100 million to swelter daily in massive US heat dome,,https://www.accuweather.com/en/weather-news/heat-advisory/1797625,AccuWeather,"07/22/2025, 07:00 AM, +0000 UTC",heat,2026-05-25T12:55:33.378834+00:00,,,,False,heat_dome,,,,,,2026-05-25T13:09:06.975412+00:00
https://www.usatoday.com/story/news/nation/2025/07/21/heat-dome-extreme-temperatures/85304631007/,Heat dome to push extreme temperatures across much of US this week,,https://www.usatoday.com/story/news/nation/2025/07/21/heat-dome-extreme-temperatures/85304631007/,USA Today,"07/21/2025, 07:00 AM, +0000 UTC",heat,2026-05-25T12:55:33.378834+00:00,,,,False,heat_dome,,,,,,2026-05-25T13:09:06.975412+00:00
https://www.foxweather.com/weather-news/heat-dome-ring-fire-storms-weather-pattern-us-forecast,Life-threatening heat dome intensifies as ring of fire storms rumble across central US,,https://www.foxweather.com/weather-news/heat-dome-ring-fire-storms-weather-pattern-us-forecast,FOX Weather,"07/21/2025, 07:00 AM, +0000 UTC",heat,2026-05-25T12:55:33.378834+00:00,,,,False,heat_dome,,,,,,2026-05-25T13:09:06.975412+00:00
https://www.nbcnews.com/science/science-news/heat-dome-causes-opressive-temperatures-explainer-rcna214939,Why do heat domes bring oppressive temperatures?,,https://www.nbcnews.com/science/science-news/heat-dome-causes-opressive-temperatures-explainer-rcna214939,NBC News,"06/26/2025, 07:00 AM, +0000 UTC",heat,2026-05-25T12:55:33.378834+00:00,,,,False,heat_dome,,,,,,2026-05-25T13:09:06.975412+00:00
https://www.axios.com/2025/07/22/heat-wave-dome-corn-sweat-forecast,"A heat dome and ""corn sweat"" are driving this week's dangerous heat wave",,https://www.axios.com/2025/07/22/heat-wave-dome-corn-sweat-forecast,Axios,"07/22/2025, 07:00 AM, +0000 UTC",heat,2026-05-25T12:55:33.378834+00:00,,,,False,heat_dome,,,,,,2026-05-25T13:09:06.975412+00:00
https://www.foxweather.com/weather-news/heat-dome-temperature-records-south-central-east,Severe storms rumble through Northeast heat dome with reports of damaging winds,,https://www.foxweather.com/weather-news/heat-dome-temperature-records-south-central-east,FOX Weather,"07/25/2025, 07:00 AM, +0000 UTC",heat,2026-05-25T12:55:33.378834+00:00,,,,False,heat_dome,,,,,,2026-05-25T13:09:06.975412+00:00
https://www.foxweather.com/weather-news/heat-wave-dome-northeast-mid-atlantic-new-england-summer-2025,Century-old temperature records tumble as heat dome bakes millions in Northeast,,https://www.foxweather.com/weather-news/heat-wave-dome-northeast-mid-atlantic-new-england-summer-2025,FOX Weather,"06/23/2025, 07:00 AM, +0000 UTC",heat,2026-05-25T12:55:33.378834+00:00,,,,False,heat_dome,,,,,,2026-05-25T13:09:06.975412+00:00
https://thehill.com/homenews/state-watch/5360634-heat-dome-to-bring-scorching-temps-to-much-of-us-where-will-it-be-hottest/,‘Heat dome’ to bring scorching temps to much of US: Where will it be hottest?,,https://thehill.com/homenews/state-watch/5360634-heat-dome-to-bring-scorching-temps-to-much-of-us-where-will-it-be-hottest/,The Hill,"06/20/2025, 07:00 AM, +0000 UTC",heat,2026-05-25T12:55:33.378834+00:00,,,,False,heat_dome,,,,,,2026-05-25T13:09:06.975412+00:00
https://www.accuweather.com/en/weather-forecasts/100-degree-heat-dome-to-set-up-shop-over-southern-us/1796367,100-degree heat dome to set up shop over southern US,,https://www.accuweather.com/en/weather-forecasts/100-degree-heat-dome-to-set-up-shop-over-southern-us/1796367,AccuWeather,"07/18/2025, 05:22 PM, +0000 UTC",heat,2026-05-25T12:55:33.378834+00:00,,,,False,heat_dome,,,,,,2026-05-25T13:09:06.975412+00:00
https://www.newsweek.com/what-is-a-heat-dome-ridge-phenomenon-bakes-unites-states-europe-12103796,"What Is a Heat Dome? Ridge Phenomenon Bakes Unites States, Europe",,https://www.newsweek.com/what-is-a-heat-dome-ridge-phenomenon-bakes-unites-states-europe-12103796,Newsweek,"06/22/2026, 04:18 PM, +0000 UTC",heat,2026-06-23T12:27:36.564162+00:00,,,,False,heat_dome,,,,,,2026-06-23T12:42:01.169982+00:00
https://amp.marca.com/en/lifestyle/world-news/2026/06/23/what-is-heat-dome-and-why-is-it-intensifying-temperatures-in-europe-and-the-united-states.html,What is a heat dome and why is it intensifying temperatures in Europe and the United States?,,https://amp.marca.com/en/lifestyle/world-news/2026/06/23/what-is-heat-dome-and-why-is-it-intensifying-temperatures-in-europe-and-the-united-states.html,MARCA,"06/23/2026, 12:05 AM, +0000 UTC",heat,2026-06-23T12:27:36.564162+00:00,,,,False,heat_dome,,,,,,2026-06-23T12:42:01.169982+00:00
https://mshale.com/2d96f9fa/63f6198c54U8xpS2k5c,What Happens Next To The U.S. Heat Dome Is What Forecasters Are Genuinely Afraid Of Stockport Vs Stevenage (474aswfkcI),,https://mshale.com/2d96f9fa/63f6198c54U8xpS2k5c,Mshale,"06/05/2026, 09:55 AM, +0000 UTC",heat,2026-06-23T12:27:36.564162+00:00,,,,False,heat_dome,,,,,,2026-06-23T12:42:01.169982+00:00
https://news.cuanschutz.edu/news-stories/heat-dome-grips-the-west-what-is-it-and-how-can-it-affect-health,"Heat Dome Grips the West: What Is It, and How Can It Affect Health?",,https://news.cuanschutz.edu/news-stories/heat-dome-grips-the-west-what-is-it-and-how-can-it-affect-health,CU Anschutz newsroom,"03/18/2026, 07:00 AM, +0000 UTC",heat,2026-06-23T12:27:36.564162+00:00,,,,False,heat_dome,,,,,,2026-06-23T12:42:01.169982+00:00
https://www.climatecentral.org/climate-shift-index-alert/March-record-breaking-western-heatwave,"Record-breaking March heatwave, intensified by climate change, continues to shatter records across the U.S.",,https://www.climatecentral.org/climate-shift-index-alert/March-record-breaking-western-heatwave,Climate Central,"03/24/2026, 06:48 PM, +0000 UTC",heat,2026-06-23T12:27:36.564162+00:00,,,,False,heat_event,,,,,,2026-06-23T12:42:01.169982+00:00
https://www.cbc.ca/news/climate/record-heat-dome-9.7139906,Record-breaking heat dome spreads across U.S.,,https://www.cbc.ca/news/climate/record-heat-dome-9.7139906,CBC,"03/24/2026, 07:00 AM, +0000 UTC",heat,2026-06-23T12:27:36.564162+00:00,,,,False,heat_dome,,,,,,2026-06-23T12:42:01.169982+00:00
https://www.aspenpublicradio.org/environment/2026-03-16/heat-dome-to-bring-record-breaking-temperatures-across-the-west,Heat dome to bring record-breaking temperatures across the West,,https://www.aspenpublicradio.org/environment/2026-03-16/heat-dome-to-bring-record-breaking-temperatures-across-the-west,Aspen Public Radio,"03/16/2026, 07:00 AM, +0000 UTC",heat,2026-06-23T12:27:36.564162+00:00,,,,False,heat_dome,,,,,,2026-06-23T12:42:01.169982+00:00
https://www.pbs.org/newshour/science/basically-the-entire-u-s-is-going-to-be-hot-as-record-smashing-heat-spreads,'Basically the entire U.S. is going to be hot' as record-smashing heat spreads,,https://www.pbs.org/newshour/science/basically-the-entire-u-s-is-going-to-be-hot-as-record-smashing-heat-spreads,PBS,"03/24/2026, 07:00 AM, +0000 UTC",heat,2026-06-23T12:27:36.564162+00:00,,,,False,heat_event,,,,,,2026-06-23T12:42:01.169982+00:00
https://www.latimes.com/world-nation/story/2026-03-13/u-s-forecasts-blizzard-polar-vortex-heat-dome-atmospheric-river-all-at-once,"U.S. forecasts blizzard, polar vortex, heat dome and atmospheric river all at once",,https://www.latimes.com/world-nation/story/2026-03-13/u-s-forecasts-blizzard-polar-vortex-heat-dome-atmospheric-river-all-at-once,Los Angeles Times,"03/13/2026, 07:00 AM, +0000 UTC",heat,2026-06-23T12:27:36.564162+00:00,,,,False,heat_dome,,,,,,2026-06-23T12:42:01.169982+00:00
https://www.nbcnews.com/weather/heat/blistering-heat-wave-across-western-us-rcna264506,The West's record-shattering heat wave isn't over as heat dome shifts into the Plains,,https://www.nbcnews.com/weather/heat/blistering-heat-wave-across-western-us-rcna264506,NBC News,"03/22/2026, 07:00 AM, +0000 UTC",heat,2026-06-23T12:27:36.564162+00:00,,,,False,heat_dome,,,,,,2026-06-23T12:42:01.169982+00:00
https://www.cnn.com/2026/03/17/weather/heat-wave-west-records-climate-change,"Extraordinary, climate change-linked heat wave envelops the West with mounting consequences",,https://www.cnn.com/2026/03/17/weather/heat-wave-west-records-climate-change,CNN,"03/17/2026, 07:00 AM, +0000 UTC",heat,2026-06-23T12:27:36.564162+00:00,,,,False,heat_dome,,,,,,2026-06-23T12:42:01.169982+00:00
https://www.cnet.com/home/energy-and-utilities/historic-heat-dome-creeping-across-us-how-prepare/,A Historic Heat Dome Is Creeping Across the US. Here's How to Prepare,,https://www.cnet.com/home/energy-and-utilities/historic-heat-dome-creeping-across-us-how-prepare/,CNET,"03/24/2026, 07:00 AM, +0000 UTC",heat,2026-06-23T12:27:36.564162+00:00,,,,False,heat_dome,,,,,,2026-06-23T12:42:01.169982+00:00
https://www.nbcnews.com/weather/heat/western-heat-wave-ends-records-duration-intensity-rcna265514,"As Western heat wave ends, scientists try to make sense of its length and intensity",,https://www.nbcnews.com/weather/heat/western-heat-wave-ends-records-duration-intensity-rcna265514,NBC News,"03/28/2026, 07:00 AM, +0000 UTC",heat,2026-06-23T12:27:36.564162+00:00,,,,False,heat_dome,,,,,,2026-06-23T12:42:01.169982+00:00
https://www.newsweek.com/heat-dome-map-shows-states-set-for-hottest-spring-temperatures-11733473,Heat Dome Map Shows States Set For Hottest Spring Temperatures,,https://www.newsweek.com/heat-dome-map-shows-states-set-for-hottest-spring-temperatures-11733473,Newsweek,"03/25/2026, 07:00 AM, +0000 UTC",heat,2026-06-23T12:27:36.564162+00:00,,,,False,heat_dome,,,,,,2026-06-23T12:42:01.169982+00:00
https://www.euronews.com/2026/03/20/pushing-extremes-to-new-levels-record-us-heat-dome-made-possible-by-climate-change,'Climate change in real time': US hit by record-shattering heatwave,,https://www.euronews.com/2026/03/20/pushing-extremes-to-new-levels-record-us-heat-dome-made-possible-by-climate-change,Euronews.com,"03/20/2026, 07:00 AM, +0000 UTC",heat,2026-06-23T12:27:36.564162+00:00,,,,False,heat_event,,,,,,2026-06-23T12:42:01.169982+00:00
https://www.nytimes.com/2026/03/14/weather/west-coast-heat-wave-la-phoenix.html,5 Things to Know About the Unusual March Heat Wave in the West,,https://www.nytimes.com/2026/03/14/weather/west-coast-heat-wave-la-phoenix.html,The New York Times,"03/14/2026, 07:00 AM, +0000 UTC",heat,2026-06-23T12:27:36.564162+00:00,,,,False,heat_dome,,,,,,2026-06-23T12:42:01.169982+00:00
https://www.futura-sciences.com/en/a-crushing-heat-dome-is-coming-why-experts-already-fear-the-worst_32821/,A crushing heat dome is coming: why experts already fear the worst,,https://www.futura-sciences.com/en/a-crushing-heat-dome-is-coming-why-experts-already-fear-the-worst_32821/,"Futura, le média qui explore le monde","05/29/2026, 05:41 PM, +0000 UTC",heat,2026-06-23T12:27:36.564162+00:00,,,,False,heat_dome,,,,,,2026-06-23T12:42:01.169982+00:00
https://www.newsweek.com/us-weather-prediction-spring-2026-heat-dome-11717091,US Weather Prediction for Spring 2026 Warns of ‘Heat Dome’,,https://www.newsweek.com/us-weather-prediction-spring-2026-heat-dome-11717091,Newsweek,"03/22/2026, 07:00 AM, +0000 UTC",heat,2026-06-23T12:27:36.564162+00:00,,,,False,heat_dome,,,,,,2026-06-23T12:42:01.169982+00:00
https://www.theatlantic.com/science/2026/03/west-heat-wave/686457/,There’s No Way the American West Will Have a Normal Summer,,https://www.theatlantic.com/science/2026/03/west-heat-wave/686457/,The Atlantic,"03/19/2026, 07:00 AM, +0000 UTC",heat,2026-06-23T12:27:36.564162+00:00,,,,False,heat_event,,,,,,2026-06-23T12:42:01.169982+00:00
https://news.sky.com/story/us-suffers-hottest-march-day-ever-recorded-as-heat-dome-drives-up-temperatures-13522180,US suffers hottest March day ever recorded as heat dome drives up temperatures,,https://news.sky.com/story/us-suffers-hottest-march-day-ever-recorded-as-heat-dome-drives-up-temperatures-13522180,Sky News,"03/20/2026, 07:00 AM, +0000 UTC",heat,2026-06-23T12:27:36.564162+00:00,,,,False,heat_dome,,,,,,2026-06-23T12:42:01.169982+00:00
https://pv-magazine-usa.com/2026/04/03/heat-dome-and-high-pressure-boost-southern-u-s-solar-as-polar-vortex-clouds-the-north/,Heat dome and high pressure boost southern U.S. solar as polar vortex clouds the north,,https://pv-magazine-usa.com/2026/04/03/heat-dome-and-high-pressure-boost-southern-u-s-solar-as-polar-vortex-clouds-the-north/,pv magazine USA,"04/03/2026, 07:00 AM, +0000 UTC",heat,2026-06-23T12:27:36.564162+00:00,,,,False,heat_dome,,,,,,2026-06-23T12:42:01.169982+00:00
https://www.thecooldown.com/outdoors/early-heat-dome-breaks-temperature-records/,Triple-digit heat dome set to break records across 10 states as the West braces for 117 degrees,,https://www.thecooldown.com/outdoors/early-heat-dome-breaks-temperature-records/,The Cool Down,"05/13/2026, 07:00 AM, +0000 UTC",heat,2026-06-23T12:27:36.564162+00:00,,,,False,heat_dome,,,,,,2026-06-23T12:42:01.169982+00:00
https://www.mensjournal.com/news/excessive-heat-warning-issued-as-100-degree-temperatures-record-march-highs-forecast-this-week,"Excessive Heat Warning Issued as 100-Degree Temperatures, Record March Highs Forecast This Week",,https://www.mensjournal.com/news/excessive-heat-warning-issued-as-100-degree-temperatures-record-march-highs-forecast-this-week,Men's Journal,"03/11/2026, 07:00 AM, +0000 UTC",heat,2026-06-23T12:27:36.564162+00:00,,,,False,heat_warning,,,,,,2026-06-23T12:42:01.169982+00:00
https://www.kktv.com/2026/03/17/heat-dome-sliding-what-does-that-mean/,Heat Dome sliding in: What does that mean?,,https://www.kktv.com/2026/03/17/heat-dome-sliding-what-does-that-mean/,KKTV,"03/17/2026, 07:00 AM, +0000 UTC",heat,2026-06-23T12:27:36.564162+00:00,,,,False,heat_dome,,,,,,2026-06-23T12:42:01.169982+00:00
https://www.bostonherald.com/2026/03/13/weather-extremes/,"US forecasts blizzard, polar vortex, heat dome and atmospheric river all at once",,https://www.bostonherald.com/2026/03/13/weather-extremes/,Boston Herald,"03/13/2026, 07:00 AM, +0000 UTC",heat,2026-06-23T12:27:36.564162+00:00,,,,False,heat_dome,,,,,,2026-06-23T12:42:01.169982+00:00
https://www.foxweather.com/weather-news/noaa-warmest-march-ever-recorded-across-lower-48-historic-western-heat-dome,NOAA: Warmest March ever recorded across Lower 48 driven by historic Western heat dome,,https://www.foxweather.com/weather-news/noaa-warmest-march-ever-recorded-across-lower-48-historic-western-heat-dome,FOX Weather,"04/10/2026, 07:00 AM, +0000 UTC",heat,2026-06-23T12:27:36.564162+00:00,,,,False,heat_dome,,,,,,2026-06-23T12:42:01.169982+00:00
https://www.yahoo.com/news/articles/meteorologist-issues-warning-heat-dome-040000429.html,Meteorologist issues warning as heat dome creeps across country: 'The entire US is going to be hot',,https://www.yahoo.com/news/articles/meteorologist-issues-warning-heat-dome-040000429.html,Yahoo,"03/25/2026, 07:00 AM, +0000 UTC",heat,2026-06-23T12:27:36.564162+00:00,,,,False,heat_dome,,,,,,2026-06-23T12:42:01.169982+00:00
https://www.fox7austin.com/weather/heat-dome-texas-spring-summer-2026,Heat dome shoves Texas into summer as spring begins,,https://www.fox7austin.com/weather/heat-dome-texas-spring-summer-2026,FOX 7 Austin,"03/19/2026, 07:00 AM, +0000 UTC",heat,2026-06-23T12:27:36.564162+00:00,Texas,Texas,state,True,heat_dome,,,,31.054487,-97.563461,2026-06-23T12:42:01.169982+00:00
https://kube933.iheart.com/content/2026-03-13-all-50-us-states-could-face-extreme-weather-including-blizzard-heat-dome/,"All 50 US States Could Face Extreme Weather Including Blizzard, Heat Dome",,https://kube933.iheart.com/content/2026-03-13-all-50-us-states-could-face-extreme-weather-including-blizzard-heat-dome/,KUBE 93.3,"03/13/2026, 07:00 AM, +0000 UTC",heat,2026-06-23T12:27:36.564162+00:00,,,,False,heat_dome,,,,,,2026-06-23T12:42:01.169982+00:00
https://globalnews.ca/news/11729307/us-weather-blizzard-polar-vortex-heat-dome-atmospheric-river/,"A blizzard, polar vortex, heat dome and atmospheric river: U.S. faces weather chaos - National",,https://globalnews.ca/news/11729307/us-weather-blizzard-polar-vortex-heat-dome-atmospheric-river/,Global News,"03/13/2026, 07:00 AM, +0000 UTC",heat,2026-06-23T12:27:36.564162+00:00,,,,False,heat_dome,,,,,,2026-06-23T12:42:01.169982+00:00
https://phys.org/news/2026-03-north-america-dome-left-winners.html,North America 'heat dome' left winners and losers: Study,,https://phys.org/news/2026-03-north-america-dome-left-winners.html,Phys.org,"03/15/2026, 07:00 AM, +0000 UTC",heat,2026-06-23T12:27:36.564162+00:00,,,,False,heat_dome,,,,,,2026-06-23T12:42:01.169982+00:00
https://www.usatoday.com/story/news/weather/2026/03/28/april-weather-forecast-heat-dome/89347353007/,April weather forecast predicts 'major change' as heat dome moves,,https://www.usatoday.com/story/news/weather/2026/03/28/april-weather-forecast-heat-dome/89347353007/,USA Today,"03/28/2026, 07:00 AM, +0000 UTC",heat,2026-06-23T12:27:36.564162+00:00,,,,False,heat_dome,,,,,,2026-06-23T12:42:01.169982+00:00
https://wgci.iheart.com/content/2026-03-13-all-50-us-states-could-face-extreme-weather-including-blizzard-heat-dome/,"All 50 US States Could Face Extreme Weather Including Blizzard, Heat Dome",,https://wgci.iheart.com/content/2026-03-13-all-50-us-states-could-face-extreme-weather-including-blizzard-heat-dome/,WGCI-FM,"03/13/2026, 07:00 AM, +0000 UTC",heat,2026-06-23T12:27:36.564162+00:00,,,,False,heat_dome,,,,,,2026-06-23T12:42:01.169982+00:00
https://www.aol.com/spring-2026-forecasts-warn-dreaded-100250712.html,New spring 2026 forecasts warn of the dreaded 'heat dome',,https://www.aol.com/spring-2026-forecasts-warn-dreaded-100250712.html,AOL.com,"03/22/2026, 09:25 PM, +0000 UTC",heat,2026-06-23T12:27:36.564162+00:00,,,,False,heat_dome,,,,,,2026-06-23T12:42:01.169982+00:00
https://www.deseret.com/environment/2026/03/13/massive-heat-dome-over-the-west/,‘Unprecedented’ heat to reach most of the West starting next week,,https://www.deseret.com/environment/2026/03/13/massive-heat-dome-over-the-west/,Deseret News,"03/13/2026, 07:00 AM, +0000 UTC",heat,2026-06-23T12:27:36.564162+00:00,,,,False,heat_event,,,,,,2026-06-23T12:42:01.169982+00:00
https://apnews.com/video/us-forecasts-blizzard-polar-vortex-heat-dome-and-atmospheric-river-all-at-once-670fc35798cc4af884ff8c27360766de,"US forecasts blizzard, polar vortex, heat dome and atmospheric river all at once",,https://apnews.com/video/us-forecasts-blizzard-polar-vortex-heat-dome-and-atmospheric-river-all-at-once-670fc35798cc4af884ff8c27360766de,AP News,"03/13/2026, 07:00 AM, +0000 UTC",heat,2026-06-23T12:27:36.564162+00:00,,,,False,heat_dome,,,,,,2026-06-23T12:42:01.169982+00:00
https://truthout.org/articles/climate-fueled-heat-waves-are-creating-a-water-crisis-in-the-southwest/,Climate-Fueled Heat Waves Are Creating a Water Crisis in the Southwest,,https://truthout.org/articles/climate-fueled-heat-waves-are-creating-a-water-crisis-in-the-southwest/,Truthout,"03/24/2026, 07:00 AM, +0000 UTC",heat,2026-06-23T12:27:36.564162+00:00,Southwest,Southwest,region,True,heat_dome,,,,34.048928,-111.093731,2026-06-23T12:42:01.169982+00:00
https://mavensnotebook.com/2026/03/12/daily-digest-3-12-a-record-heat-dome-is-about-to-hit-the-west-as-signs-of-strong-el-nino-emerge-water-board-to-release-new-rule-to-limit-water-pollution-from-dairies-the-mutibenefit-land-repurposi/,"DAILY DIGEST, 3/12: A record heat dome is about to hit the West as signs of strong El Niño emerge; Water Board to release new rule to limit water pollution from dairies; The Mutibenefit Land Repurposing Program’s 2025 progress report; Pacific Fishery Mana",,https://mavensnotebook.com/2026/03/12/daily-digest-3-12-a-record-heat-dome-is-about-to-hit-the-west-as-signs-of-strong-el-nino-emerge-water-board-to-release-new-rule-to-limit-water-pollution-from-dairies-the-mutibenefit-land-repurposi/,Maven's Notebook,"03/12/2026, 07:00 AM, +0000 UTC",heat,2026-06-23T12:27:36.564162+00:00,,,,False,heat_dome,,,,,,2026-06-23T12:42:01.169982+00:00
https://www.greenmatters.com/pn/record-breaking-march-heat-dome-to-hit-west-coast-soon-these-cities-will-face-the-worst-of-it,Record-Breaking March ‘Heat Dome’ To Hit West Coast Soon — These Cities Will Face The Worst of It,,https://www.greenmatters.com/pn/record-breaking-march-heat-dome-to-hit-west-coast-soon-these-cities-will-face-the-worst-of-it,Green Matters,"03/13/2026, 07:00 AM, +0000 UTC",heat,2026-06-23T12:27:36.564162+00:00,,,,False,heat_dome,,,,,,2026-06-23T12:42:01.169982+00:00
https://www.scientificamerican.com/podcast/episode/spring-heat-dome-a-blow-to-rfk-jr-s-health-agenda-spacex-starlink-milestone/,"Spring heat dome, a blow to RFK, Jr.’s health agenda, SpaceX Starlink milestone",,https://www.scientificamerican.com/podcast/episode/spring-heat-dome-a-blow-to-rfk-jr-s-health-agenda-spacex-starlink-milestone/,Scientific American,"03/23/2026, 07:00 AM, +0000 UTC",heat,2026-06-23T12:27:36.564162+00:00,,,,False,heat_dome,,,,,,2026-06-23T12:42:01.169982+00:00
https://www.yahoo.com/news/articles/march-heat-dome-raises-hot-144912887.html,"March heat dome raises hot car danger, shuts hiking trails and threatens flower blooms across the West",,https://www.yahoo.com/news/articles/march-heat-dome-raises-hot-144912887.html,Yahoo,"03/20/2026, 07:00 AM, +0000 UTC",heat,2026-06-23T12:27:36.564162+00:00,,,,False,heat_dome,,,,,,2026-06-23T12:42:01.169982+00:00
https://www.yahoo.com/news/videos/us-forecasts-blizzard-polar-vortex-194713488.html,"US forecasts blizzard, polar vortex, heat dome and atmospheric river all at once",,https://www.yahoo.com/news/videos/us-forecasts-blizzard-polar-vortex-194713488.html,Yahoo,"03/13/2026, 07:00 AM, +0000 UTC",heat,2026-06-23T12:27:36.564162+00:00,,,,False,heat_dome,,,,,,2026-06-23T12:42:01.169982+00:00
https://www.theweathernetwork.com/en/news/weather/severe/historic-heat-dome-may-fuel-summer-wildfires-growing-drought,"Historic heat dome may fuel summer wildfires, growing drought",,https://www.theweathernetwork.com/en/news/weather/severe/historic-heat-dome-may-fuel-summer-wildfires-growing-drought,The Weather Network,"03/29/2026, 07:00 AM, +0000 UTC",heat,2026-06-23T12:27:36.564162+00:00,,,,False,heat_dome,,,,,,2026-06-23T12:42:01.169982+00:00
https://www.ctvnews.ca/climate-and-environment/article/north-americas-2021-heat-dome-has-caused-catastropic-ecological-damage-study/,North America’s 2021 ‘heat dome’ has caused catastropic ecological damage: study,,https://www.ctvnews.ca/climate-and-environment/article/north-americas-2021-heat-dome-has-caused-catastropic-ecological-damage-study/,CTV News,"03/11/2026, 07:00 AM, +0000 UTC",heat,2026-06-23T12:27:36.564162+00:00,,,,False,heat_dome,,,,,,2026-06-23T12:42:01.169982+00:00
https://www.independent.co.uk/news/phoenix-hawaii-southwest-arctic-east-b2937692.html,"US weather to go nuts with blizzard, polar vortex, heat dome, atmospheric river all at once",,https://www.independent.co.uk/news/phoenix-hawaii-southwest-arctic-east-b2937692.html,The Independent,"03/13/2026, 07:00 AM, +0000 UTC",heat,2026-06-23T12:27:36.564162+00:00,,,,False,heat_dome,,,,,,2026-06-23T12:42:01.169982+00:00
https://www.bangkokpost.com/world/3214809/north-america-heat-dome-left-winners-and-losers-study,North America 'heat dome' left winners and losers: study,,https://www.bangkokpost.com/world/3214809/north-america-heat-dome-left-winners-and-losers-study,Bangkok Post,"03/11/2026, 07:00 AM, +0000 UTC",heat,2026-06-23T12:27:36.564162+00:00,,,,False,heat_dome,,,,,,2026-06-23T12:42:01.169982+00:00
https://www.asiaone.com/world/us-forecasts-blizzard-polar-vortex-heat-dome-and-atmospheric-river-all-once,"US forecasts blizzard, polar vortex, heat dome and atmospheric river all at once, World News",,https://www.asiaone.com/world/us-forecasts-blizzard-polar-vortex-heat-dome-and-atmospheric-river-all-once,AsiaOne,"03/13/2026, 07:00 AM, +0000 UTC",heat,2026-06-23T12:27:36.564162+00:00,,,,False,heat_dome,,,,,,2026-06-23T12:42:01.169982+00:00
https://www.stl.news/historic-heat-dome-expanding-to-envelop-almost-the-entire-united-states/,Historic heat dome expanding to envelop almost the entire United States.,,https://www.stl.news/historic-heat-dome-expanding-to-envelop-almost-the-entire-united-states/,stl.news,"03/24/2026, 07:00 AM, +0000 UTC",heat,2026-06-23T12:27:36.564162+00:00,,,,False,heat_dome,,,,,,2026-06-23T12:42:01.169982+00:00
https://www.sunherald.com/news/local/article315167447.html,"Record-breaking heat spreads across US, experts say. How hot could MS Coast get?",,https://www.sunherald.com/news/local/article315167447.html,Sun Herald,"03/24/2026, 07:00 AM, +0000 UTC",heat,2026-06-23T12:27:36.564162+00:00,,,,False,heat_event,,,,,,2026-06-23T12:42:01.169982+00:00
https://www.bostonglobe.com/2026/03/24/metro/new-england-weather-heat-wave/,Record-breaking heat is roasting the western half of the country. Will New England be next?,,https://www.bostonglobe.com/2026/03/24/metro/new-england-weather-heat-wave/,The Boston Globe,"03/24/2026, 07:00 AM, +0000 UTC",heat,2026-06-23T12:27:36.564162+00:00,,,,False,heat_event,,,,,,2026-06-23T12:42:01.169982+00:00
https://www.msn.com/en-us/weather/extreme-weather-events/a-historic-heat-dome-is-creeping-across-the-us-here-s-how-to-prepare/ar-AA1ZmmIU?ocid=TobArticle&apiversion=v2&domshim=1&noservercache=1&noservertelemetry=1&batchservertelemetry=1&renderwebcomponents=1&wcseo=1,A historic heat dome is creeping across the US. Here's how to prepare,,https://www.msn.com/en-us/weather/extreme-weather-events/a-historic-heat-dome-is-creeping-across-the-us-here-s-how-to-prepare/ar-AA1ZmmIU?ocid=TobArticle&apiversion=v2&domshim=1&noservercache=1&noservertelemetry=1&batchservertelemetry=1&renderwebcomponents=1&wcseo=1,MSN,"04/13/2026, 07:23 AM, +0000 UTC",heat,2026-06-23T12:27:36.564162+00:00,,,,False,heat_dome,,,,,,2026-06-23T12:42:01.169982+00:00
https://wgrv.com/heat-dome-expected-this-weekend-well-into-next-week/,"Heat Dome Expected This Weekend, Well Into Next Week",,https://wgrv.com/heat-dome-expected-this-weekend-well-into-next-week/,WGRV.com,"01/15/2026, 08:22 PM, +0000 UTC",heat,2026-06-23T12:27:36.564162+00:00,,,,False,heat_dome,,,,,,2026-06-23T12:42:01.169982+00:00
https://borneobulletin.com.bn/us-forecasts-blizzard-polar-vortex-heat-dome-and-atmospheric-river-all-at-once/,"US forecasts blizzard, polar vortex, heat dome and atmospheric river all at once",,https://borneobulletin.com.bn/us-forecasts-blizzard-polar-vortex-heat-dome-and-atmospheric-river-all-at-once/,Borneo Bulletin,"03/15/2026, 07:00 AM, +0000 UTC",heat,2026-06-23T12:27:36.564162+00:00,,,,False,heat_dome,,,,,,2026-06-23T12:42:01.169982+00:00
https://www.cbsnews.com/news/maps-us-heat-advisory-high-temperature-dome-moves-east/,"Maps show U.S. heat advisories, high temperatures as heat dome moves east",,https://www.cbsnews.com/news/maps-us-heat-advisory-high-temperature-dome-moves-east/,CBS News,"07/25/2025, 07:00 AM, +0000 UTC",heat,2026-06-23T12:27:36.564162+00:00,,,,False,heat_dome,,,,,,2026-06-23T12:42:01.169982+00:00
https://news.oregonstate.edu/news/study-paints-detailed-picture-forest-canopy-damage-caused-%E2%80%98heat-dome%E2%80%99,Study paints detailed picture of forest canopy damage caused by ‘heat dome’,,https://news.oregonstate.edu/news/study-paints-detailed-picture-forest-canopy-damage-caused-%E2%80%98heat-dome%E2%80%99,Oregon State University,"11/04/2025, 08:00 AM, +0000 UTC",heat,2026-06-23T12:27:36.564162+00:00,,,,False,heat_dome,,,,,,2026-06-23T12:42:01.169982+00:00
https://yaleclimateconnections.org/2025/08/is-heat-dome-overhyped-why-some-meteorologists-dislike-this-term/,Is ‘heat dome’ overhyped? Why some meteorologists dislike this term,,https://yaleclimateconnections.org/2025/08/is-heat-dome-overhyped-why-some-meteorologists-dislike-this-term/,Yale Climate Connections,"08/01/2025, 07:00 AM, +0000 UTC",heat,2026-06-23T12:27:36.564162+00:00,,,,False,heat_dome,,,,,,2026-06-23T12:42:01.169982+00:00
http://www.severe-weather.eu/global-weather/christmas-2025-forecast-warmest-on-record-holidays-historic-heat-dome-united-states-mk/,Christmas 2025 Forecast: Warmest Holidays since the 1950s under a Historic Heat Dome,,http://www.severe-weather.eu/global-weather/christmas-2025-forecast-warmest-on-record-holidays-historic-heat-dome-united-states-mk/,Severe Weather Europe,"12/21/2025, 08:00 AM, +0000 UTC",heat,2026-06-23T12:27:36.564162+00:00,,,,False,heat_dome,,,,,,2026-06-23T12:42:01.169982+00:00
https://www.boston.gov/news/mayor-wu-declares-heat-emergency-july-16-through-july-18,Mayor Wu Declares Heat Emergency July 16 Through July 18,,https://www.boston.gov/news/mayor-wu-declares-heat-emergency-july-16-through-july-18,Boston.gov,"07/15/2025, 07:00 AM, +0000 UTC",heat,2026-06-23T12:27:36.564162+00:00,,,,False,heat_emergency,,,,,,2026-06-23T12:42:01.169982+00:00
https://www.sierraclub.org/oregon/blog/2026/06/5-years-after-2021-heat-dome-clean-energy-initiatives-are-making-mark,5 Years After the 2021 Heat Dome Clean Energy Initiatives are Making a Mark,,https://www.sierraclub.org/oregon/blog/2026/06/5-years-after-2021-heat-dome-clean-energy-initiatives-are-making-mark,Sierra Club,"06/24/2026, 12:40 AM, +0000 UTC",heat,2026-06-24T12:13:09.170999+00:00,,,,False,heat_dome,,,,,,2026-06-24T12:25:55.394723+00:00
https://www.accuweather.com/en/weather-forecasts/massive-midwest-heat-dome-brewing-prior-to-independence-day-storms-to-cruise-rim-of-heat/1904276,Massive Midwest heat dome brewing prior to Independence Day; storms to cruise rim of heat,,https://www.accuweather.com/en/weather-forecasts/massive-midwest-heat-dome-brewing-prior-to-independence-day-storms-to-cruise-rim-of-heat/1904276,AccuWeather,"06/23/2026, 04:47 PM, +0000 UTC",heat,2026-06-24T12:13:09.170999+00:00,Midwest,Midwest,region,True,heat_dome,,,,41.0,-89.0,2026-06-24T12:25:55.394723+00:00
https://www.newsweek.com/what-is-a-heat-dome-ridge-phenomenon-bakes-unites-states-europe-12103796,"What Is a Heat Dome? Ridge Phenomenon Bakes United States, Europe",,https://www.newsweek.com/what-is-a-heat-dome-ridge-phenomenon-bakes-unites-states-europe-12103796,Newsweek,"06/22/2026, 04:18 PM, +0000 UTC",heat,2026-06-24T12:13:09.170999+00:00,,,,False,heat_dome,,,,,,2026-06-24T12:25:55.394723+00:00
https://amp.marca.com/en/lifestyle/world-news/2026/06/23/what-is-heat-dome-and-why-is-it-intensifying-temperatures-in-europe-and-the-united-states.html,What is a heat dome and why is it intensifying temperatures in Europe and the United States?,,https://amp.marca.com/en/lifestyle/world-news/2026/06/23/what-is-heat-dome-and-why-is-it-intensifying-temperatures-in-europe-and-the-united-states.html,MARCA,"06/23/2026, 12:05 AM, +0000 UTC",heat,2026-06-24T12:13:09.170999+00:00,,,,False,heat_dome,,,,,,2026-06-24T12:25:55.394723+00:00
https://www.khou.com/article/weather/forecast/houston-texas-weather-impact/285-6a244f8d-eb97-49a6-be50-8b8796a00dfc,A heat dome is keeping Houston hot and dry,,https://www.khou.com/article/weather/forecast/houston-texas-weather-impact/285-6a244f8d-eb97-49a6-be50-8b8796a00dfc,KHOU,"06/17/2026, 10:16 PM, +0000 UTC",heat,2026-06-24T12:13:09.170999+00:00,Houston,Houston,city,True,heat_dome,,,,29.760427,-95.369804,2026-06-24T12:25:55.394723+00:00
https://www.wsls.com/news/local/2026/06/10/city-of-lynchburg-announces-cooling-center-locations-for-thursday-and-friday/,City of Lynchburg announces cooling center locations for Thursday and Friday,,https://www.wsls.com/news/local/2026/06/10/city-of-lynchburg-announces-cooling-center-locations-for-thursday-and-friday/,WSLS,"06/10/2026, 07:00 AM, +0000 UTC",heat,2026-06-24T12:13:09.170999+00:00,,,,False,heat_emergency,,,,,,2026-06-24T12:25:55.394723+00:00
https://news.cuanschutz.edu/news-stories/heat-dome-grips-the-west-what-is-it-and-how-can-it-affect-health,"Heat Dome Grips the West: What Is It, and How Can It Affect Health?",,https://news.cuanschutz.edu/news-stories/heat-dome-grips-the-west-what-is-it-and-how-can-it-affect-health,CU Anschutz newsroom,"03/18/2026, 07:00 AM, +0000 UTC",heat,2026-06-24T12:13:09.170999+00:00,,,,False,heat_dome,,,,,,2026-06-24T12:25:55.394723+00:00
https://www.aspenpublicradio.org/environment/2026-03-16/heat-dome-to-bring-record-breaking-temperatures-across-the-west,Heat dome to bring record-breaking temperatures across the West,,https://www.aspenpublicradio.org/environment/2026-03-16/heat-dome-to-bring-record-breaking-temperatures-across-the-west,Aspen Public Radio,"03/16/2026, 07:00 AM, +0000 UTC",heat,2026-06-24T12:13:09.170999+00:00,,,,False,heat_dome,,,,,,2026-06-24T12:25:55.394723+00:00
https://www.climatecentral.org/climate-shift-index-alert/March-record-breaking-western-heatwave,"Record-breaking March heatwave, intensified by climate change, continues to shatter records across the U.S.",,https://www.climatecentral.org/climate-shift-index-alert/March-record-breaking-western-heatwave,Climate Central,"03/24/2026, 06:48 PM, +0000 UTC",heat,2026-06-24T12:13:09.170999+00:00,,,,False,heat_event,,,,,,2026-06-24T12:25:55.394723+00:00
https://www.latimes.com/world-nation/story/2026-03-13/u-s-forecasts-blizzard-polar-vortex-heat-dome-atmospheric-river-all-at-once,"U.S. forecasts blizzard, polar vortex, heat dome and atmospheric river all at once",,https://www.latimes.com/world-nation/story/2026-03-13/u-s-forecasts-blizzard-polar-vortex-heat-dome-atmospheric-river-all-at-once,Los Angeles Times,"03/13/2026, 07:00 AM, +0000 UTC",heat,2026-06-24T12:13:09.170999+00:00,,,,False,heat_dome,,,,,,2026-06-24T12:25:55.394723+00:00
https://www.cbc.ca/news/climate/record-heat-dome-9.7139906,Record-breaking heat dome spreads across U.S.,,https://www.cbc.ca/news/climate/record-heat-dome-9.7139906,CBC,"03/24/2026, 07:00 AM, +0000 UTC",heat,2026-06-24T12:13:09.170999+00:00,,,,False,heat_dome,,,,,,2026-06-24T12:25:55.394723+00:00
https://www.pbs.org/newshour/science/basically-the-entire-u-s-is-going-to-be-hot-as-record-smashing-heat-spreads,'Basically the entire U.S. is going to be hot' as record-smashing heat spreads,,https://www.pbs.org/newshour/science/basically-the-entire-u-s-is-going-to-be-hot-as-record-smashing-heat-spreads,PBS,"03/24/2026, 07:00 AM, +0000 UTC",heat,2026-06-24T12:13:09.170999+00:00,,,,False,heat_event,,,,,,2026-06-24T12:25:55.394723+00:00
https://www.cnn.com/2026/03/17/weather/heat-wave-west-records-climate-change,"Extraordinary, climate change-linked heat wave envelops the West with mounting consequences",,https://www.cnn.com/2026/03/17/weather/heat-wave-west-records-climate-change,CNN,"03/17/2026, 07:00 AM, +0000 UTC",heat,2026-06-24T12:13:09.170999+00:00,,,,False,heat_dome,,,,,,2026-06-24T12:25:55.394723+00:00
https://wpde.com/weather/abc-15-weather-authority-blog/hail-ice-stones-from-the-sky,The heat dome in the west,,https://wpde.com/weather/abc-15-weather-authority-blog/hail-ice-stones-from-the-sky,WPDE,"03/23/2026, 07:00 AM, +0000 UTC",heat,2026-06-24T12:13:09.170999+00:00,,,,False,heat_dome,,,,,,2026-06-24T12:25:55.394723+00:00
https://www.cnet.com/home/energy-and-utilities/historic-heat-dome-creeping-across-us-how-prepare/,A Historic Heat Dome Is Creeping Across the US. Here's How to Prepare,,https://www.cnet.com/home/energy-and-utilities/historic-heat-dome-creeping-across-us-how-prepare/,CNET,"03/24/2026, 07:00 AM, +0000 UTC",heat,2026-06-24T12:13:09.170999+00:00,,,,False,heat_dome,,,,,,2026-06-24T12:25:55.394723+00:00
https://weather.com/forecast/regional/news/2026-03-18-historic-march-heat-wave-west-plains-california-arizona,"Historic March Heat Wave From West To Southeast, Including California, Arizona",,https://weather.com/forecast/regional/news/2026-03-18-historic-march-heat-wave-west-plains-california-arizona,The Weather Channel,"03/23/2026, 07:00 AM, +0000 UTC",heat,2026-06-24T12:13:09.170999+00:00,California,California,state,True,heat_dome,,,,36.116203,-119.681564,2026-06-24T12:25:55.394723+00:00
https://www.newsweek.com/heat-dome-map-shows-states-set-for-hottest-spring-temperatures-11733473,Heat Dome Map Shows States Set For Hottest Spring Temperatures,,https://www.newsweek.com/heat-dome-map-shows-states-set-for-hottest-spring-temperatures-11733473,Newsweek,"03/25/2026, 07:00 AM, +0000 UTC",heat,2026-06-24T12:13:09.170999+00:00,,,,False,heat_dome,,,,,,2026-06-24T12:25:55.394723+00:00
https://www.nbcnews.com/weather/heat/western-heat-wave-ends-records-duration-intensity-rcna265514,"As Western heat wave ends, scientists try to make sense of its length and intensity",,https://www.nbcnews.com/weather/heat/western-heat-wave-ends-records-duration-intensity-rcna265514,NBC News,"03/28/2026, 07:00 AM, +0000 UTC",heat,2026-06-24T12:13:09.170999+00:00,,,,False,heat_dome,,,,,,2026-06-24T12:25:55.394723+00:00
https://apnews.com/article/heat-dome-snow-blizzard-cold-polar-flooding-55e3baf6877e81ee1961aade3cb361c3,"US forecasts blizzard, polar vortex, heat dome and atmospheric river all at once",,https://apnews.com/article/heat-dome-snow-blizzard-cold-polar-flooding-55e3baf6877e81ee1961aade3cb361c3,AP News,"03/13/2026, 07:00 AM, +0000 UTC",heat,2026-06-24T12:13:09.170999+00:00,,,,False,heat_dome,,,,,,2026-06-24T12:25:55.394723+00:00
https://www.euronews.com/2026/03/20/pushing-extremes-to-new-levels-record-us-heat-dome-made-possible-by-climate-change,'Climate change in real time': US hit by record-shattering heatwave,,https://www.euronews.com/2026/03/20/pushing-extremes-to-new-levels-record-us-heat-dome-made-possible-by-climate-change,Euronews.com,"03/20/2026, 07:00 AM, +0000 UTC",heat,2026-06-24T12:13:09.170999+00:00,,,,False,heat_event,,,,,,2026-06-24T12:25:55.394723+00:00
https://www.theatlantic.com/science/2026/03/west-heat-wave/686457/,There’s No Way the American West Will Have a Normal Summer,,https://www.theatlantic.com/science/2026/03/west-heat-wave/686457/,The Atlantic,"03/19/2026, 07:00 AM, +0000 UTC",heat,2026-06-24T12:13:09.170999+00:00,,,,False,heat_event,,,,,,2026-06-24T12:25:55.394723+00:00
https://www.newsweek.com/us-weather-prediction-spring-2026-heat-dome-11717091,US Weather Prediction for Spring 2026 Warns of ‘Heat Dome’,,https://www.newsweek.com/us-weather-prediction-spring-2026-heat-dome-11717091,Newsweek,"03/22/2026, 07:00 AM, +0000 UTC",heat,2026-06-24T12:13:09.170999+00:00,,,,False,heat_dome,,,,,,2026-06-24T12:25:55.394723+00:00
https://www.nytimes.com/2026/03/14/weather/west-coast-heat-wave-la-phoenix.html,5 Things to Know About the Unusual March Heat Wave in the West,,https://www.nytimes.com/2026/03/14/weather/west-coast-heat-wave-la-phoenix.html,The New York Times,"03/14/2026, 07:00 AM, +0000 UTC",heat,2026-06-24T12:13:09.170999+00:00,,,,False,heat_dome,,,,,,2026-06-24T12:25:55.394723+00:00
https://www.yahoo.com/news/articles/april-weather-forecast-predicts-major-100310579.html,April weather forecast predicts 'major change' as heat dome moves,,https://www.yahoo.com/news/articles/april-weather-forecast-predicts-major-100310579.html,Yahoo,"03/28/2026, 07:00 AM, +0000 UTC",heat,2026-06-24T12:13:09.170999+00:00,,,,False,heat_dome,,,,,,2026-06-24T12:25:55.394723+00:00
https://www.kktv.com/2026/03/17/heat-dome-sliding-what-does-that-mean/,Heat Dome sliding in: What does that mean?,,https://www.kktv.com/2026/03/17/heat-dome-sliding-what-does-that-mean/,KKTV,"03/17/2026, 07:00 AM, +0000 UTC",heat,2026-06-24T12:13:09.170999+00:00,,,,False,heat_dome,,,,,,2026-06-24T12:25:55.394723+00:00
https://www.aol.com/spring-2026-forecasts-warn-dreaded-100250712.html,New spring 2026 forecasts warn of the dreaded 'heat dome',,https://www.aol.com/spring-2026-forecasts-warn-dreaded-100250712.html,AOL.com,"03/22/2026, 07:00 AM, +0000 UTC",heat,2026-06-24T12:13:09.170999+00:00,,,,False,heat_dome,,,,,,2026-06-24T12:25:55.394723+00:00
https://news.sky.com/story/us-suffers-hottest-march-day-ever-recorded-as-heat-dome-drives-up-temperatures-13522180,US suffers hottest March day ever recorded as heat dome drives up temperatures,,https://news.sky.com/story/us-suffers-hottest-march-day-ever-recorded-as-heat-dome-drives-up-temperatures-13522180,Sky News,"03/20/2026, 07:00 AM, +0000 UTC",heat,2026-06-24T12:13:09.170999+00:00,,,,False,heat_dome,,,,,,2026-06-24T12:25:55.394723+00:00
https://www.futura-sciences.com/en/a-crushing-heat-dome-is-coming-why-experts-already-fear-the-worst_32821/,A crushing heat dome is coming: why experts already fear the worst,,https://www.futura-sciences.com/en/a-crushing-heat-dome-is-coming-why-experts-already-fear-the-worst_32821/,"Futura, le média qui explore le monde","05/29/2026, 05:41 PM, +0000 UTC",heat,2026-06-24T12:13:09.170999+00:00,,,,False,heat_dome,,,,,,2026-06-24T12:25:55.394723+00:00
https://www.mensjournal.com/news/excessive-heat-warning-issued-as-100-degree-temperatures-record-march-highs-forecast-this-week,"Excessive Heat Warning Issued as 100-Degree Temperatures, Record March Highs Forecast This Week",,https://www.mensjournal.com/news/excessive-heat-warning-issued-as-100-degree-temperatures-record-march-highs-forecast-this-week,Men's Journal,"03/11/2026, 07:00 AM, +0000 UTC",heat,2026-06-24T12:13:09.170999+00:00,,,,False,heat_warning,,,,,,2026-06-24T12:25:55.394723+00:00
https://www.yahoo.com/news/articles/meteorologist-issues-warning-heat-dome-040000429.html,Meteorologist issues warning as heat dome creeps across country: 'The entire US is going to be hot',,https://www.yahoo.com/news/articles/meteorologist-issues-warning-heat-dome-040000429.html,Yahoo,"03/25/2026, 07:00 AM, +0000 UTC",heat,2026-06-24T12:13:09.170999+00:00,,,,False,heat_dome,,,,,,2026-06-24T12:25:55.394723+00:00
https://www.thecooldown.com/outdoors/early-heat-dome-breaks-temperature-records/,Triple-digit heat dome set to break records across 10 states as the West braces for 117 degrees,,https://www.thecooldown.com/outdoors/early-heat-dome-breaks-temperature-records/,The Cool Down,"05/13/2026, 07:00 AM, +0000 UTC",heat,2026-06-24T12:13:09.170999+00:00,,,,False,heat_dome,,,,,,2026-06-24T12:25:55.394723+00:00
https://pv-magazine-usa.com/2026/04/03/heat-dome-and-high-pressure-boost-southern-u-s-solar-as-polar-vortex-clouds-the-north/,Heat dome and high pressure boost southern U.S. solar as polar vortex clouds the north,,https://pv-magazine-usa.com/2026/04/03/heat-dome-and-high-pressure-boost-southern-u-s-solar-as-polar-vortex-clouds-the-north/,pv magazine USA,"04/03/2026, 07:00 AM, +0000 UTC",heat,2026-06-24T12:13:09.170999+00:00,,,,False,heat_dome,,,,,,2026-06-24T12:25:55.394723+00:00
https://www.foxweather.com/weather-news/noaa-warmest-march-ever-recorded-across-lower-48-historic-western-heat-dome,NOAA: Warmest March ever recorded across Lower 48 driven by historic Western heat dome,,https://www.foxweather.com/weather-news/noaa-warmest-march-ever-recorded-across-lower-48-historic-western-heat-dome,FOX Weather,"04/10/2026, 07:00 AM, +0000 UTC",heat,2026-06-24T12:13:09.170999+00:00,,,,False,heat_dome,,,,,,2026-06-24T12:25:55.394723+00:00
https://www.dallasnews.com/news/weather/2026/03/14/us-forecasts-blizzard-polar-vortex-heat-dome-and-atmospheric-river-all-at-once/,"U.S. forecasts blizzard, polar vortex, heat dome and atmospheric river all at once",,https://www.dallasnews.com/news/weather/2026/03/14/us-forecasts-blizzard-polar-vortex-heat-dome-and-atmospheric-river-all-at-once/,Dallas News,"03/14/2026, 07:00 AM, +0000 UTC",heat,2026-06-24T12:13:09.170999+00:00,,,,False,heat_dome,,,,,,2026-06-24T12:25:55.394723+00:00
https://www.bostonherald.com/2026/03/13/weather-extremes/,"US forecasts blizzard, polar vortex, heat dome and atmospheric river all at once",,https://www.bostonherald.com/2026/03/13/weather-extremes/,Boston Herald,"03/13/2026, 07:00 AM, +0000 UTC",heat,2026-06-24T12:13:09.170999+00:00,,,,False,heat_dome,,,,,,2026-06-24T12:25:55.394723+00:00
https://phys.org/news/2026-03-north-america-dome-left-winners.html,North America 'heat dome' left winners and losers: Study,,https://phys.org/news/2026-03-north-america-dome-left-winners.html,Phys.org,"03/15/2026, 07:00 AM, +0000 UTC",heat,2026-06-24T12:13:09.170999+00:00,,,,False,heat_dome,,,,,,2026-06-24T12:25:55.394723+00:00
https://kube933.iheart.com/content/2026-03-13-all-50-us-states-could-face-extreme-weather-including-blizzard-heat-dome/,"All 50 US States Could Face Extreme Weather Including Blizzard, Heat Dome",,https://kube933.iheart.com/content/2026-03-13-all-50-us-states-could-face-extreme-weather-including-blizzard-heat-dome/,KUBE 93.3,"03/13/2026, 07:00 AM, +0000 UTC",heat,2026-06-24T12:13:09.170999+00:00,,,,False,heat_dome,,,,,,2026-06-24T12:25:55.394723+00:00
https://globalnews.ca/news/11729307/us-weather-blizzard-polar-vortex-heat-dome-atmospheric-river/,"A blizzard, polar vortex, heat dome and atmospheric river: U.S. faces weather chaos - National",,https://globalnews.ca/news/11729307/us-weather-blizzard-polar-vortex-heat-dome-atmospheric-river/,Global News,"03/13/2026, 07:00 AM, +0000 UTC",heat,2026-06-24T12:13:09.170999+00:00,,,,False,heat_dome,,,,,,2026-06-24T12:25:55.394723+00:00
https://www.deseret.com/environment/2026/03/13/massive-heat-dome-over-the-west/,‘Unprecedented’ heat to reach most of the West starting next week,,https://www.deseret.com/environment/2026/03/13/massive-heat-dome-over-the-west/,Deseret News,"03/13/2026, 07:00 AM, +0000 UTC",heat,2026-06-24T12:13:09.170999+00:00,,,,False,heat_event,,,,,,2026-06-24T12:25:55.394723+00:00
https://wgci.iheart.com/content/2026-03-13-all-50-us-states-could-face-extreme-weather-including-blizzard-heat-dome/,"All 50 US States Could Face Extreme Weather Including Blizzard, Heat Dome",,https://wgci.iheart.com/content/2026-03-13-all-50-us-states-could-face-extreme-weather-including-blizzard-heat-dome/,WGCI-FM,"03/13/2026, 07:00 AM, +0000 UTC",heat,2026-06-24T12:13:09.170999+00:00,,,,False,heat_dome,,,,,,2026-06-24T12:25:55.394723+00:00
https://www.yahoo.com/news/articles/march-heat-dome-raises-hot-144912887.html,"March heat dome raises hot car danger, shuts hiking trails and threatens flower blooms across the West",,https://www.yahoo.com/news/articles/march-heat-dome-raises-hot-144912887.html,Yahoo,"03/20/2026, 07:00 AM, +0000 UTC",heat,2026-06-24T12:13:09.170999+00:00,,,,False,heat_dome,,,,,,2026-06-24T12:25:55.394723+00:00
https://www.greenmatters.com/pn/record-breaking-march-heat-dome-to-hit-west-coast-soon-these-cities-will-face-the-worst-of-it,Record-Breaking March ‘Heat Dome’ To Hit West Coast Soon — These Cities Will Face The Worst of It,,https://www.greenmatters.com/pn/record-breaking-march-heat-dome-to-hit-west-coast-soon-these-cities-will-face-the-worst-of-it,Green Matters,"03/13/2026, 07:00 AM, +0000 UTC",heat,2026-06-24T12:13:09.170999+00:00,,,,False,heat_dome,,,,,,2026-06-24T12:25:55.394723+00:00
https://apnews.com/video/us-forecasts-blizzard-polar-vortex-heat-dome-and-atmospheric-river-all-at-once-670fc35798cc4af884ff8c27360766de,"US forecasts blizzard, polar vortex, heat dome and atmospheric river all at once",,https://apnews.com/video/us-forecasts-blizzard-polar-vortex-heat-dome-and-atmospheric-river-all-at-once-670fc35798cc4af884ff8c27360766de,AP News,"03/13/2026, 07:00 AM, +0000 UTC",heat,2026-06-24T12:13:09.170999+00:00,,,,False,heat_dome,,,,,,2026-06-24T12:25:55.394723+00:00
https://www.theweathernetwork.com/en/news/weather/severe/historic-heat-dome-may-fuel-summer-wildfires-growing-drought,"Historic heat dome may fuel summer wildfires, growing drought",,https://www.theweathernetwork.com/en/news/weather/severe/historic-heat-dome-may-fuel-summer-wildfires-growing-drought,The Weather Network,"03/29/2026, 07:00 AM, +0000 UTC",heat,2026-06-24T12:13:09.170999+00:00,,,,False,heat_dome,,,,,,2026-06-24T12:25:55.394723+00:00
https://mavensnotebook.com/2026/03/12/daily-digest-3-12-a-record-heat-dome-is-about-to-hit-the-west-as-signs-of-strong-el-nino-emerge-water-board-to-release-new-rule-to-limit-water-pollution-from-dairies-the-mutibenefit-land-repurposi/,"DAILY DIGEST, 3/12: A record heat dome is about to hit the West as signs of strong El Niño emerge; Water Board to release new rule to limit water pollution from dairies; The Mutibenefit Land Repurposing Program’s 2025 progress report; Pacific Fishery Mana",,https://mavensnotebook.com/2026/03/12/daily-digest-3-12-a-record-heat-dome-is-about-to-hit-the-west-as-signs-of-strong-el-nino-emerge-water-board-to-release-new-rule-to-limit-water-pollution-from-dairies-the-mutibenefit-land-repurposi/,Maven's Notebook,"03/12/2026, 07:00 AM, +0000 UTC",heat,2026-06-24T12:13:09.170999+00:00,,,,False,heat_dome,,,,,,2026-06-24T12:25:55.394723+00:00
https://www.ctvnews.ca/climate-and-environment/article/north-americas-2021-heat-dome-has-caused-catastropic-ecological-damage-study/,North America’s 2021 ‘heat dome’ has caused catastropic ecological damage: study,,https://www.ctvnews.ca/climate-and-environment/article/north-americas-2021-heat-dome-has-caused-catastropic-ecological-damage-study/,CTV News,"03/11/2026, 07:00 AM, +0000 UTC",heat,2026-06-24T12:13:09.170999+00:00,,,,False,heat_dome,,,,,,2026-06-24T12:25:55.394723+00:00
https://www.stl.news/historic-heat-dome-expanding-to-envelop-almost-the-entire-united-states/,Historic heat dome expanding to envelop almost the entire United States.,,https://www.stl.news/historic-heat-dome-expanding-to-envelop-almost-the-entire-united-states/,stl.news,"03/24/2026, 07:00 AM, +0000 UTC",heat,2026-06-24T12:13:09.170999+00:00,,,,False,heat_dome,,,,,,2026-06-24T12:25:55.394723+00:00
https://www.yahoo.com/news/videos/us-forecasts-blizzard-polar-vortex-194713488.html,"US forecasts blizzard, polar vortex, heat dome and atmospheric river all at once",,https://www.yahoo.com/news/videos/us-forecasts-blizzard-polar-vortex-194713488.html,Yahoo,"03/13/2026, 07:00 AM, +0000 UTC",heat,2026-06-24T12:13:09.170999+00:00,,,,False,heat_dome,,,,,,2026-06-24T12:25:55.394723+00:00
https://www.sunherald.com/news/local/article315167447.html,"Record-breaking heat spreads across US, experts say. How hot could MS Coast get?",,https://www.sunherald.com/news/local/article315167447.html,Sun Herald,"03/24/2026, 07:00 AM, +0000 UTC",heat,2026-06-24T12:13:09.170999+00:00,,,,False,heat_event,,,,,,2026-06-24T12:25:55.394723+00:00
https://www.independent.co.uk/news/phoenix-hawaii-southwest-arctic-east-b2937692.html,"US weather to go nuts with blizzard, polar vortex, heat dome, atmospheric river all at once",,https://www.independent.co.uk/news/phoenix-hawaii-southwest-arctic-east-b2937692.html,The Independent,"03/13/2026, 07:00 AM, +0000 UTC",heat,2026-06-24T12:13:09.170999+00:00,,,,False,heat_dome,,,,,,2026-06-24T12:25:55.394723+00:00
https://www.bostonglobe.com/2026/03/24/metro/new-england-weather-heat-wave/,Record-breaking heat is roasting the western half of the country. Will New England be next?,,https://www.bostonglobe.com/2026/03/24/metro/new-england-weather-heat-wave/,The Boston Globe,"03/24/2026, 07:00 AM, +0000 UTC",heat,2026-06-24T12:13:09.170999+00:00,,,,False,heat_event,,,,,,2026-06-24T12:25:55.394723+00:00
https://www.bangkokpost.com/world/3214809/north-america-heat-dome-left-winners-and-losers-study,North America 'heat dome' left winners and losers: study,,https://www.bangkokpost.com/world/3214809/north-america-heat-dome-left-winners-and-losers-study,Bangkok Post,"03/11/2026, 07:00 AM, +0000 UTC",heat,2026-06-24T12:13:09.170999+00:00,,,,False,heat_dome,,,,,,2026-06-24T12:25:55.394723+00:00
https://www.asiaone.com/world/us-forecasts-blizzard-polar-vortex-heat-dome-and-atmospheric-river-all-once,"US forecasts blizzard, polar vortex, heat dome and atmospheric river all at once, World News",,https://www.asiaone.com/world/us-forecasts-blizzard-polar-vortex-heat-dome-and-atmospheric-river-all-once,AsiaOne,"03/13/2026, 07:00 AM, +0000 UTC",heat,2026-06-24T12:13:09.170999+00:00,,,,False,heat_dome,,,,,,2026-06-24T12:25:55.394723+00:00
https://wgrv.com/heat-dome-expected-this-weekend-well-into-next-week/,"Heat Dome Expected This Weekend, Well Into Next Week",,https://wgrv.com/heat-dome-expected-this-weekend-well-into-next-week/,WGRV.com,"01/15/2026, 08:22 PM, +0000 UTC",heat,2026-06-24T12:13:09.170999+00:00,,,,False,heat_dome,,,,,,2026-06-24T12:25:55.394723+00:00
https://borneobulletin.com.bn/us-forecasts-blizzard-polar-vortex-heat-dome-and-atmospheric-river-all-at-once/,"US forecasts blizzard, polar vortex, heat dome and atmospheric river all at once",,https://borneobulletin.com.bn/us-forecasts-blizzard-polar-vortex-heat-dome-and-atmospheric-river-all-at-once/,Borneo Bulletin,"03/15/2026, 07:00 AM, +0000 UTC",heat,2026-06-24T12:13:09.170999+00:00,,,,False,heat_dome,,,,,,2026-06-24T12:25:55.394723+00:00
https://www.cbsnews.com/news/maps-us-heat-advisory-high-temperature-dome-moves-east/,"Maps show U.S. heat advisories, high temperatures as heat dome moves east",,https://www.cbsnews.com/news/maps-us-heat-advisory-high-temperature-dome-moves-east/,CBS News,"07/25/2025, 07:00 AM, +0000 UTC",heat,2026-06-24T12:13:09.170999+00:00,,,,False,heat_dome,,,,,,2026-06-24T12:25:55.394723+00:00
http://www.severe-weather.eu/global-weather/christmas-2025-forecast-warmest-on-record-holidays-historic-heat-dome-united-states-mk/,Christmas 2025 Forecast: Warmest Holidays since the 1950s under a Historic Heat Dome,,http://www.severe-weather.eu/global-weather/christmas-2025-forecast-warmest-on-record-holidays-historic-heat-dome-united-states-mk/,Severe Weather Europe,"12/21/2025, 08:00 AM, +0000 UTC",heat,2026-06-24T12:13:09.170999+00:00,,,,False,heat_dome,,,,,,2026-06-24T12:25:55.394723+00:00
https://www.usatoday.com/story/news/weather/2026/06/24/huge-heat-dome-us-weather-forecast/90674714007/,Huge heat dome is building over US. Here's your forecast,,https://www.usatoday.com/story/news/weather/2026/06/24/huge-heat-dome-us-weather-forecast/90674714007/,USA Today,"06/24/2026, 06:59 PM, +0000 UTC",heat,2026-06-25T12:11:09.261625+00:00,,,,False,heat_dome,,,,,,2026-06-25T12:24:03.867288+00:00
https://www.newsweek.com/what-is-a-heat-dome-ridge-phenomenon-bakes-unites-states-europe-12103796,"What Is a Heat Dome? Ridge Phenomenon Bakes United States, Europe",,https://www.newsweek.com/what-is-a-heat-dome-ridge-phenomenon-bakes-unites-states-europe-12103796,Newsweek,"06/22/2026, 04:18 PM, +0000 UTC",heat,2026-06-25T12:11:09.261625+00:00,,,,False,heat_dome,,,,,,2026-06-25T12:24:03.867288+00:00
https://www.freep.com/story/news/local/michigan/2026/06/24/michigan-heat-dome-weather-forecast-temperatures-fourth-of-july-weekend/90675297007/,Heat dome to arrive in Michigan next week. See long-range forecast,,https://www.freep.com/story/news/local/michigan/2026/06/24/michigan-heat-dome-weather-forecast-temperatures-fourth-of-july-weekend/90675297007/,Detroit Free Press,"06/24/2026, 05:12 PM, +0000 UTC",heat,2026-06-25T12:11:09.261625+00:00,Michigan,Michigan,state,True,heat_dome,,,,43.326618,-84.536095,2026-06-25T12:24:03.867288+00:00
https://www.sierraclub.org/oregon/blog/2026/06/5-years-after-2021-heat-dome-clean-energy-initiatives-are-making-mark,5 Years After the 2021 Heat Dome Clean Energy Initiatives are Making a Mark,,https://www.sierraclub.org/oregon/blog/2026/06/5-years-after-2021-heat-dome-clean-energy-initiatives-are-making-mark,Sierra Club,"06/24/2026, 12:40 AM, +0000 UTC",heat,2026-06-25T12:11:09.261625+00:00,,,,False,heat_dome,,,,,,2026-06-25T12:24:03.867288+00:00
https://www.wfla.com/video/heat-dome-to-bake-us-next-week/11914118/,Heat Dome to Bake US Next Week,,https://www.wfla.com/video/heat-dome-to-bake-us-next-week/11914118/,WFLA,"06/25/2026, 01:34 AM, +0000 UTC",heat,2026-06-25T12:11:09.261625+00:00,,,,False,heat_dome,,,,,,2026-06-25T12:24:03.867288+00:00
https://weather.com/2026/06/23/safety/heat/heat-dome-explaining-deadly-weather-pattern,What is a heat dome? Explaining the deadly weather pattern,,https://weather.com/2026/06/23/safety/heat/heat-dome-explaining-deadly-weather-pattern,The Weather Channel,"06/23/2026, 04:14 PM, +0000 UTC",heat,2026-06-25T12:11:09.261625+00:00,,,,False,heat_dome,,,,,,2026-06-25T12:24:03.867288+00:00
https://amp.marca.com/en/lifestyle/world-news/2026/06/23/what-is-heat-dome-and-why-is-it-intensifying-temperatures-in-europe-and-the-united-states.html,What is a heat dome and why is it intensifying temperatures in Europe and the United States?,,https://amp.marca.com/en/lifestyle/world-news/2026/06/23/what-is-heat-dome-and-why-is-it-intensifying-temperatures-in-europe-and-the-united-states.html,MARCA,"06/23/2026, 12:05 AM, +0000 UTC",heat,2026-06-25T12:11:09.261625+00:00,,,,False,heat_dome,,,,,,2026-06-25T12:24:03.867288+00:00
https://www.msn.com/en-us/news/insight/heat-dome-drives-extreme-heat-fire-risk-across-western-us/gm-GMCB8EF1D4?gemSnapshotKey=GMCB8EF1D4-snapshot-1&uxmode=ruby,"Heat dome drives extreme heat, fire risk across western US",,https://www.msn.com/en-us/news/insight/heat-dome-drives-extreme-heat-fire-risk-across-western-us/gm-GMCB8EF1D4?gemSnapshotKey=GMCB8EF1D4-snapshot-1&uxmode=ruby,MSN,"06/22/2026, 07:02 PM, +0000 UTC",heat,2026-06-25T12:11:09.261625+00:00,,,,False,heat_dome,,,,,,2026-06-25T12:24:03.867288+00:00
https://www.aspenpublicradio.org/environment/2026-03-16/heat-dome-to-bring-record-breaking-temperatures-across-the-west,Heat dome to bring record-breaking temperatures across the West,,https://www.aspenpublicradio.org/environment/2026-03-16/heat-dome-to-bring-record-breaking-temperatures-across-the-west,Aspen Public Radio,"03/16/2026, 07:00 AM, +0000 UTC",heat,2026-06-25T12:11:09.261625+00:00,,,,False,heat_dome,,,,,,2026-06-25T12:24:03.867288+00:00
https://news.cuanschutz.edu/news-stories/heat-dome-grips-the-west-what-is-it-and-how-can-it-affect-health,"Heat Dome Grips the West: What Is It, and How Can It Affect Health?",,https://news.cuanschutz.edu/news-stories/heat-dome-grips-the-west-what-is-it-and-how-can-it-affect-health,CU Anschutz newsroom,"03/18/2026, 07:00 AM, +0000 UTC",heat,2026-06-25T12:11:09.261625+00:00,,,,False,heat_dome,,,,,,2026-06-25T12:24:03.867288+00:00
https://www.climatecentral.org/climate-shift-index-alert/March-record-breaking-western-heatwave,"Record-breaking March heatwave, intensified by climate change, continues to shatter records across the U.S.",,https://www.climatecentral.org/climate-shift-index-alert/March-record-breaking-western-heatwave,Climate Central,"03/24/2026, 06:48 PM, +0000 UTC",heat,2026-06-25T12:11:09.261625+00:00,,,,False,heat_event,,,,,,2026-06-25T12:24:03.867288+00:00
https://www.latimes.com/world-nation/story/2026-03-13/u-s-forecasts-blizzard-polar-vortex-heat-dome-atmospheric-river-all-at-once,"U.S. forecasts blizzard, polar vortex, heat dome and atmospheric river all at once",,https://www.latimes.com/world-nation/story/2026-03-13/u-s-forecasts-blizzard-polar-vortex-heat-dome-atmospheric-river-all-at-once,Los Angeles Times,"03/13/2026, 07:00 AM, +0000 UTC",heat,2026-06-25T12:11:09.261625+00:00,,,,False,heat_dome,,,,,,2026-06-25T12:24:03.867288+00:00
https://www.cbc.ca/news/climate/record-heat-dome-9.7139906,Record-breaking heat dome spreads across U.S.,,https://www.cbc.ca/news/climate/record-heat-dome-9.7139906,CBC,"03/24/2026, 07:00 AM, +0000 UTC",heat,2026-06-25T12:11:09.261625+00:00,,,,False,heat_dome,,,,,,2026-06-25T12:24:03.867288+00:00
https://www.pbs.org/newshour/science/basically-the-entire-u-s-is-going-to-be-hot-as-record-smashing-heat-spreads,'Basically the entire U.S. is going to be hot' as record-smashing heat spreads,,https://www.pbs.org/newshour/science/basically-the-entire-u-s-is-going-to-be-hot-as-record-smashing-heat-spreads,PBS,"03/24/2026, 07:00 AM, +0000 UTC",heat,2026-06-25T12:11:09.261625+00:00,,,,False,heat_event,,,,,,2026-06-25T12:24:03.867288+00:00
https://www.cnn.com/2026/03/17/weather/heat-wave-west-records-climate-change,"Extraordinary, climate change-linked heat wave envelops the West with mounting consequences",,https://www.cnn.com/2026/03/17/weather/heat-wave-west-records-climate-change,CNN,"03/17/2026, 07:00 AM, +0000 UTC",heat,2026-06-25T12:11:09.261625+00:00,,,,False,heat_dome,,,,,,2026-06-25T12:24:03.867288+00:00
https://www.wsls.com/news/local/2026/06/10/city-of-lynchburg-announces-cooling-center-locations-for-thursday-and-friday/,City of Lynchburg announces cooling center locations for Thursday and Friday,,https://www.wsls.com/news/local/2026/06/10/city-of-lynchburg-announces-cooling-center-locations-for-thursday-and-friday/,WSLS,"06/10/2026, 07:00 AM, +0000 UTC",heat,2026-06-25T12:11:09.261625+00:00,,,,False,heat_emergency,,,,,,2026-06-25T12:24:03.867288+00:00
https://www.cnet.com/home/energy-and-utilities/historic-heat-dome-creeping-across-us-how-prepare/,A Historic Heat Dome Is Creeping Across the US. Here's How to Prepare,,https://www.cnet.com/home/energy-and-utilities/historic-heat-dome-creeping-across-us-how-prepare/,CNET,"03/24/2026, 07:00 AM, +0000 UTC",heat,2026-06-25T12:11:09.261625+00:00,,,,False,heat_dome,,,,,,2026-06-25T12:24:03.867288+00:00
https://www.newsweek.com/heat-dome-map-shows-states-set-for-hottest-spring-temperatures-11733473,Heat Dome Map Shows States Set For Hottest Spring Temperatures,,https://www.newsweek.com/heat-dome-map-shows-states-set-for-hottest-spring-temperatures-11733473,Newsweek,"03/25/2026, 07:00 AM, +0000 UTC",heat,2026-06-25T12:11:09.261625+00:00,,,,False,heat_dome,,,,,,2026-06-25T12:24:03.867288+00:00
https://apnews.com/article/heat-dome-snow-blizzard-cold-polar-flooding-55e3baf6877e81ee1961aade3cb361c3,"US forecasts blizzard, polar vortex, heat dome and atmospheric river all at once",,https://apnews.com/article/heat-dome-snow-blizzard-cold-polar-flooding-55e3baf6877e81ee1961aade3cb361c3,AP News,"03/13/2026, 07:00 AM, +0000 UTC",heat,2026-06-25T12:11:09.261625+00:00,,,,False,heat_dome,,,,,,2026-06-25T12:24:03.867288+00:00
https://www.nbcnews.com/weather/heat/western-heat-wave-ends-records-duration-intensity-rcna265514,"As Western heat wave ends, scientists try to make sense of its length and intensity",,https://www.nbcnews.com/weather/heat/western-heat-wave-ends-records-duration-intensity-rcna265514,NBC News,"03/28/2026, 07:00 AM, +0000 UTC",heat,2026-06-25T12:11:09.261625+00:00,,,,False,heat_dome,,,,,,2026-06-25T12:24:03.867288+00:00
https://www.pbs.org/newshour/show/how-climate-change-has-powered-the-heat-wave-blanketing-much-of-the-u-s,How climate change has powered the heat wave blanketing much of the U.S.,,https://www.pbs.org/newshour/show/how-climate-change-has-powered-the-heat-wave-blanketing-much-of-the-u-s,PBS,"03/26/2026, 07:00 AM, +0000 UTC",heat,2026-06-25T12:11:09.261625+00:00,,,,False,heat_dome,,,,,,2026-06-25T12:24:03.867288+00:00
https://www.theatlantic.com/science/2026/03/west-heat-wave/686457/,There’s No Way the American West Will Have a Normal Summer,,https://www.theatlantic.com/science/2026/03/west-heat-wave/686457/,The Atlantic,"03/19/2026, 07:00 AM, +0000 UTC",heat,2026-06-25T12:11:09.261625+00:00,,,,False,heat_event,,,,,,2026-06-25T12:24:03.867288+00:00
https://www.newsweek.com/us-weather-prediction-spring-2026-heat-dome-11717091,US Weather Prediction for Spring 2026 Warns of ‘Heat Dome’,,https://www.newsweek.com/us-weather-prediction-spring-2026-heat-dome-11717091,Newsweek,"03/22/2026, 07:00 AM, +0000 UTC",heat,2026-06-25T12:11:09.261625+00:00,,,,False,heat_dome,,,,,,2026-06-25T12:24:03.867288+00:00
https://news.oregonstate.edu/news/study-paints-detailed-picture-forest-canopy-damage-caused-%E2%80%98heat-dome%E2%80%99,Study paints detailed picture of forest canopy damage caused by ‘heat dome’,,https://news.oregonstate.edu/news/study-paints-detailed-picture-forest-canopy-damage-caused-%E2%80%98heat-dome%E2%80%99,Oregon State University,"11/04/2025, 08:00 AM, +0000 UTC",heat,2026-06-25T12:11:09.261625+00:00,,,,False,heat_dome,,,,,,2026-06-25T12:24:03.867288+00:00
https://www.cbsnews.com/news/maps-us-heat-advisory-high-temperature-dome-moves-east/,"Maps show U.S. heat advisories, high temperatures as heat dome moves east",,https://www.cbsnews.com/news/maps-us-heat-advisory-high-temperature-dome-moves-east/,CBS News,"07/25/2025, 07:00 AM, +0000 UTC",heat,2026-06-25T12:11:09.261625+00:00,,,,False,heat_dome,,,,,,2026-06-25T12:24:03.867288+00:00
https://www.euronews.com/2026/03/20/pushing-extremes-to-new-levels-record-us-heat-dome-made-possible-by-climate-change,'Climate change in real time': US hit by record-shattering heatwave,,https://www.euronews.com/2026/03/20/pushing-extremes-to-new-levels-record-us-heat-dome-made-possible-by-climate-change,Euronews.com,"03/20/2026, 07:00 AM, +0000 UTC",heat,2026-06-25T12:11:09.261625+00:00,,,,False,heat_event,,,,,,2026-06-25T12:24:03.867288+00:00
https://www.smdp.com/us-forecasts-blizzard-polar-vortex-heat-dome-and-atmospheric-river-all-at-once/,"US forecasts blizzard, polar vortex, heat dome and atmospheric river all at once",,https://www.smdp.com/us-forecasts-blizzard-polar-vortex-heat-dome-and-atmospheric-river-all-at-once/,Santa Monica Daily Press,"03/13/2026, 07:00 AM, +0000 UTC",heat,2026-06-25T12:11:09.261625+00:00,,,,False,heat_dome,,,,,,2026-06-25T12:24:03.867288+00:00
https://www.yahoo.com/news/articles/april-weather-forecast-predicts-major-100310579.html,April weather forecast predicts 'major change' as heat dome moves,,https://www.yahoo.com/news/articles/april-weather-forecast-predicts-major-100310579.html,Yahoo,"03/28/2026, 07:00 AM, +0000 UTC",heat,2026-06-25T12:11:09.261625+00:00,,,,False,heat_dome,,,,,,2026-06-25T12:24:03.867288+00:00
https://news.sky.com/story/us-suffers-hottest-march-day-ever-recorded-as-heat-dome-drives-up-temperatures-13522180,US suffers hottest March day ever recorded as heat dome drives up temperatures,,https://news.sky.com/story/us-suffers-hottest-march-day-ever-recorded-as-heat-dome-drives-up-temperatures-13522180,Sky News,"03/20/2026, 07:00 AM, +0000 UTC",heat,2026-06-25T12:11:09.261625+00:00,,,,False,heat_dome,,,,,,2026-06-25T12:24:03.867288+00:00
https://www.msn.com/en-us/weather/topstories/what-is-a-heat-dome-ridge-phenomenon-bakes-united-states-europe/ar-AA26ha0W,"What is a heat dome? Ridge phenomenon bakes Unites States, Europe",,https://www.msn.com/en-us/weather/topstories/what-is-a-heat-dome-ridge-phenomenon-bakes-united-states-europe/ar-AA26ha0W,MSN,"06/23/2026, 09:29 AM, +0000 UTC",heat,2026-06-25T12:11:09.261625+00:00,,,,False,heat_dome,,,,,,2026-06-25T12:24:03.867288+00:00
https://www.aol.com/spring-2026-forecasts-warn-dreaded-100250712.html,New spring 2026 forecasts warn of the dreaded 'heat dome',,https://www.aol.com/spring-2026-forecasts-warn-dreaded-100250712.html,AOL.com,"03/22/2026, 07:00 AM, +0000 UTC",heat,2026-06-25T12:11:09.261625+00:00,,,,False,heat_dome,,,,,,2026-06-25T12:24:03.867288+00:00
https://www.dallasnews.com/news/weather/2026/03/14/us-forecasts-blizzard-polar-vortex-heat-dome-and-atmospheric-river-all-at-once/,"U.S. forecasts blizzard, polar vortex, heat dome and atmospheric river all at once",,https://www.dallasnews.com/news/weather/2026/03/14/us-forecasts-blizzard-polar-vortex-heat-dome-and-atmospheric-river-all-at-once/,Dallas News,"03/14/2026, 07:00 AM, +0000 UTC",heat,2026-06-25T12:11:09.261625+00:00,,,,False,heat_dome,,,,,,2026-06-25T12:24:03.867288+00:00
http://www.severe-weather.eu/global-weather/christmas-2025-forecast-warmest-on-record-holidays-historic-heat-dome-united-states-mk/,Christmas 2025 Forecast: Warmest Holidays since the 1950s under a Historic Heat Dome,,http://www.severe-weather.eu/global-weather/christmas-2025-forecast-warmest-on-record-holidays-historic-heat-dome-united-states-mk/,Severe Weather Europe,"12/21/2025, 08:00 AM, +0000 UTC",heat,2026-06-25T12:11:09.261625+00:00,,,,False,heat_dome,,,,,,2026-06-25T12:24:03.867288+00:00
https://www.bostonherald.com/2026/03/13/weather-extremes/,"US forecasts blizzard, polar vortex, heat dome and atmospheric river all at once",,https://www.bostonherald.com/2026/03/13/weather-extremes/,Boston Herald,"03/13/2026, 07:00 AM, +0000 UTC",heat,2026-06-25T12:11:09.261625+00:00,,,,False,heat_dome,,,,,,2026-06-25T12:24:03.867288+00:00
https://pv-magazine-usa.com/2026/04/03/heat-dome-and-high-pressure-boost-southern-u-s-solar-as-polar-vortex-clouds-the-north/,Heat dome and high pressure boost southern U.S. solar as polar vortex clouds the north,,https://pv-magazine-usa.com/2026/04/03/heat-dome-and-high-pressure-boost-southern-u-s-solar-as-polar-vortex-clouds-the-north/,pv magazine USA,"04/03/2026, 07:00 AM, +0000 UTC",heat,2026-06-25T12:11:09.261625+00:00,,,,False,heat_dome,,,,,,2026-06-25T12:24:03.867288+00:00
https://www.foxweather.com/weather-news/noaa-warmest-march-ever-recorded-across-lower-48-historic-western-heat-dome,NOAA: Warmest March ever recorded across Lower 48 driven by historic Western heat dome,,https://www.foxweather.com/weather-news/noaa-warmest-march-ever-recorded-across-lower-48-historic-western-heat-dome,FOX Weather,"04/10/2026, 07:00 AM, +0000 UTC",heat,2026-06-25T12:11:09.261625+00:00,,,,False,heat_dome,,,,,,2026-06-25T12:24:03.867288+00:00
https://www.yahoo.com/news/articles/meteorologist-issues-warning-heat-dome-040000429.html,Meteorologist issues warning as heat dome creeps across country: 'The entire US is going to be hot',,https://www.yahoo.com/news/articles/meteorologist-issues-warning-heat-dome-040000429.html,Yahoo,"03/25/2026, 07:00 AM, +0000 UTC",heat,2026-06-25T12:11:09.261625+00:00,,,,False,heat_dome,,,,,,2026-06-25T12:24:03.867288+00:00
https://www.mensjournal.com/news/excessive-heat-warning-issued-as-100-degree-temperatures-record-march-highs-forecast-this-week,"Excessive Heat Warning Issued as 100-Degree Temperatures, Record March Highs Forecast This Week",,https://www.mensjournal.com/news/excessive-heat-warning-issued-as-100-degree-temperatures-record-march-highs-forecast-this-week,Men's Journal,"03/11/2026, 07:00 AM, +0000 UTC",heat,2026-06-25T12:11:09.261625+00:00,,,,False,heat_warning,,,,,,2026-06-25T12:24:03.867288+00:00
https://phys.org/news/2026-03-north-america-dome-left-winners.html,North America 'heat dome' left winners and losers: Study,,https://phys.org/news/2026-03-north-america-dome-left-winners.html,Phys.org,"03/15/2026, 07:00 AM, +0000 UTC",heat,2026-06-25T12:11:09.261625+00:00,,,,False,heat_dome,,,,,,2026-06-25T12:24:03.867288+00:00
https://www.thecooldown.com/outdoors/early-heat-dome-breaks-temperature-records/,Triple-digit heat dome set to break records across 10 states as the West braces for 117 degrees,,https://www.thecooldown.com/outdoors/early-heat-dome-breaks-temperature-records/,The Cool Down,"05/13/2026, 07:00 AM, +0000 UTC",heat,2026-06-25T12:11:09.261625+00:00,,,,False,heat_dome,,,,,,2026-06-25T12:24:03.867288+00:00
https://kube933.iheart.com/content/2026-03-13-all-50-us-states-could-face-extreme-weather-including-blizzard-heat-dome/,"All 50 US States Could Face Extreme Weather Including Blizzard, Heat Dome",,https://kube933.iheart.com/content/2026-03-13-all-50-us-states-could-face-extreme-weather-including-blizzard-heat-dome/,KUBE 93.3,"03/13/2026, 07:00 AM, +0000 UTC",heat,2026-06-25T12:11:09.261625+00:00,,,,False,heat_dome,,,,,,2026-06-25T12:24:03.867288+00:00
https://globalnews.ca/news/11729307/us-weather-blizzard-polar-vortex-heat-dome-atmospheric-river/,"A blizzard, polar vortex, heat dome and atmospheric river: U.S. faces weather chaos - National",,https://globalnews.ca/news/11729307/us-weather-blizzard-polar-vortex-heat-dome-atmospheric-river/,Global News,"03/13/2026, 07:00 AM, +0000 UTC",heat,2026-06-25T12:11:09.261625+00:00,,,,False,heat_dome,,,,,,2026-06-25T12:24:03.867288+00:00
https://www.foxweather.com/weather-news/omega-block-majority-us-lull-stagnant-weather,Omega Pattern brings record heat across Central US while storms target Northwest and Northeast,,https://www.foxweather.com/weather-news/omega-block-majority-us-lull-stagnant-weather,FOX Weather,"05/13/2026, 07:00 AM, +0000 UTC",heat,2026-06-25T12:11:09.261625+00:00,,,,False,heat_dome,,,,,,2026-06-25T12:24:03.867288+00:00
https://www.foxweather.com/weather-news/heat-dome-southeast,Life-threatening heat dome broils millions across eastern US as records tumble,,https://www.foxweather.com/weather-news/heat-dome-southeast,FOX Weather,"07/29/2025, 07:00 AM, +0000 UTC",heat,2026-06-25T12:11:09.261625+00:00,,,,False,heat_dome,,,,,,2026-06-25T12:24:03.867288+00:00
https://www.deseret.com/environment/2026/03/13/massive-heat-dome-over-the-west/,‘Unprecedented’ heat to reach most of the West starting next week,,https://www.deseret.com/environment/2026/03/13/massive-heat-dome-over-the-west/,Deseret News,"03/13/2026, 07:00 AM, +0000 UTC",heat,2026-06-25T12:11:09.261625+00:00,,,,False,heat_event,,,,,,2026-06-25T12:24:03.867288+00:00
https://www.greenmatters.com/pn/record-breaking-march-heat-dome-to-hit-west-coast-soon-these-cities-will-face-the-worst-of-it,Record-Breaking March ‘Heat Dome’ To Hit West Coast Soon — These Cities Will Face The Worst of It,,https://www.greenmatters.com/pn/record-breaking-march-heat-dome-to-hit-west-coast-soon-these-cities-will-face-the-worst-of-it,Green Matters,"03/13/2026, 07:00 AM, +0000 UTC",heat,2026-06-25T12:11:09.261625+00:00,,,,False,heat_dome,,,,,,2026-06-25T12:24:03.867288+00:00
https://www.yahoo.com/news/articles/march-heat-dome-raises-hot-144912887.html,"March heat dome raises hot car danger, shuts hiking trails and threatens flower blooms across the West",,https://www.yahoo.com/news/articles/march-heat-dome-raises-hot-144912887.html,Yahoo,"03/20/2026, 07:00 AM, +0000 UTC",heat,2026-06-25T12:11:09.261625+00:00,,,,False,heat_dome,,,,,,2026-06-25T12:24:03.867288+00:00
https://www.scientificamerican.com/article/heat-domes-extreme-heat-and-humidity-triggers-alerts-across-eastern-u-s/,A Massive Heat Dome Is Cooking the Eastern U.S.,,https://www.scientificamerican.com/article/heat-domes-extreme-heat-and-humidity-triggers-alerts-across-eastern-u-s/,Scientific American,"07/23/2025, 07:00 AM, +0000 UTC",heat,2026-06-25T12:11:09.261625+00:00,,,,False,heat_dome,,,,,,2026-06-25T12:24:03.867288+00:00
https://www.theweathernetwork.com/en/news/weather/severe/historic-heat-dome-may-fuel-summer-wildfires-growing-drought,"Historic heat dome may fuel summer wildfires, growing drought",,https://www.theweathernetwork.com/en/news/weather/severe/historic-heat-dome-may-fuel-summer-wildfires-growing-drought,The Weather Network,"03/29/2026, 07:00 AM, +0000 UTC",heat,2026-06-25T12:11:09.261625+00:00,,,,False,heat_dome,,,,,,2026-06-25T12:24:03.867288+00:00
https://apnews.com/video/us-forecasts-blizzard-polar-vortex-heat-dome-and-atmospheric-river-all-at-once-670fc35798cc4af884ff8c27360766de,"US forecasts blizzard, polar vortex, heat dome and atmospheric river all at once",,https://apnews.com/video/us-forecasts-blizzard-polar-vortex-heat-dome-and-atmospheric-river-all-at-once-670fc35798cc4af884ff8c27360766de,AP News,"03/13/2026, 07:00 AM, +0000 UTC",heat,2026-06-25T12:11:09.261625+00:00,,,,False,heat_dome,,,,,,2026-06-25T12:24:03.867288+00:00
https://www.scientificamerican.com/article/heat-dome-temperatures-may-break-records-in-eastern-u-s/,This Heat Dome Isn’t Letting Up—It’s Just Getting Hotter,,https://www.scientificamerican.com/article/heat-dome-temperatures-may-break-records-in-eastern-u-s/,Scientific American,"07/25/2025, 03:34 PM, +0000 UTC",heat,2026-06-25T12:11:09.261625+00:00,,,,False,heat_dome,,,,,,2026-06-25T12:24:03.867288+00:00
https://www.fox5dc.com/weather/east-coast-heat-dome-what-expect-why-its-dangerous,The East Coast heat dome: What to expect and why it’s dangerous,,https://www.fox5dc.com/weather/east-coast-heat-dome-what-expect-why-its-dangerous,FOX 5 DC,"06/26/2026, 12:35 AM, +0000 UTC",heat,2026-06-26T12:05:40.185162+00:00,,,,False,heat_dome,,,,,,2026-06-26T12:26:05.516490+00:00
https://www.citizen-times.com/story/weather/2026/06/25/western-north-carolina-weather-weekend-storms-extreme-heat-dome/90691892007/,Heat dome to move in after weekend storms in Western North Carolina,,https://www.citizen-times.com/story/weather/2026/06/25/western-north-carolina-weather-weekend-storms-extreme-heat-dome/90691892007/,The Asheville Citizen Times,"06/25/2026, 03:26 PM, +0000 UTC",heat,2026-06-26T12:05:40.185162+00:00,Western North Carolina,Western North Carolina,state,True,heat_dome,,,,35.630066,-79.806419,2026-06-26T12:26:05.516490+00:00
https://www.mansfieldnewsjournal.com/story/news/2026/06/26/a-heat-dome-heading-for-richland-county-could-set-new-records/90691245007/,Richland County could set new record high temperature with heat dome,,https://www.mansfieldnewsjournal.com/story/news/2026/06/26/a-heat-dome-heading-for-richland-county-could-set-new-records/90691245007/,Mansfield News Journal,"06/26/2026, 09:03 AM, +0000 UTC",heat,2026-06-26T12:05:40.185162+00:00,,,,False,heat_dome,,,,,,2026-06-26T12:26:05.516490+00:00
https://www.usatoday.com/story/news/weather/2026/06/24/huge-heat-dome-us-weather-forecast/90674714007/,Huge heat dome is building over US. Here's your forecast,,https://www.usatoday.com/story/news/weather/2026/06/24/huge-heat-dome-us-weather-forecast/90674714007/,USA Today,"06/25/2026, 01:28 PM, +0000 UTC",heat,2026-06-26T12:05:40.185162+00:00,,,,False,heat_dome,,,,,,2026-06-26T12:26:05.516490+00:00
https://www.lubbockonline.com/story/weather/2026/06/26/west-texas-has-hot-temps-some-storms-as-much-of-u-s-under-heat-dome/90698866007/,"West Texas sees hot temps, some storms as much of U.S. under heat dome",,https://www.lubbockonline.com/story/weather/2026/06/26/west-texas-has-hot-temps-some-storms-as-much-of-u-s-under-heat-dome/90698866007/,Lubbock Avalanche-Journal,"06/26/2026, 09:46 AM, +0000 UTC",heat,2026-06-26T12:05:40.185162+00:00,texas,texas,state,True,heat_dome,,,,31.054487,-97.563461,2026-06-26T12:26:05.516490+00:00
https://weather.substack.com/p/june-25-2026-eastern-us-heat-dome,"June 25, 2026 Eastern US Heat Dome Watch",,https://weather.substack.com/p/june-25-2026-eastern-us-heat-dome,Weather Trader,"06/26/2026, 01:04 AM, +0000 UTC",heat,2026-06-26T12:05:40.185162+00:00,,,,False,heat_dome,,,,,,2026-06-26T12:26:05.516490+00:00
https://www.ktre.com/2026/06/25/infamous-heat-dome-keeps-us-hot-dry-through-weekend/,The infamous heat dome keeps us hot and dry through the weekend,,https://www.ktre.com/2026/06/25/infamous-heat-dome-keeps-us-hot-dry-through-weekend/,KTRE,"06/25/2026, 09:39 PM, +0000 UTC",heat,2026-06-26T12:05:40.185162+00:00,,,,False,heat_dome,,,,,,2026-06-26T12:26:05.516490+00:00
https://www.yahoo.com/news/weather-news/articles/building-heat-dome-could-spark-174024770.html,"Building heat dome could spark tropical development near southern U.S. in Atlantic, Gulf",,https://www.yahoo.com/news/weather-news/articles/building-heat-dome-could-spark-174024770.html,Yahoo,"06/25/2026, 05:40 PM, +0000 UTC",heat,2026-06-26T12:05:40.185162+00:00,,,,False,heat_dome,,,,,,2026-06-26T12:26:05.516490+00:00
https://www.wvnews.com/news/wvnews/heat-dome-could-bring-dangerous-heat-to-west-virginia-ahead-of-july-4-weekend/article_bbb49d6c-b48e-4abd-8578-3b7e8c7d736f.html,Heat dome could bring dangerous heat to West Virginia ahead of July 4 weekend,,https://www.wvnews.com/news/wvnews/heat-dome-could-bring-dangerous-heat-to-west-virginia-ahead-of-july-4-weekend/article_bbb49d6c-b48e-4abd-8578-3b7e8c7d736f.html,WV News,"06/25/2026, 03:57 PM, +0000 UTC",heat,2026-06-26T12:05:40.185162+00:00,West Virginia,West Virginia,state,True,heat_dome,,,,38.491226,-80.954453,2026-06-26T12:26:05.516490+00:00
https://www.newsweek.com/what-is-a-heat-dome-ridge-phenomenon-bakes-unites-states-europe-12103796,"What Is a Heat Dome? Ridge Phenomenon Bakes United States, Europe",,https://www.newsweek.com/what-is-a-heat-dome-ridge-phenomenon-bakes-unites-states-europe-12103796,Newsweek,"06/22/2026, 04:18 PM, +0000 UTC",heat,2026-06-26T12:05:40.185162+00:00,,,,False,heat_dome,,,,,,2026-06-26T12:26:05.516490+00:00
"https://thebradentontimes.com/stories/heat-dome-to-bring-widespread-90-degree-weather-for-independence-day,202486","""Heat Dome"" to bring widespread 90-degree weather for Independence Day",,"https://thebradentontimes.com/stories/heat-dome-to-bring-widespread-90-degree-weather-for-independence-day,202486",The Bradenton Times,"06/25/2026, 04:16 PM, +0000 UTC",heat,2026-06-26T12:05:40.185162+00:00,,,,False,heat_dome,,,,,,2026-06-26T12:26:05.516490+00:00
https://www.sierraclub.org/oregon/blog/2026/06/5-years-after-2021-heat-dome-clean-energy-initiatives-are-making-mark,5 Years After the 2021 Heat Dome Clean Energy Initiatives are Making a Mark,,https://www.sierraclub.org/oregon/blog/2026/06/5-years-after-2021-heat-dome-clean-energy-initiatives-are-making-mark,Sierra Club,"06/24/2026, 12:40 AM, +0000 UTC",heat,2026-06-26T12:05:40.185162+00:00,,,,False,heat_dome,,,,,,2026-06-26T12:26:05.516490+00:00
https://patch.com/virginia/oldtownalexandria/storms-target-va-heat-dome-arrives-see-latest-forecast,Storms To Target VA Before Heat Dome Arrives: See Latest Forecast,,https://patch.com/virginia/oldtownalexandria/storms-target-va-heat-dome-arrives-see-latest-forecast,Patch,"06/25/2026, 03:31 PM, +0000 UTC",heat,2026-06-26T12:05:40.185162+00:00,virginia,virginia,state,True,heat_dome,,,,37.769337,-78.169968,2026-06-26T12:26:05.516490+00:00
https://www.ksn.com/video/heat-dome-to-bake-us-next-week/11914118/,Heat Dome to Bake US Next Week,,https://www.ksn.com/video/heat-dome-to-bake-us-next-week/11914118/,KSN-TV,"06/25/2026, 10:26 PM, +0000 UTC",heat,2026-06-26T12:05:40.185162+00:00,,,,False,heat_dome,,,,,,2026-06-26T12:26:05.516490+00:00
https://weather.com/2026/06/23/safety/heat/heat-dome-explaining-deadly-weather-pattern,What is a heat dome? Explaining the deadly weather pattern,,https://weather.com/2026/06/23/safety/heat/heat-dome-explaining-deadly-weather-pattern,The Weather Channel,"06/23/2026, 04:14 PM, +0000 UTC",heat,2026-06-26T12:05:40.185162+00:00,,,,False,heat_dome,,,,,,2026-06-26T12:26:05.516490+00:00
https://www.informnny.com/video/heat-dome-to-bake-us-next-week/11914118/,Heat Dome to Bake US Next Week – WWTI,,https://www.informnny.com/video/heat-dome-to-bake-us-next-week/11914118/,InformNNY.com,"06/25/2026, 02:48 PM, +0000 UTC",heat,2026-06-26T12:05:40.185162+00:00,,,,False,heat_dome,,,,,,2026-06-26T12:26:05.516490+00:00
https://www.borderreport.com/video/heat-dome-to-bake-us-next-week/11914118/,Heat Dome to Bake US Next Week,,https://www.borderreport.com/video/heat-dome-to-bake-us-next-week/11914118/,BorderReport,"06/25/2026, 01:34 AM, +0000 UTC",heat,2026-06-26T12:05:40.185162+00:00,,,,False,heat_dome,,,,,,2026-06-26T12:26:05.516490+00:00
https://www.marca.com/en/lifestyle/world-news/2026/06/23/what-is-heat-dome-and-why-is-it-intensifying-temperatures-in-europe-and-the-united-states.html,What is a heat dome and why is it intensifying temperatures in Europe and the United States?,,https://www.marca.com/en/lifestyle/world-news/2026/06/23/what-is-heat-dome-and-why-is-it-intensifying-temperatures-in-europe-and-the-united-states.html,MARCA,"06/23/2026, 12:05 AM, +0000 UTC",heat,2026-06-26T12:05:40.185162+00:00,,,,False,heat_dome,,,,,,2026-06-26T12:26:05.516490+00:00
https://www.aol.com/news/heat-dome-arrive-michigan-next-153908302.html,Heat dome to arrive in Michigan next week. See long-range forecast,,https://www.aol.com/news/heat-dome-arrive-michigan-next-153908302.html,AOL.com,"06/22/2026, 01:54 PM, +0000 UTC",heat,2026-06-26T12:05:40.185162+00:00,Michigan,Michigan,state,True,heat_dome,,,,43.326618,-84.536095,2026-06-26T12:26:05.516490+00:00
https://www.aspenpublicradio.org/environment/2026-03-16/heat-dome-to-bring-record-breaking-temperatures-across-the-west,Heat dome to bring record-breaking temperatures across the West,,https://www.aspenpublicradio.org/environment/2026-03-16/heat-dome-to-bring-record-breaking-temperatures-across-the-west,Aspen Public Radio,"03/16/2026, 07:00 AM, +0000 UTC",heat,2026-06-26T12:05:40.185162+00:00,,,,False,heat_dome,,,,,,2026-06-26T12:26:05.516490+00:00
https://news.cuanschutz.edu/news-stories/heat-dome-grips-the-west-what-is-it-and-how-can-it-affect-health,"Heat Dome Grips the West: What Is It, and How Can It Affect Health?",,https://news.cuanschutz.edu/news-stories/heat-dome-grips-the-west-what-is-it-and-how-can-it-affect-health,CU Anschutz newsroom,"03/18/2026, 07:00 AM, +0000 UTC",heat,2026-06-26T12:05:40.185162+00:00,,,,False,heat_dome,,,,,,2026-06-26T12:26:05.516490+00:00
https://mynorthwest.com/pacific-northwest-weather/seattle-heatwave/4244948,Seattle heatwave forecast: Models hint at 90s in Western WA,,https://mynorthwest.com/pacific-northwest-weather/seattle-heatwave/4244948,MyNorthwest.com,"06/04/2026, 07:00 AM, +0000 UTC",heat,2026-06-26T12:05:40.185162+00:00,Seattle,Seattle,city,True,heat_event,,,,47.606209,-122.332071,2026-06-26T12:26:05.516490+00:00
https://www.climatecentral.org/climate-shift-index-alert/March-record-breaking-western-heatwave,"Record-breaking March heatwave, intensified by climate change, continues to shatter records across the U.S.",,https://www.climatecentral.org/climate-shift-index-alert/March-record-breaking-western-heatwave,Climate Central,"03/24/2026, 06:48 PM, +0000 UTC",heat,2026-06-26T12:05:40.185162+00:00,,,,False,heat_event,,,,,,2026-06-26T12:26:05.516490+00:00
https://www.latimes.com/world-nation/story/2026-03-13/u-s-forecasts-blizzard-polar-vortex-heat-dome-atmospheric-river-all-at-once,"U.S. forecasts blizzard, polar vortex, heat dome and atmospheric river all at once",,https://www.latimes.com/world-nation/story/2026-03-13/u-s-forecasts-blizzard-polar-vortex-heat-dome-atmospheric-river-all-at-once,Los Angeles Times,"03/13/2026, 07:00 AM, +0000 UTC",heat,2026-06-26T12:05:40.185162+00:00,,,,False,heat_dome,,,,,,2026-06-26T12:26:05.516490+00:00
https://www.cnn.com/2026/03/17/weather/heat-wave-west-records-climate-change,"Extraordinary, climate change-linked heat wave envelops the West with mounting consequences",,https://www.cnn.com/2026/03/17/weather/heat-wave-west-records-climate-change,CNN,"03/17/2026, 07:00 AM, +0000 UTC",heat,2026-06-26T12:05:40.185162+00:00,,,,False,heat_dome,,,,,,2026-06-26T12:26:05.516490+00:00
https://www.pbs.org/newshour/science/basically-the-entire-u-s-is-going-to-be-hot-as-record-smashing-heat-spreads,'Basically the entire U.S. is going to be hot' as record-smashing heat spreads,,https://www.pbs.org/newshour/science/basically-the-entire-u-s-is-going-to-be-hot-as-record-smashing-heat-spreads,PBS,"03/24/2026, 07:00 AM, +0000 UTC",heat,2026-06-26T12:05:40.185162+00:00,,,,False,heat_event,,,,,,2026-06-26T12:26:05.516490+00:00
https://www.cbc.ca/news/climate/record-heat-dome-9.7139906,Record-breaking heat dome spreads across U.S.,,https://www.cbc.ca/news/climate/record-heat-dome-9.7139906,CBC,"03/24/2026, 07:00 AM, +0000 UTC",heat,2026-06-26T12:05:40.185162+00:00,,,,False,heat_dome,,,,,,2026-06-26T12:26:05.516490+00:00
https://www.wsls.com/news/local/2026/06/10/city-of-lynchburg-announces-cooling-center-locations-for-thursday-and-friday/,City of Lynchburg announces cooling center locations for Thursday and Friday,,https://www.wsls.com/news/local/2026/06/10/city-of-lynchburg-announces-cooling-center-locations-for-thursday-and-friday/,WSLS,"06/10/2026, 07:00 AM, +0000 UTC",heat,2026-06-26T12:05:40.185162+00:00,,,,False,heat_emergency,,,,,,2026-06-26T12:26:05.516490+00:00
https://www.nbcnews.com/weather/heat/blistering-heat-wave-across-western-us-rcna264506,The West's record-shattering heat wave isn't over as heat dome shifts into the Plains,,https://www.nbcnews.com/weather/heat/blistering-heat-wave-across-western-us-rcna264506,NBC News,"03/22/2026, 07:00 AM, +0000 UTC",heat,2026-06-26T12:05:40.185162+00:00,,,,False,heat_dome,,,,,,2026-06-26T12:26:05.516490+00:00
https://www.newsweek.com/heat-dome-map-shows-states-set-for-hottest-spring-temperatures-11733473,Heat Dome Map Shows States Set For Hottest Spring Temperatures,,https://www.newsweek.com/heat-dome-map-shows-states-set-for-hottest-spring-temperatures-11733473,Newsweek,"03/25/2026, 07:00 AM, +0000 UTC",heat,2026-06-26T12:05:40.185162+00:00,,,,False,heat_dome,,,,,,2026-06-26T12:26:05.516490+00:00
https://www.cnet.com/home/energy-and-utilities/historic-heat-dome-creeping-across-us-how-prepare/,A Historic Heat Dome Is Creeping Across the US. Here's How to Prepare,,https://www.cnet.com/home/energy-and-utilities/historic-heat-dome-creeping-across-us-how-prepare/,CNET,"03/24/2026, 07:00 AM, +0000 UTC",heat,2026-06-26T12:05:40.185162+00:00,,,,False,heat_dome,,,,,,2026-06-26T12:26:05.516490+00:00
https://apnews.com/article/heat-dome-snow-blizzard-cold-polar-flooding-55e3baf6877e81ee1961aade3cb361c3,"US forecasts blizzard, polar vortex, heat dome and atmospheric river all at once",,https://apnews.com/article/heat-dome-snow-blizzard-cold-polar-flooding-55e3baf6877e81ee1961aade3cb361c3,AP News,"03/13/2026, 07:00 AM, +0000 UTC",heat,2026-06-26T12:05:40.185162+00:00,,,,False,heat_dome,,,,,,2026-06-26T12:26:05.516490+00:00
https://www.nbcnews.com/weather/heat/western-heat-wave-ends-records-duration-intensity-rcna265514,"As Western heat wave ends, scientists try to make sense of its length and intensity",,https://www.nbcnews.com/weather/heat/western-heat-wave-ends-records-duration-intensity-rcna265514,NBC News,"03/28/2026, 07:00 AM, +0000 UTC",heat,2026-06-26T12:05:40.185162+00:00,,,,False,heat_dome,,,,,,2026-06-26T12:26:05.516490+00:00
https://www.pbs.org/newshour/show/how-climate-change-has-powered-the-heat-wave-blanketing-much-of-the-u-s,How climate change has powered the heat wave blanketing much of the U.S.,,https://www.pbs.org/newshour/show/how-climate-change-has-powered-the-heat-wave-blanketing-much-of-the-u-s,PBS,"03/26/2026, 07:00 AM, +0000 UTC",heat,2026-06-26T12:05:40.185162+00:00,,,,False,heat_dome,,,,,,2026-06-26T12:26:05.516490+00:00
https://www.theatlantic.com/science/2026/03/west-heat-wave/686457/,There’s No Way the American West Will Have a Normal Summer,,https://www.theatlantic.com/science/2026/03/west-heat-wave/686457/,The Atlantic,"03/19/2026, 07:00 AM, +0000 UTC",heat,2026-06-26T12:05:40.185162+00:00,,,,False,heat_event,,,,,,2026-06-26T12:26:05.516490+00:00
https://www.newsweek.com/us-weather-prediction-spring-2026-heat-dome-11717091,US Weather Prediction for Spring 2026 Warns of ‘Heat Dome’,,https://www.newsweek.com/us-weather-prediction-spring-2026-heat-dome-11717091,Newsweek,"03/22/2026, 07:00 AM, +0000 UTC",heat,2026-06-26T12:05:40.185162+00:00,,,,False,heat_dome,,,,,,2026-06-26T12:26:05.516490+00:00
https://news.oregonstate.edu/news/study-paints-detailed-picture-forest-canopy-damage-caused-%E2%80%98heat-dome%E2%80%99,Study paints detailed picture of forest canopy damage caused by ‘heat dome’,,https://news.oregonstate.edu/news/study-paints-detailed-picture-forest-canopy-damage-caused-%E2%80%98heat-dome%E2%80%99,Oregon State University,"11/04/2025, 08:00 AM, +0000 UTC",heat,2026-06-26T12:05:40.185162+00:00,,,,False,heat_dome,,,,,,2026-06-26T12:26:05.516490+00:00
https://www.euronews.com/2026/03/20/pushing-extremes-to-new-levels-record-us-heat-dome-made-possible-by-climate-change,'Climate change in real time': US hit by record-shattering heatwave,,https://www.euronews.com/2026/03/20/pushing-extremes-to-new-levels-record-us-heat-dome-made-possible-by-climate-change,Euronews.com,"03/20/2026, 07:00 AM, +0000 UTC",heat,2026-06-26T12:05:40.185162+00:00,,,,False,heat_event,,,,,,2026-06-26T12:26:05.516490+00:00
https://www.smdp.com/us-forecasts-blizzard-polar-vortex-heat-dome-and-atmospheric-river-all-at-once/,"US forecasts blizzard, polar vortex, heat dome and atmospheric river all at once",,https://www.smdp.com/us-forecasts-blizzard-polar-vortex-heat-dome-and-atmospheric-river-all-at-once/,Santa Monica Daily Press,"03/13/2026, 07:00 AM, +0000 UTC",heat,2026-06-26T12:05:40.185162+00:00,,,,False,heat_dome,,,,,,2026-06-26T12:26:05.516490+00:00
https://wpde.com/weather/abc-15-weather-authority-blog/hail-ice-stones-from-the-sky,The heat dome in the west,,https://wpde.com/weather/abc-15-weather-authority-blog/hail-ice-stones-from-the-sky,WPDE,"03/23/2026, 07:00 AM, +0000 UTC",heat,2026-06-26T12:05:40.185162+00:00,,,,False,heat_dome,,,,,,2026-06-26T12:26:05.516490+00:00
https://www.yahoo.com/news/articles/april-weather-forecast-predicts-major-100310579.html,April weather forecast predicts 'major change' as heat dome moves,,https://www.yahoo.com/news/articles/april-weather-forecast-predicts-major-100310579.html,Yahoo,"03/28/2026, 07:00 AM, +0000 UTC",heat,2026-06-26T12:05:40.185162+00:00,,,,False,heat_dome,,,,,,2026-06-26T12:26:05.516490+00:00
https://www.cbsnews.com/news/maps-us-heat-advisory-high-temperature-dome-moves-east/,"Maps show U.S. heat advisories, high temperatures as heat dome moves east",,https://www.cbsnews.com/news/maps-us-heat-advisory-high-temperature-dome-moves-east/,CBS News,"07/25/2025, 07:00 AM, +0000 UTC",heat,2026-06-26T12:05:40.185162+00:00,,,,False,heat_dome,,,,,,2026-06-26T12:26:05.516490+00:00
https://www.akronnewsreporter.com/2026/03/13/weather-extremes/,"US forecasts blizzard, polar vortex, heat dome and atmospheric river all at once",,https://www.akronnewsreporter.com/2026/03/13/weather-extremes/,Akron News-Reporter,"03/13/2026, 07:00 AM, +0000 UTC",heat,2026-06-26T12:05:40.185162+00:00,,,,False,heat_dome,,,,,,2026-06-26T12:26:05.516490+00:00
https://www.aol.com/spring-2026-forecasts-warn-dreaded-100250712.html,New spring 2026 forecasts warn of the dreaded 'heat dome',,https://www.aol.com/spring-2026-forecasts-warn-dreaded-100250712.html,AOL.com,"03/22/2026, 07:00 AM, +0000 UTC",heat,2026-06-26T12:05:40.185162+00:00,,,,False,heat_dome,,,,,,2026-06-26T12:26:05.516490+00:00
https://www.msn.com/en-us/weather/topstories/what-is-a-heat-dome-ridge-phenomenon-bakes-united-states-europe/ar-AA26ha0W,"What is a heat dome? Ridge phenomenon bakes Unites States, Europe",,https://www.msn.com/en-us/weather/topstories/what-is-a-heat-dome-ridge-phenomenon-bakes-united-states-europe/ar-AA26ha0W,MSN,"06/23/2026, 09:29 AM, +0000 UTC",heat,2026-06-26T12:05:40.185162+00:00,,,,False,heat_dome,,,,,,2026-06-26T12:26:05.516490+00:00
https://pv-magazine-usa.com/2026/04/03/heat-dome-and-high-pressure-boost-southern-u-s-solar-as-polar-vortex-clouds-the-north/,Heat dome and high pressure boost southern U.S. solar as polar vortex clouds the north,,https://pv-magazine-usa.com/2026/04/03/heat-dome-and-high-pressure-boost-southern-u-s-solar-as-polar-vortex-clouds-the-north/,pv magazine USA,"04/03/2026, 07:00 AM, +0000 UTC",heat,2026-06-26T12:05:40.185162+00:00,,,,False,heat_dome,,,,,,2026-06-26T12:26:05.516490+00:00
http://www.severe-weather.eu/global-weather/christmas-2025-forecast-warmest-on-record-holidays-historic-heat-dome-united-states-mk/,Christmas 2025 Forecast: Warmest Holidays since the 1950s under a Historic Heat Dome,,http://www.severe-weather.eu/global-weather/christmas-2025-forecast-warmest-on-record-holidays-historic-heat-dome-united-states-mk/,Severe Weather Europe,"12/21/2025, 08:00 AM, +0000 UTC",heat,2026-06-26T12:05:40.185162+00:00,,,,False,heat_dome,,,,,,2026-06-26T12:26:05.516490+00:00
https://news.sky.com/story/us-suffers-hottest-march-day-ever-recorded-as-heat-dome-drives-up-temperatures-13522180,US suffers hottest March day ever recorded as heat dome drives up temperatures,,https://news.sky.com/story/us-suffers-hottest-march-day-ever-recorded-as-heat-dome-drives-up-temperatures-13522180,Sky News,"03/20/2026, 07:00 AM, +0000 UTC",heat,2026-06-26T12:05:40.185162+00:00,,,,False,heat_dome,,,,,,2026-06-26T12:26:05.516490+00:00
https://www.yahoo.com/news/articles/meteorologist-issues-warning-heat-dome-040000429.html,Meteorologist issues warning as heat dome creeps across country: 'The entire US is going to be hot',,https://www.yahoo.com/news/articles/meteorologist-issues-warning-heat-dome-040000429.html,Yahoo,"03/25/2026, 07:00 AM, +0000 UTC",heat,2026-06-26T12:05:40.185162+00:00,,,,False,heat_dome,,,,,,2026-06-26T12:26:05.516490+00:00
https://www.mensjournal.com/news/excessive-heat-warning-issued-as-100-degree-temperatures-record-march-highs-forecast-this-week,"Excessive Heat Warning Issued as 100-Degree Temperatures, Record March Highs Forecast This Week",,https://www.mensjournal.com/news/excessive-heat-warning-issued-as-100-degree-temperatures-record-march-highs-forecast-this-week,Men's Journal,"03/11/2026, 07:00 AM, +0000 UTC",heat,2026-06-26T12:05:40.185162+00:00,,,,False,heat_warning,,,,,,2026-06-26T12:26:05.516490+00:00
https://www.aol.com/wests-record-shattering-heat-wave-160746066.html,The West's record-shattering heat wave isn't over as heat dome shifts into the Plains,,https://www.aol.com/wests-record-shattering-heat-wave-160746066.html,AOL.com,"03/22/2026, 07:00 AM, +0000 UTC",heat,2026-06-26T12:05:40.185162+00:00,,,,False,heat_dome,,,,,,2026-06-26T12:26:05.516490+00:00
https://www.foxweather.com/weather-news/noaa-warmest-march-ever-recorded-across-lower-48-historic-western-heat-dome,NOAA: Warmest March ever recorded across Lower 48 driven by historic Western heat dome,,https://www.foxweather.com/weather-news/noaa-warmest-march-ever-recorded-across-lower-48-historic-western-heat-dome,FOX Weather,"04/10/2026, 07:00 AM, +0000 UTC",heat,2026-06-26T12:05:40.185162+00:00,,,,False,heat_dome,,,,,,2026-06-26T12:26:05.516490+00:00
https://phys.org/news/2026-03-north-america-dome-left-winners.html,North America 'heat dome' left winners and losers: Study,,https://phys.org/news/2026-03-north-america-dome-left-winners.html,Phys.org,"03/15/2026, 07:00 AM, +0000 UTC",heat,2026-06-26T12:05:40.185162+00:00,,,,False,heat_dome,,,,,,2026-06-26T12:26:05.516490+00:00
https://www.thecooldown.com/outdoors/early-heat-dome-breaks-temperature-records/,Triple-digit heat dome set to break records across 10 states as the West braces for 117 degrees,,https://www.thecooldown.com/outdoors/early-heat-dome-breaks-temperature-records/,The Cool Down,"05/13/2026, 07:00 AM, +0000 UTC",heat,2026-06-26T12:05:40.185162+00:00,,,,False,heat_dome,,,,,,2026-06-26T12:26:05.516490+00:00
https://kube933.iheart.com/content/2026-03-13-all-50-us-states-could-face-extreme-weather-including-blizzard-heat-dome/,"All 50 US States Could Face Extreme Weather Including Blizzard, Heat Dome",,https://kube933.iheart.com/content/2026-03-13-all-50-us-states-could-face-extreme-weather-including-blizzard-heat-dome/,KUBE 93.3,"03/13/2026, 07:00 AM, +0000 UTC",heat,2026-06-26T12:05:40.185162+00:00,,,,False,heat_dome,,,,,,2026-06-26T12:26:05.516490+00:00
https://www.foxweather.com/weather-news/omega-block-majority-us-lull-stagnant-weather,Omega Pattern brings record heat across Central US while storms target Northwest and Northeast,,https://www.foxweather.com/weather-news/omega-block-majority-us-lull-stagnant-weather,FOX Weather,"05/13/2026, 07:00 AM, +0000 UTC",heat,2026-06-26T12:05:40.185162+00:00,,,,False,heat_dome,,,,,,2026-06-26T12:26:05.516490+00:00
https://globalnews.ca/news/11729307/us-weather-blizzard-polar-vortex-heat-dome-atmospheric-river/,"A blizzard, polar vortex, heat dome and atmospheric river: U.S. faces weather chaos - National",,https://globalnews.ca/news/11729307/us-weather-blizzard-polar-vortex-heat-dome-atmospheric-river/,Global News,"03/13/2026, 07:00 AM, +0000 UTC",heat,2026-06-26T12:05:40.185162+00:00,,,,False,heat_dome,,,,,,2026-06-26T12:26:05.516490+00:00
https://www.deseret.com/environment/2026/03/13/massive-heat-dome-over-the-west/,‘Unprecedented’ heat to reach most of the West starting next week,,https://www.deseret.com/environment/2026/03/13/massive-heat-dome-over-the-west/,Deseret News,"03/13/2026, 07:00 AM, +0000 UTC",heat,2026-06-26T12:05:40.185162+00:00,,,,False,heat_event,,,,,,2026-06-26T12:26:05.516490+00:00
https://www.foxweather.com/weather-news/heat-dome-southeast,Life-threatening heat dome broils millions across eastern US as records tumble,,https://www.foxweather.com/weather-news/heat-dome-southeast,FOX Weather,"07/29/2025, 07:00 AM, +0000 UTC",heat,2026-06-26T12:05:40.185162+00:00,,,,False,heat_dome,,,,,,2026-06-26T12:26:05.516490+00:00
https://www.yahoo.com/news/articles/march-heat-dome-raises-hot-144912887.html,"March heat dome raises hot car danger, shuts hiking trails and threatens flower blooms across the West",,https://www.yahoo.com/news/articles/march-heat-dome-raises-hot-144912887.html,Yahoo,"03/20/2026, 07:00 AM, +0000 UTC",heat,2026-06-26T12:05:40.185162+00:00,,,,False,heat_dome,,,,,,2026-06-26T12:26:05.516490+00:00
https://www.greenmatters.com/pn/record-breaking-march-heat-dome-to-hit-west-coast-soon-these-cities-will-face-the-worst-of-it,Record-Breaking March ‘Heat Dome’ To Hit West Coast Soon — These Cities Will Face The Worst of It,,https://www.greenmatters.com/pn/record-breaking-march-heat-dome-to-hit-west-coast-soon-these-cities-will-face-the-worst-of-it,Green Matters,"03/13/2026, 07:00 AM, +0000 UTC",heat,2026-06-26T12:05:40.185162+00:00,,,,False,heat_dome,,,,,,2026-06-26T12:26:05.516490+00:00
